Effective date ,Dow Jones Commodity Index Aluminum,,,,,,,,
11/30/2012,173.1,,,,,,,,
12/3/2012,175.14,,,,,,,,
12/4/2012,172.89,,,,,,,,
12/5/2012,173.74,,,,,,,,
12/6/2012,172.48,,,,,,,,
12/7/2012,172.88,,,,,,,,
12/10/2012,175.96,,,,,,,,
12/11/2012,174.76,,,,,,,,
12/12/2012,176.94,,,,,,,,
12/13/2012,175.95,,,,,,,,
12/14/2012,175.57,,,,,,,,
12/17/2012,174.05,,,,,,,,
12/18/2012,173.58,,,,,,,,
12/19/2012,172.27,,,,,,,,
12/20/2012,170.25,,,,,,,,
12/21/2012,172.12,,,,,,,,
12/24/2012,171.42,,,,,,,,
12/26/2012,171.42,,,,,,,,
12/27/2012,171.83,,,,,,,,
12/28/2012,170.42,,,,,,,,
12/31/2012,171.25,,,,,,,,
1/2/2013,178.4,,,,,,,,
1/3/2013,174.59,,,,,,,,
1/4/2013,169.96,,,,,,,,
1/7/2013,170.17,,,,,,,,
1/8/2013,170.52,,,,,,,,
1/9/2013,171.45,,,,,,,,
1/10/2013,174.83,,,,,,,,
1/11/2013,173.61,,,,,,,,
1/14/2013,169.84,,,,,,,,
1/15/2013,169.78,,,,,,,,
1/16/2013,169.13,,,,,,,,
1/17/2013,169.44,,,,,,,,
1/18/2013,168.94,,,,,,,,
1/22/2013,171.54,,,,,,,,
1/23/2013,171.6,,,,,,,,
1/24/2013,171.62,,,,,,,,
1/25/2013,169.09,,,,,,,,
1/28/2013,169.21,,,,,,,,
1/29/2013,169.98,,,,,,,,
1/30/2013,173.66,,,,,,,,
1/31/2013,172.54,,,,,,,,
2/1/2013,175.28,,,,,,,,
2/4/2013,174.08,,,,,,,,
2/5/2013,173.97,,,,,,,,
2/6/2013,172.74,,,,,,,,
2/7/2013,172.92,,,,,,,,
2/8/2013,174.73,,,,,,,,
2/11/2013,173.49,,,,,,,,
2/12/2013,174.92,,,,,,,,
2/13/2013,176.96,,,,,,,,
2/14/2013,178.11,,,,,,,,
2/15/2013,179.06,,,,,,,,
2/19/2013,174.16,,,,,,,,
2/20/2013,173.45,,,,,,,,
2/21/2013,171.13,,,,,,,,
2/22/2013,168.67,,,,,,,,
2/25/2013,167.68,,,,,,,,
2/26/2013,166.37,,,,,,,,
2/27/2013,166.12,,,,,,,,
2/28/2013,164.85,,,,,,,,
3/1/2013,162.3,,,,,,,,
3/4/2013,161.99,,,,,,,,
3/5/2013,162.28,,,,,,,,
3/6/2013,160.34,,,,,,,,
3/7/2013,162.66,,,,,,,,
3/8/2013,161.77,,,,,,,,
3/11/2013,160.75,,,,,,,,
3/12/2013,163.42,,,,,,,,
3/13/2013,162.32,,,,,,,,
3/14/2013,163.44,,,,,,,,
3/15/2013,162.13,,,,,,,,
3/18/2013,159.68,,,,,,,,
3/19/2013,159.74,,,,,,,,
3/20/2013,160.2,,,,,,,,
3/21/2013,159.45,,,,,,,,
3/22/2013,161.18,,,,,,,,
3/25/2013,159.56,,,,,,,,
3/26/2013,157.87,,,,,,,,
3/27/2013,158.54,,,,,,,,
3/28/2013,157.62,,,,,,,,
4/1/2013,157.62,,,,,,,,
4/2/2013,155.57,,,,,,,,
4/3/2013,154.57,,,,,,,,
4/4/2013,155.82,,,,,,,,
4/5/2013,155.62,,,,,,,,
4/8/2013,156.07,,,,,,,,
4/9/2013,158.76,,,,,,,,
4/10/2013,158.38,,,,,,,,
4/11/2013,157.64,,,,,,,,
4/12/2013,153.84,,,,,,,,
4/15/2013,154.9,,,,,,,,
4/16/2013,159.08,,,,,,,,
4/17/2013,157.6,,,,,,,,
4/18/2013,159.04,,,,,,,,
4/19/2013,156.92,,,,,,,,
4/22/2013,157.33,,,,,,,,
4/23/2013,157.52,,,,,,,,
4/24/2013,158.56,,,,,,,,
4/25/2013,161.03,,,,,,,,
4/26/2013,155.42,,,,,,,,
4/29/2013,156.69,,,,,,,,
4/30/2013,154.3,,,,,,,,
5/1/2013,150.37,,,,,,,,
5/2/2013,149.27,,,,,,,,
5/3/2013,155.28,,,,,,,,
5/6/2013,155.28,,,,,,,,
5/7/2013,155.36,,,,,,,,
5/8/2013,157.69,,,,,,,,
5/9/2013,156.28,,,,,,,,
5/10/2013,154.63,,,,,,,,
5/13/2013,154.24,,,,,,,,
5/14/2013,153.39,,,,,,,,
5/15/2013,151.89,,,,,,,,
5/16/2013,152.93,,,,,,,,
5/17/2013,152.66,,,,,,,,
5/20/2013,153.45,,,,,,,,
5/21/2013,153.47,,,,,,,,
5/22/2013,155.3,,,,,,,,
5/23/2013,152.43,,,,,,,,
5/24/2013,151.56,,,,,,,,
5/28/2013,152.41,,,,,,,,
5/29/2013,153.18,,,,,,,,
5/30/2013,156.88,,,,,,,,
5/31/2013,156.77,,,,,,,,
6/3/2013,158.16,,,,,,,,
6/4/2013,159.83,,,,,,,,
6/5/2013,161.99,,,,,,,,
6/6/2013,161.24,,,,,,,,
6/7/2013,159.53,,,,,,,,
6/10/2013,158.14,,,,,,,,
6/11/2013,155.37,,,,,,,,
6/12/2013,153.69,,,,,,,,
6/13/2013,153.35,,,,,,,,
6/14/2013,152.83,,,,,,,,
6/17/2013,152.08,,,,,,,,
6/18/2013,151.81,,,,,,,,
6/19/2013,150.83,,,,,,,,
6/20/2013,148.09,,,,,,,,
6/21/2013,147.7,,,,,,,,
6/24/2013,145.82,,,,,,,,
6/25/2013,146.84,,,,,,,,
6/26/2013,145.72,,,,,,,,
6/27/2013,145.16,,,,,,,,
6/28/2013,145.82,,,,,,,,
7/1/2013,150.25,,,,,,,,
7/2/2013,150.66,,,,,,,,
7/3/2013,148.5,,,,,,,,
7/5/2013,145.12,,,,,,,,
7/8/2013,148.1,,,,,,,,
7/9/2013,147.26,,,,,,,,
7/10/2013,149.77,,,,,,,,
7/11/2013,151.37,,,,,,,,
7/12/2013,152.47,,,,,,,,
7/15/2013,148.94,,,,,,,,
7/16/2013,149.75,,,,,,,,
7/17/2013,148.75,,,,,,,,
7/18/2013,148.84,,,,,,,,
7/19/2013,150.5,,,,,,,,
7/22/2013,152.26,,,,,,,,
7/23/2013,151.97,,,,,,,,
7/24/2013,152.35,,,,,,,,
7/25/2013,150,,,,,,,,
7/26/2013,147.57,,,,,,,,
7/29/2013,147.4,,,,,,,,
7/30/2013,145.74,,,,,,,,
7/31/2013,148.03,,,,,,,,
8/1/2013,148.69,,,,,,,,
8/2/2013,148.46,,,,,,,,
8/5/2013,147.51,,,,,,,,
8/6/2013,146.49,,,,,,,,
8/7/2013,147.4,,,,,,,,
8/8/2013,151.18,,,,,,,,
8/9/2013,153.98,,,,,,,,
8/12/2013,155.22,,,,,,,,
8/13/2013,155.05,,,,,,,,
8/14/2013,155.96,,,,,,,,
8/15/2013,157.21,,,,,,,,
8/16/2013,160.28,,,,,,,,
8/19/2013,157.58,,,,,,,,
8/20/2013,157.48,,,,,,,,
8/21/2013,156.02,,,,,,,,
8/22/2013,154.92,,,,,,,,
8/23/2013,155.67,,,,,,,,
8/26/2013,155.67,,,,,,,,
8/27/2013,154.9,,,,,,,,
8/28/2013,152.99,,,,,,,,
8/29/2013,150.52,,,,,,,,
8/30/2013,148.71,,,,,,,,
9/3/2013,149.25,,,,,,,,
9/4/2013,146.51,,,,,,,,
9/5/2013,147.14,,,,,,,,
9/6/2013,149.27,,,,,,,,
9/9/2013,147.93,,,,,,,,
9/10/2013,147.45,,,,,,,,
9/11/2013,148.23,,,,,,,,
9/12/2013,149.3,,,,,,,,
9/13/2013,147.74,,,,,,,,
9/16/2013,146.95,,,,,,,,
9/17/2013,146.53,,,,,,,,
9/18/2013,147.13,,,,,,,,
9/19/2013,150.83,,,,,,,,
9/20/2013,148.34,,,,,,,,
9/23/2013,149.67,,,,,,,,
9/24/2013,147.84,,,,,,,,
9/25/2013,148.48,,,,,,,,
9/26/2013,149.85,,,,,,,,
9/27/2013,151.35,,,,,,,,
9/30/2013,151.64,,,,,,,,
10/1/2013,149.98,,,,,,,,
10/2/2013,150.93,,,,,,,,
10/3/2013,149.96,,,,,,,,
10/4/2013,151.39,,,,,,,,
10/7/2013,152.29,,,,,,,,
10/8/2013,153.41,,,,,,,,
10/9/2013,152.99,,,,,,,,
10/10/2013,155.11,,,,,,,,
10/11/2013,155.38,,,,,,,,
10/14/2013,154.24,,,,,,,,
10/15/2013,152.45,,,,,,,,
10/16/2013,153.03,,,,,,,,
10/17/2013,152.43,,,,,,,,
10/18/2013,152.2,,,,,,,,
10/21/2013,152.26,,,,,,,,
10/22/2013,154.67,,,,,,,,
10/23/2013,151.77,,,,,,,,
10/24/2013,153.1,,,,,,,,
10/25/2013,154.78,,,,,,,,
10/28/2013,155.82,,,,,,,,
10/29/2013,154.78,,,,,,,,
10/30/2013,155.57,,,,,,,,
10/31/2013,152.7,,,,,,,,
11/1/2013,151.35,,,,,,,,
11/4/2013,149.4,,,,,,,,
11/5/2013,149,,,,,,,,
11/6/2013,149.27,,,,,,,,
11/7/2013,149.41,,,,,,,,
11/8/2013,149.14,,,,,,,,
11/11/2013,148.69,,,,,,,,
11/12/2013,148.12,,,,,,,,
11/13/2013,147.9,,,,,,,,
11/14/2013,147.55,,,,,,,,
11/15/2013,147.51,,,,,,,,
11/18/2013,146.76,,,,,,,,
11/19/2013,147.69,,,,,,,,
11/20/2013,146.57,,,,,,,,
11/21/2013,146.7,,,,,,,,
11/22/2013,146.56,,,,,,,,
11/25/2013,145.76,,,,,,,,
11/26/2013,145.55,,,,,,,,
11/27/2013,144.14,,,,,,,,
11/29/2013,143.96,,,,,,,,
12/2/2013,142.79,,,,,,,,
12/3/2013,142.48,,,,,,,,
12/4/2013,145.18,,,,,,,,
12/5/2013,143.96,,,,,,,,
12/6/2013,145.96,,,,,,,,
12/9/2013,147.27,,,,,,,,
12/10/2013,148.44,,,,,,,,
12/11/2013,149.83,,,,,,,,
12/12/2013,147.93,,,,,,,,
12/13/2013,148.55,,,,,,,,
12/16/2013,147.96,,,,,,,,
12/17/2013,148.34,,,,,,,,
12/18/2013,148.28,,,,,,,,
12/19/2013,146.16,,,,,,,,
12/20/2013,147.12,,,,,,,,
12/23/2013,144.85,,,,,,,,
12/24/2013,144.7,,,,,,,,
12/26/2013,144.7,,,,,,,,
12/27/2013,148.92,,,,,,,,
12/30/2013,149.79,,,,,,,,
12/31/2013,147.92,,,,,,,,
1/2/2014,148.03,,,,,,,,
1/3/2014,145.43,,,,,,,,
1/6/2014,146.07,,,,,,,,
1/7/2014,146.28,,,,,,,,
1/8/2014,145.82,,,,,,,,
1/9/2014,143.78,,,,,,,,
1/10/2014,145.26,,,,,,,,
1/13/2014,146.55,,,,,,,,
1/14/2014,145.16,,,,,,,,
1/15/2014,147.13,,,,,,,,
1/16/2014,148.36,,,,,,,,
1/17/2014,150.27,,,,,,,,
1/21/2014,148.09,,,,,,,,
1/22/2014,146.78,,,,,,,,
1/23/2014,145.06,,,,,,,,
1/24/2014,144.93,,,,,,,,
1/27/2014,144.2,,,,,,,,
1/28/2014,144.16,,,,,,,,
1/29/2014,143.06,,,,,,,,
1/30/2014,141.9,,,,,,,,
1/31/2014,140.03,,,,,,,,
2/3/2014,137.5,,,,,,,,
2/4/2014,138.35,,,,,,,,
2/5/2014,139.39,,,,,,,,
2/6/2014,140.38,,,,,,,,
2/7/2014,141.08,,,,,,,,
2/10/2014,139.74,,,,,,,,
2/11/2014,140.36,,,,,,,,
2/12/2014,142.93,,,,,,,,
2/13/2014,143.69,,,,,,,,
2/14/2014,143.96,,,,,,,,
2/18/2014,145.43,,,,,,,,
2/19/2014,145.7,,,,,,,,
2/20/2014,145.89,,,,,,,,
2/21/2014,145.76,,,,,,,,
2/24/2014,144.95,,,,,,,,
2/25/2014,145.53,,,,,,,,
2/26/2014,145.8,,,,,,,,
2/27/2014,145.26,,,,,,,,
2/28/2014,144.05,,,,,,,,
3/3/2014,141.03,,,,,,,,
3/4/2014,144.93,,,,,,,,
3/5/2014,145.51,,,,,,,,
3/6/2014,147.28,,,,,,,,
3/7/2014,145.01,,,,,,,,
3/10/2014,146,,,,,,,,
3/11/2014,144.16,,,,,,,,
3/12/2014,145.06,,,,,,,,
3/13/2014,143.83,,,,,,,,
3/14/2014,143.71,,,,,,,,
3/17/2014,142.38,,,,,,,,
3/18/2014,143.27,,,,,,,,
3/19/2014,143.44,,,,,,,,
3/20/2014,141.17,,,,,,,,
3/21/2014,142.17,,,,,,,,
3/24/2014,142.65,,,,,,,,
3/25/2014,144.39,,,,,,,,
3/26/2014,142.38,,,,,,,,
3/27/2014,143.06,,,,,,,,
3/28/2014,144.7,,,,,,,,
3/31/2014,146.93,,,,,,,,
4/1/2014,147.76,,,,,,,,
4/2/2014,150.6,,,,,,,,
4/3/2014,150.98,,,,,,,,
4/4/2014,149.98,,,,,,,,
4/7/2014,149.83,,,,,,,,
4/8/2014,150.16,,,,,,,,
4/9/2014,153.64,,,,,,,,
4/10/2014,156.4,,,,,,,,
4/11/2014,155.82,,,,,,,,
4/14/2014,155.55,,,,,,,,
4/15/2014,153.03,,,,,,,,
4/16/2014,154.94,,,,,,,,
4/17/2014,154.13,,,,,,,,
4/21/2014,154.13,,,,,,,,
4/22/2014,156.21,,,,,,,,
4/23/2014,154.8,,,,,,,,
4/24/2014,154.88,,,,,,,,
4/25/2014,152.78,,,,,,,,
4/28/2014,150.62,,,,,,,,
4/29/2014,149.21,,,,,,,,
4/30/2014,148.01,,,,,,,,
5/1/2014,146.63,,,,,,,,
5/2/2014,146.61,,,,,,,,
5/5/2014,146.61,,,,,,,,
5/6/2014,146.26,,,,,,,,
5/7/2014,145.19,,,,,,,,
5/8/2014,145.2,,,,,,,,
5/9/2014,144.99,,,,,,,,
5/12/2014,147.2,,,,,,,,
5/13/2014,146.93,,,,,,,,
5/14/2014,149.25,,,,,,,,
5/15/2014,146.41,,,,,,,,
5/16/2014,145.95,,,,,,,,
5/19/2014,146.26,,,,,,,,
5/20/2014,145.93,,,,,,,,
5/21/2014,145.72,,,,,,,,
5/22/2014,148.09,,,,,,,,
5/23/2014,149.61,,,,,,,,
5/27/2014,150.6,,,,,,,,
5/28/2014,151.64,,,,,,,,
5/29/2014,152.24,,,,,,,,
5/30/2014,151.91,,,,,,,,
6/2/2014,152.7,,,,,,,,
6/3/2014,153.26,,,,,,,,
6/4/2014,152.29,,,,,,,,
6/5/2014,153.12,,,,,,,,
6/6/2014,155.76,,,,,,,,
6/9/2014,158.24,,,,,,,,
6/10/2014,156.98,,,,,,,,
6/11/2014,154.08,,,,,,,,
6/12/2014,152.31,,,,,,,,
6/13/2014,152.39,,,,,,,,
6/16/2014,152.91,,,,,,,,
6/17/2014,152.76,,,,,,,,
6/18/2014,154.67,,,,,,,,
6/19/2014,155.98,,,,,,,,
6/20/2014,155.8,,,,,,,,
6/23/2014,156.13,,,,,,,,
6/24/2014,156.9,,,,,,,,
6/25/2014,157.13,,,,,,,,
6/26/2014,156.67,,,,,,,,
6/27/2014,155.59,,,,,,,,
6/30/2014,156.15,,,,,,,,
7/1/2014,155.92,,,,,,,,
7/2/2014,159.33,,,,,,,,
7/3/2014,160.16,,,,,,,,
7/7/2014,158.87,,,,,,,,
7/8/2014,160.6,,,,,,,,
7/9/2014,160.71,,,,,,,,
7/10/2014,159.52,,,,,,,,
7/11/2014,161.06,,,,,,,,
7/14/2014,161.07,,,,,,,,
7/15/2014,162.55,,,,,,,,
7/16/2014,163.56,,,,,,,,
7/17/2014,165.14,,,,,,,,
7/18/2014,164.46,,,,,,,,
7/21/2014,167.59,,,,,,,,
7/22/2014,169.46,,,,,,,,
7/23/2014,167.16,,,,,,,,
7/24/2014,167.95,,,,,,,,
7/25/2014,165.54,,,,,,,,
7/28/2014,166.99,,,,,,,,
7/29/2014,164.19,,,,,,,,
7/30/2014,167.51,,,,,,,,
7/31/2014,164.98,,,,,,,,
8/1/2014,163.56,,,,,,,,
8/4/2014,167.51,,,,,,,,
8/5/2014,166.37,,,,,,,,
8/6/2014,167.3,,,,,,,,
8/7/2014,167.62,,,,,,,,
8/8/2014,167.57,,,,,,,,
8/11/2014,168.12,,,,,,,,
8/12/2014,169.69,,,,,,,,
8/13/2014,167.64,,,,,,,,
8/14/2014,165.25,,,,,,,,
8/15/2014,165.52,,,,,,,,
8/18/2014,166.99,,,,,,,,
8/19/2014,168.53,,,,,,,,
8/20/2014,171.69,,,,,,,,
8/21/2014,170.29,,,,,,,,
8/22/2014,170.73,,,,,,,,
8/25/2014,170.73,,,,,,,,
8/26/2014,172.29,,,,,,,,
8/27/2014,172.64,,,,,,,,
8/28/2014,172.46,,,,,,,,
8/29/2014,173.7,,,,,,,,
9/2/2014,174.28,,,,,,,,
9/3/2014,171.85,,,,,,,,
9/4/2014,173.99,,,,,,,,
9/5/2014,172.7,,,,,,,,
9/8/2014,172.99,,,,,,,,
9/9/2014,170.76,,,,,,,,
9/10/2014,170.06,,,,,,,,
9/11/2014,168.75,,,,,,,,
9/12/2014,168.05,,,,,,,,
9/15/2014,164.75,,,,,,,,
9/16/2014,167.7,,,,,,,,
9/17/2014,165.35,,,,,,,,
9/18/2014,163.94,,,,,,,,
9/19/2014,163.5,,,,,,,,
9/22/2014,163.48,,,,,,,,
9/23/2014,162.63,,,,,,,,
9/24/2014,163.29,,,,,,,,
9/25/2014,161.26,,,,,,,,
9/26/2014,160.86,,,,,,,,
9/29/2014,162.13,,,,,,,,
9/30/2014,161.9,,,,,,,,
10/1/2014,158.56,,,,,,,,
10/2/2014,155.96,,,,,,,,
10/3/2014,158.04,,,,,,,,
10/6/2014,159.33,,,,,,,,
10/7/2014,161.55,,,,,,,,
10/8/2014,160.42,,,,,,,,
10/9/2014,161.55,,,,,,,,
10/10/2014,160.13,,,,,,,,
10/13/2014,161.49,,,,,,,,
10/14/2014,161.86,,,,,,,,
10/15/2014,159.41,,,,,,,,
10/16/2014,158.95,,,,,,,,
10/17/2014,164.1,,,,,,,,
10/20/2014,164.31,,,,,,,,
10/21/2014,166.27,,,,,,,,
10/22/2014,168.51,,,,,,,,
10/23/2014,166.35,,,,,,,,
10/24/2014,164.19,,,,,,,,
10/27/2014,165.68,,,,,,,,
10/28/2014,166.95,,,,,,,,
10/29/2014,170.25,,,,,,,,
10/30/2014,170.67,,,,,,,,
10/31/2014,171.67,,,,,,,,
11/3/2014,173.24,,,,,,,,
11/4/2014,172.21,,,,,,,,
11/5/2014,171.79,,,,,,,,
11/6/2014,173.31,,,,,,,,
11/7/2014,171.32,,,,,,,,
11/10/2014,169.56,,,,,,,,
11/11/2014,170.64,,,,,,,,
11/12/2014,171.85,,,,,,,,
11/13/2014,170,,,,,,,,
11/14/2014,168.38,,,,,,,,
11/17/2014,168.92,,,,,,,,
11/18/2014,167.43,,,,,,,,
11/19/2014,168.09,,,,,,,,
11/20/2014,169.21,,,,,,,,
11/21/2014,171,,,,,,,,
11/24/2014,170.4,,,,,,,,
11/25/2014,170.96,,,,,,,,
11/26/2014,171.79,,,,,,,,
11/28/2014,166.81,,,,,,,,
12/1/2014,168.38,,,,,,,,
12/2/2014,163.9,,,,,,,,
12/3/2014,163.27,,,,,,,,
12/4/2014,165.14,,,,,,,,
12/5/2014,164.13,,,,,,,,
12/8/2014,162.73,,,,,,,,
12/9/2014,163.32,,,,,,,,
12/10/2014,162.29,,,,,,,,
12/11/2014,161.3,,,,,,,,
12/12/2014,160.28,,,,,,,,
12/15/2014,159.1,,,,,,,,
12/16/2014,157.75,,,,,,,,
12/17/2014,158.97,,,,,,,,
12/18/2014,158.12,,,,,,,,
12/19/2014,157.79,,,,,,,,
12/22/2014,155.44,,,,,,,,
12/23/2014,154.45,,,,,,,,
12/24/2014,153.68,,,,,,,,
12/26/2014,153.68,,,,,,,,
12/29/2014,153.64,,,,,,,,
12/30/2014,153.41,,,,,,,,
12/31/2014,152.87,,,,,,,,
1/2/2015,151.1,,,,,,,,
1/5/2015,149.67,,,,,,,,
1/6/2015,147.01,,,,,,,,
1/7/2015,147.4,,,,,,,,
1/8/2015,151.18,,,,,,,,
1/9/2015,149.52,,,,,,,,
1/12/2015,149.7,,,,,,,,
1/13/2015,148.39,,,,,,,,
1/14/2015,147.2,,,,,,,,
1/15/2015,148.48,,,,,,,,
1/16/2015,153.14,,,,,,,,
1/20/2015,153.14,,,,,,,,
1/21/2015,155.46,,,,,,,,
1/22/2015,154.86,,,,,,,,
1/23/2015,151.77,,,,,,,,
1/26/2015,155.86,,,,,,,,
1/27/2015,153.68,,,,,,,,
1/28/2015,153.14,,,,,,,,
1/29/2015,150.54,,,,,,,,
1/30/2015,154.36,,,,,,,,
2/2/2015,154.9,,,,,,,,
2/3/2015,156.42,,,,,,,,
2/4/2015,155.42,,,,,,,,
2/5/2015,156.04,,,,,,,,
2/6/2015,154.94,,,,,,,,
2/9/2015,155.34,,,,,,,,
2/10/2015,152.09,,,,,,,,
2/11/2015,151.03,,,,,,,,
2/12/2015,152.78,,,,,,,,
2/13/2015,152.41,,,,,,,,
2/17/2015,150.85,,,,,,,,
2/18/2015,150.89,,,,,,,,
2/19/2015,150.81,,,,,,,,
2/20/2015,148.73,,,,,,,,
2/23/2015,148.53,,,,,,,,
2/24/2015,150.08,,,,,,,,
2/25/2015,148.82,,,,,,,,
2/26/2015,149.75,,,,,,,,
2/27/2015,150.56,,,,,,,,
3/2/2015,149.38,,,,,,,,
3/3/2015,148.75,,,,,,,,
3/4/2015,149.27,,,,,,,,
3/5/2015,149.31,,,,,,,,
3/6/2015,147.66,,,,,,,,
3/9/2015,147.35,,,,,,,,
3/10/2015,145.85,,,,,,,,
3/11/2015,144.55,,,,,,,,
3/12/2015,144.79,,,,,,,,
3/13/2015,146.8,,,,,,,,
3/16/2015,146.7,,,,,,,,
3/17/2015,148.05,,,,,,,,
3/18/2015,146.24,,,,,,,,
3/19/2015,147.53,,,,,,,,
3/20/2015,148.88,,,,,,,,
3/23/2015,148.96,,,,,,,,
3/24/2015,148.38,,,,,,,,
3/25/2015,147.11,,,,,,,,
3/26/2015,148.26,,,,,,,,
3/27/2015,147.61,,,,,,,,
3/30/2015,148.88,,,,,,,,
3/31/2015,147.84,,,,,,,,
4/1/2015,147.17,,,,,,,,
4/2/2015,147.57,,,,,,,,
4/6/2015,147.57,,,,,,,,
4/7/2015,147.53,,,,,,,,
4/8/2015,146.33,,,,,,,,
4/9/2015,145.64,,,,,,,,
4/10/2015,145.95,,,,,,,,
4/13/2015,146.07,,,,,,,,
4/14/2015,148.17,,,,,,,,
4/15/2015,150.15,,,,,,,,
4/16/2015,150.98,,,,,,,,
4/17/2015,150.58,,,,,,,,
4/20/2015,150.21,,,,,,,,
4/21/2015,150.71,,,,,,,,
4/22/2015,149.83,,,,,,,,
4/23/2015,147.34,,,,,,,,
4/24/2015,151.12,,,,,,,,
4/27/2015,152.33,,,,,,,,
4/28/2015,155.42,,,,,,,,
4/29/2015,156.11,,,,,,,,
4/30/2015,159.76,,,,,,,,
5/1/2015,158.41,,,,,,,,
5/4/2015,158.41,,,,,,,,
5/5/2015,163.69,,,,,,,,
5/6/2015,158.81,,,,,,,,
5/7/2015,155.57,,,,,,,,
5/8/2015,156.13,,,,,,,,
5/11/2015,155.37,,,,,,,,
5/12/2015,156.84,,,,,,,,
5/13/2015,155.88,,,,,,,,
5/14/2015,154.63,,,,,,,,
5/15/2015,153.3,,,,,,,,
5/18/2015,150.48,,,,,,,,
5/19/2015,147.74,,,,,,,,
5/20/2015,147.24,,,,,,,,
5/21/2015,146.24,,,,,,,,
5/22/2015,145.78,,,,,,,,
5/26/2015,144.31,,,,,,,,
5/27/2015,143.04,,,,,,,,
5/28/2015,146.26,,,,,,,,
5/29/2015,143.08,,,,,,,,
6/1/2015,144.89,,,,,,,,
6/2/2015,143.12,,,,,,,,
6/3/2015,144.16,,,,,,,,
6/4/2015,143.37,,,,,,,,
6/5/2015,144.16,,,,,,,,
6/8/2015,144.22,,,,,,,,
6/9/2015,144.54,,,,,,,,
6/10/2015,145.55,,,,,,,,
6/11/2015,144.95,,,,,,,,
6/12/2015,144,,,,,,,,
6/15/2015,141.94,,,,,,,,
6/16/2015,141.09,,,,,,,,
6/17/2015,140.98,,,,,,,,
6/18/2015,140.67,,,,,,,,
6/19/2015,139.8,,,,,,,,
6/22/2015,141.07,,,,,,,,
6/23/2015,142.36,,,,,,,,
6/24/2015,141.63,,,,,,,,
6/25/2015,142.19,,,,,,,,
6/26/2015,140.55,,,,,,,,
6/29/2015,140.07,,,,,,,,
6/30/2015,139.22,,,,,,,,
7/1/2015,142.36,,,,,,,,
7/2/2015,142.09,,,,,,,,
7/6/2015,139.24,,,,,,,,
7/7/2015,136.79,,,,,,,,
7/8/2015,137.44,,,,,,,,
7/9/2015,139.93,,,,,,,,
7/10/2015,139.85,,,,,,,,
7/13/2015,141.28,,,,,,,,
7/14/2015,140.88,,,,,,,,
7/15/2015,141.75,,,,,,,,
7/16/2015,141.52,,,,,,,,
7/17/2015,139.93,,,,,,,,
7/20/2015,139.07,,,,,,,,
7/21/2015,136.66,,,,,,,,
7/22/2015,136.52,,,,,,,,
7/23/2015,134.59,,,,,,,,
7/24/2015,135.29,,,,,,,,
7/27/2015,134.98,,,,,,,,
7/28/2015,136.39,,,,,,,,
7/29/2015,137.02,,,,,,,,
7/30/2015,135.36,,,,,,,,
7/31/2015,133.32,,,,,,,,
8/3/2015,132.82,,,,,,,,
8/4/2015,133.19,,,,,,,,
8/5/2015,131.35,,,,,,,,
8/6/2015,131.18,,,,,,,,
8/7/2015,131.2,,,,,,,,
8/10/2015,133.82,,,,,,,,
8/11/2015,131.47,,,,,,,,
8/12/2015,131.91,,,,,,,,
8/13/2015,130.93,,,,,,,,
8/14/2015,131.51,,,,,,,,
8/17/2015,130.37,,,,,,,,
8/18/2015,129.5,,,,,,,,
8/19/2015,129.71,,,,,,,,
8/20/2015,131.3,,,,,,,,
8/21/2015,129.06,,,,,,,,
8/24/2015,126.76,,,,,,,,
8/25/2015,130,,,,,,,,
8/26/2015,127.81,,,,,,,,
8/27/2015,130.33,,,,,,,,
8/28/2015,134.17,,,,,,,,
8/31/2015,134.17,,,,,,,,
9/1/2015,133.73,,,,,,,,
9/2/2015,133.32,,,,,,,,
9/3/2015,135.71,,,,,,,,
9/4/2015,133.78,,,,,,,,
9/8/2015,135.4,,,,,,,,
9/9/2015,135.16,,,,,,,,
9/10/2015,135.69,,,,,,,,
9/11/2015,135.76,,,,,,,,
9/14/2015,133.96,,,,,,,,
9/15/2015,133.32,,,,,,,,
9/16/2015,134.46,,,,,,,,
9/17/2015,135.04,,,,,,,,
9/18/2015,134.55,,,,,,,,
9/21/2015,133.78,,,,,,,,
9/22/2015,131.3,,,,,,,,
9/23/2015,130.16,,,,,,,,
9/24/2015,130.25,,,,,,,,
9/25/2015,129.25,,,,,,,,
9/28/2015,127.73,,,,,,,,
9/29/2015,128.79,,,,,,,,
9/30/2015,129.85,,,,,,,,
10/1/2015,128.69,,,,,,,,
10/2/2015,128,,,,,,,,
10/5/2015,128.46,,,,,,,,
10/6/2015,127.44,,,,,,,,
10/7/2015,129.42,,,,,,,,
10/8/2015,128.12,,,,,,,,
10/9/2015,132.66,,,,,,,,
10/12/2015,131.15,,,,,,,,
10/13/2015,131.33,,,,,,,,
10/14/2015,131.24,,,,,,,,
10/15/2015,129.62,,,,,,,,
10/16/2015,129.54,,,,,,,,
10/19/2015,127.46,,,,,,,,
10/20/2015,127.03,,,,,,,,
10/21/2015,124.55,,,,,,,,
10/22/2015,122.52,,,,,,,,
10/23/2015,123.08,,,,,,,,
10/26/2015,121.62,,,,,,,,
10/27/2015,121.4,,,,,,,,
10/28/2015,122.12,,,,,,,,
10/29/2015,121.11,,,,,,,,
10/30/2015,121.75,,,,,,,,
11/2/2015,122.97,,,,,,,,
11/3/2015,123.68,,,,,,,,
11/4/2015,124.01,,,,,,,,
11/5/2015,124.76,,,,,,,,
11/6/2015,126.22,,,,,,,,
11/9/2015,125.59,,,,,,,,
11/10/2015,125.48,,,,,,,,
11/11/2015,126.49,,,,,,,,
11/12/2015,124.43,,,,,,,,
11/13/2015,124.39,,,,,,,,
11/16/2015,122.23,,,,,,,,
11/17/2015,122.81,,,,,,,,
11/18/2015,122.64,,,,,,,,
11/19/2015,122.23,,,,,,,,
11/20/2015,120.57,,,,,,,,
11/23/2015,119.63,,,,,,,,
11/24/2015,120.46,,,,,,,,
11/25/2015,121.65,,,,,,,,
11/27/2015,121.48,,,,,,,,
11/30/2015,120.46,,,,,,,,
12/1/2015,122.35,,,,,,,,
12/2/2015,123.72,,,,,,,,
12/3/2015,122.64,,,,,,,,
12/4/2015,125.84,,,,,,,,
12/7/2015,123.34,,,,,,,,
12/8/2015,122.58,,,,,,,,
12/9/2015,123.78,,,,,,,,
12/10/2015,123.91,,,,,,,,
12/11/2015,123.24,,,,,,,,
12/14/2015,124.01,,,,,,,,
12/15/2015,122.23,,,,,,,,
12/16/2015,123.49,,,,,,,,
12/17/2015,122.7,,,,,,,,
12/18/2015,125.16,,,,,,,,
12/21/2015,125.63,,,,,,,,
12/22/2015,125.2,,,,,,,,
12/23/2015,127.61,,,,,,,,
12/24/2015,127.38,,,,,,,,
12/28/2015,127.38,,,,,,,,
12/29/2015,127.52,,,,,,,,
12/30/2015,126.94,,,,,,,,
12/31/2015,125.36,,,,,,,,
1/4/2016,122.48,,,,,,,,
1/5/2016,121.6,,,,,,,,
1/6/2016,122.6,,,,,,,,
1/7/2016,122.48,,,,,,,,
1/8/2016,123.9,,,,,,,,
1/11/2016,121.17,,,,,,,,
1/12/2016,120.44,,,,,,,,
1/13/2016,121.53,,,,,,,,
1/14/2016,123.22,,,,,,,,
1/15/2016,122.39,,,,,,,,
1/19/2016,123.06,,,,,,,,
1/20/2016,122,,,,,,,,
1/21/2016,123.18,,,,,,,,
1/22/2016,123.12,,,,,,,,
1/25/2016,122.58,,,,,,,,
1/26/2016,124.12,,,,,,,,
1/27/2016,126.67,,,,,,,,
1/28/2016,125.55,,,,,,,,
1/29/2016,125.95,,,,,,,,
2/1/2016,126.09,,,,,,,,
2/2/2016,124.37,,,,,,,,
2/3/2016,126.3,,,,,,,,
2/4/2016,127.09,,,,,,,,
2/5/2016,123.95,,,,,,,,
2/8/2016,124.2,,,,,,,,
2/9/2016,122.57,,,,,,,,
2/10/2016,122.56,,,,,,,,
2/11/2016,123.06,,,,,,,,
2/12/2016,124.35,,,,,,,,
2/16/2016,126.38,,,,,,,,
2/17/2016,126.15,,,,,,,,
2/18/2016,126.19,,,,,,,,
2/19/2016,129.08,,,,,,,,
2/22/2016,131.16,,,,,,,,
2/23/2016,128.98,,,,,,,,
2/24/2016,130.56,,,,,,,,
2/25/2016,129.71,,,,,,,,
2/26/2016,129.91,,,,,,,,
2/29/2016,130.91,,,,,,,,
3/1/2016,130.83,,,,,,,,
3/2/2016,132.11,,,,,,,,
3/3/2016,131.14,,,,,,,,
3/4/2016,132.01,,,,,,,,
3/7/2016,132.88,,,,,,,,
3/8/2016,130.27,,,,,,,,
3/9/2016,131.33,,,,,,,,
3/10/2016,129.5,,,,,,,,
3/11/2016,129.62,,,,,,,,
3/14/2016,127.96,,,,,,,,
3/15/2016,126.05,,,,,,,,
3/16/2016,125.01,,,,,,,,
3/17/2016,126.67,,,,,,,,
3/18/2016,125.92,,,,,,,,
3/21/2016,125.07,,,,,,,,
3/22/2016,124.1,,,,,,,,
3/23/2016,122.39,,,,,,,,
3/24/2016,122.06,,,,,,,,
3/28/2016,122.06,,,,,,,,
3/29/2016,123.02,,,,,,,,
3/30/2016,123.62,,,,,,,,
3/31/2016,125.68,,,,,,,,
4/1/2016,126.98,,,,,,,,
4/4/2016,126.88,,,,,,,,
4/5/2016,125.59,,,,,,,,
4/6/2016,125.07,,,,,,,,
4/7/2016,124.15,,,,,,,,
4/8/2016,125.68,,,,,,,,
4/11/2016,124.85,,,,,,,,
4/12/2016,127.07,,,,,,,,
4/13/2016,129.29,,,,,,,,
4/14/2016,129.37,,,,,,,,
4/15/2016,129.08,,,,,,,,
4/18/2016,130.62,,,,,,,,
4/19/2016,131.99,,,,,,,,
4/20/2016,134.82,,,,,,,,
4/21/2016,135.87,,,,,,,,
4/22/2016,137.33,,,,,,,,
4/25/2016,137.47,,,,,,,,
4/26/2016,137.1,,,,,,,,
4/27/2016,136.77,,,,,,,,
4/28/2016,138.62,,,,,,,,
4/29/2016,139.57,,,,,,,,
5/2/2016,139.57,,,,,,,,
5/3/2016,135.4,,,,,,,,
5/4/2016,135.36,,,,,,,,
5/5/2016,133.32,,,,,,,,
5/6/2016,132.45,,,,,,,,
5/9/2016,129.3,,,,,,,,
5/10/2016,128.77,,,,,,,,
5/11/2016,129.62,,,,,,,,
5/12/2016,128.04,,,,,,,,
5/13/2016,127.17,,,,,,,,
5/16/2016,128.21,,,,,,,,
5/17/2016,128.08,,,,,,,,
5/18/2016,128.65,,,,,,,,
5/19/2016,128.11,,,,,,,,
5/20/2016,128.25,,,,,,,,
5/23/2016,128.77,,,,,,,,
5/24/2016,128.96,,,,,,,,
5/25/2016,127.94,,,,,,,,
5/26/2016,128.87,,,,,,,,
5/27/2016,128.83,,,,,,,,
5/31/2016,128.73,,,,,,,,
6/1/2016,129.81,,,,,,,,
6/2/2016,127.42,,,,,,,,
6/3/2016,127.79,,,,,,,,
6/6/2016,128.4,,,,,,,,
6/7/2016,129.46,,,,,,,,
6/8/2016,132.86,,,,,,,,
6/9/2016,130.69,,,,,,,,
6/10/2016,130.47,,,,,,,,
6/13/2016,132.74,,,,,,,,
6/14/2016,133.59,,,,,,,,
6/15/2016,134.84,,,,,,,,
6/16/2016,132.97,,,,,,,,
6/17/2016,133.88,,,,,,,,
6/20/2016,135.37,,,,,,,,
6/21/2016,135.56,,,,,,,,
6/22/2016,135.54,,,,,,,,
6/23/2016,136.19,,,,,,,,
6/24/2016,134.13,,,,,,,,
6/27/2016,132.34,,,,,,,,
6/28/2016,134.67,,,,,,,,
6/29/2016,135.75,,,,,,,,
6/30/2016,136.93,,,,,,,,
7/1/2016,138.1,,,,,,,,
7/5/2016,137.18,,,,,,,,
7/6/2016,136.93,,,,,,,,
7/7/2016,135.71,,,,,,,,
7/8/2016,137.89,,,,,,,,
7/11/2016,136.95,,,,,,,,
7/12/2016,138.88,,,,,,,,
7/13/2016,138.7,,,,,,,,
7/14/2016,139.63,,,,,,,,
7/15/2016,138.33,,,,,,,,
7/18/2016,137.49,,,,,,,,
7/19/2016,136.48,,,,,,,,
7/20/2016,134.67,,,,,,,,
7/21/2016,132.65,,,,,,,,
7/22/2016,133.44,,,,,,,,
7/25/2016,132.92,,,,,,,,
7/26/2016,131.84,,,,,,,,
7/27/2016,131.8,,,,,,,,
7/28/2016,133.22,,,,,,,,
7/29/2016,136.29,,,,,,,,
8/1/2016,135.38,,,,,,,,
8/2/2016,134.5,,,,,,,,
8/3/2016,135.92,,,,,,,,
8/4/2016,134.23,,,,,,,,
8/5/2016,136.1,,,,,,,,
8/8/2016,135.98,,,,,,,,
8/9/2016,135.99,,,,,,,,
8/10/2016,136.46,,,,,,,,
8/11/2016,137.02,,,,,,,,
8/12/2016,137.18,,,,,,,,
8/15/2016,138.97,,,,,,,,
8/16/2016,140.38,,,,,,,,
8/17/2016,140.49,,,,,,,,
8/18/2016,139.55,,,,,,,,
8/19/2016,138.2,,,,,,,,
8/22/2016,138.22,,,,,,,,
8/23/2016,138.35,,,,,,,,
8/24/2016,136.44,,,,,,,,
8/25/2016,136.27,,,,,,,,
8/26/2016,136.04,,,,,,,,
8/29/2016,136.04,,,,,,,,
8/30/2016,134.86,,,,,,,,
8/31/2016,133.42,,,,,,,,
9/1/2016,133.42,,,,,,,,
9/2/2016,131.68,,,,,,,,
9/6/2016,131.3,,,,,,,,
9/7/2016,131.62,,,,,,,,
9/8/2016,131.45,,,,,,,,
9/9/2016,130.46,,,,,,,,
9/12/2016,129.65,,,,,,,,
9/13/2016,129.49,,,,,,,,
9/14/2016,131.24,,,,,,,,
9/15/2016,130.16,,,,,,,,
9/16/2016,130.49,,,,,,,,
9/19/2016,131.06,,,,,,,,
9/20/2016,130.58,,,,,,,,
9/21/2016,131.22,,,,,,,,
9/22/2016,135.54,,,,,,,,
9/23/2016,135.75,,,,,,,,
9/26/2016,137.64,,,,,,,,
9/27/2016,136.81,,,,,,,,
9/28/2016,137.97,,,,,,,,
9/29/2016,138.49,,,,,,,,
9/30/2016,138.66,,,,,,,,
10/3/2016,138.95,,,,,,,,
10/4/2016,138.28,,,,,,,,
10/5/2016,138.78,,,,,,,,
10/6/2016,138.97,,,,,,,,
10/7/2016,138.89,,,,,,,,
10/10/2016,140.12,,,,,,,,
10/11/2016,139.22,,,,,,,,
10/12/2016,139.77,,,,,,,,
10/13/2016,140.4,,,,,,,,
10/14/2016,138.93,,,,,,,,
10/17/2016,137.68,,,,,,,,
10/18/2016,136.12,,,,,,,,
10/19/2016,135.36,,,,,,,,
10/20/2016,133.73,,,,,,,,
10/21/2016,134.82,,,,,,,,
10/24/2016,135.23,,,,,,,,
10/25/2016,138.43,,,,,,,,
10/26/2016,139.3,,,,,,,,
10/27/2016,141.05,,,,,,,,
10/28/2016,142.77,,,,,,,,
10/31/2016,144.04,,,,,,,,
11/1/2016,144.06,,,,,,,,
11/2/2016,143.33,,,,,,,,
11/3/2016,143.77,,,,,,,,
11/4/2016,142.83,,,,,,,,
11/7/2016,143.24,,,,,,,,
11/8/2016,143.61,,,,,,,,
11/9/2016,145.45,,,,,,,,
11/10/2016,146.9,,,,,,,,
11/11/2016,144.79,,,,,,,,
11/14/2016,143.96,,,,,,,,
11/15/2016,144.02,,,,,,,,
11/16/2016,140.86,,,,,,,,
11/17/2016,140.13,,,,,,,,
11/18/2016,140.74,,,,,,,,
11/21/2016,142.98,,,,,,,,
11/22/2016,146.18,,,,,,,,
11/23/2016,147.57,,,,,,,,
11/25/2016,145.8,,,,,,,,
11/28/2016,144.91,,,,,,,,
11/29/2016,142.75,,,,,,,,
11/30/2016,143.66,,,,,,,,
12/1/2016,142.73,,,,,,,,
12/2/2016,142.13,,,,,,,,
12/5/2016,143.81,,,,,,,,
12/6/2016,141.71,,,,,,,,
12/7/2016,141.66,,,,,,,,
12/8/2016,143.08,,,,,,,,
12/9/2016,145.25,,,,,,,,
12/12/2016,143.69,,,,,,,,
12/13/2016,144.54,,,,,,,,
12/14/2016,144.93,,,,,,,,
12/15/2016,144.04,,,,,,,,
12/16/2016,142.46,,,,,,,,
12/19/2016,142.11,,,,,,,,
12/20/2016,142.81,,,,,,,,
12/21/2016,143.25,,,,,,,,
12/22/2016,143,,,,,,,,
12/23/2016,142.73,,,,,,,,
12/27/2016,142.73,,,,,,,,
12/28/2016,141.46,,,,,,,,
12/29/2016,139.28,,,,,,,,
12/30/2016,140.44,,,,,,,,
1/3/2017,139.86,,,,,,,,
1/4/2017,139.7,,,,,,,,
1/5/2017,141.11,,,,,,,,
1/6/2017,142.04,,,,,,,,
1/9/2017,143.2,,,,,,,,
1/10/2017,145.13,,,,,,,,
1/11/2017,145.9,,,,,,,,
1/12/2017,148.52,,,,,,,,
1/13/2017,150.15,,,,,,,,
1/17/2017,149.23,,,,,,,,
1/18/2017,152.33,,,,,,,,
1/19/2017,151.62,,,,,,,,
1/20/2017,153.3,,,,,,,,
1/23/2017,153.51,,,,,,,,
1/24/2017,154.92,,,,,,,,
1/25/2017,152.04,,,,,,,,
1/26/2017,150.87,,,,,,,,
1/27/2017,150.52,,,,,,,,
1/30/2017,149.29,,,,,,,,
1/31/2017,150.77,,,,,,,,
2/1/2017,150.69,,,,,,,,
2/2/2017,151.47,,,,,,,,
2/3/2017,151.83,,,,,,,,
2/6/2017,151.81,,,,,,,,
2/7/2017,151.5,,,,,,,,
2/8/2017,152.98,,,,,,,,
2/9/2017,153.27,,,,,,,,
2/10/2017,155.36,,,,,,,,
2/13/2017,155.17,,,,,,,,
2/14/2017,156.46,,,,,,,,
2/15/2017,158.62,,,,,,,,
2/16/2017,157.25,,,,,,,,
2/17/2017,155.88,,,,,,,,
2/21/2017,156.42,,,,,,,,
2/22/2017,156.36,,,,,,,,
2/23/2017,154.94,,,,,,,,
2/24/2017,156.52,,,,,,,,
2/27/2017,157.83,,,,,,,,
2/28/2017,159.8,,,,,,,,
3/1/2017,161.9,,,,,,,,
3/2/2017,158.6,,,,,,,,
3/3/2017,156.96,,,,,,,,
3/6/2017,155.48,,,,,,,,
3/7/2017,155.53,,,,,,,,
3/8/2017,155.65,,,,,,,,
3/9/2017,154.87,,,,,,,,
3/10/2017,155.9,,,,,,,,
3/13/2017,155.96,,,,,,,,
3/14/2017,154.2,,,,,,,,
3/15/2017,156.48,,,,,,,,
3/16/2017,157.58,,,,,,,,
3/17/2017,158.79,,,,,,,,
3/20/2017,159.43,,,,,,,,
3/21/2017,159.83,,,,,,,,
3/22/2017,159.58,,,,,,,,
3/23/2017,160.47,,,,,,,,
3/24/2017,160.95,,,,,,,,
3/27/2017,160.14,,,,,,,,
3/28/2017,161.28,,,,,,,,
3/29/2017,162.67,,,,,,,,
3/30/2017,163.63,,,,,,,,
3/31/2017,162.8,,,,,,,,
4/3/2017,161.86,,,,,,,,
4/4/2017,160.66,,,,,,,,
4/5/2017,162.55,,,,,,,,
4/6/2017,161.82,,,,,,,,
4/7/2017,162.51,,,,,,,,
4/10/2017,159.63,,,,,,,,
4/11/2017,159.26,,,,,,,,
4/12/2017,157.47,,,,,,,,
4/13/2017,158.45,,,,,,,,
4/17/2017,158.45,,,,,,,,
4/18/2017,156.88,,,,,,,,
4/19/2017,157.85,,,,,,,,
4/20/2017,161.24,,,,,,,,
4/21/2017,160.37,,,,,,,,
4/24/2017,161.34,,,,,,,,
4/25/2017,162.8,,,,,,,,
4/26/2017,162.92,,,,,,,,
4/27/2017,159.53,,,,,,,,
4/28/2017,158.48,,,,,,,,
5/1/2017,158.48,,,,,,,,
5/2/2017,159.97,,,,,,,,
5/3/2017,159.45,,,,,,,,
5/4/2017,158.48,,,,,,,,
5/5/2017,157.72,,,,,,,,
5/8/2017,155.82,,,,,,,,
5/9/2017,155.13,,,,,,,,
5/10/2017,154.78,,,,,,,,
5/11/2017,155.67,,,,,,,,
5/12/2017,156.98,,,,,,,,
5/15/2017,158.06,,,,,,,,
5/16/2017,159.53,,,,,,,,
5/17/2017,159.7,,,,,,,,
5/18/2017,159.58,,,,,,,,
5/19/2017,161.3,,,,,,,,
5/22/2017,160.8,,,,,,,,
5/23/2017,161.26,,,,,,,,
5/24/2017,161.38,,,,,,,,
5/25/2017,162.63,,,,,,,,
5/26/2017,161.82,,,,,,,,
5/30/2017,159.66,,,,,,,,
5/31/2017,159.85,,,,,,,,
6/1/2017,159.74,,,,,,,,
6/2/2017,160.05,,,,,,,,
6/5/2017,157.67,,,,,,,,
6/6/2017,157.54,,,,,,,,
6/7/2017,157.96,,,,,,,,
6/8/2017,157.76,,,,,,,,
6/9/2017,158.16,,,,,,,,
6/12/2017,156.64,,,,,,,,
6/13/2017,156.69,,,,,,,,
6/14/2017,156.13,,,,,,,,
6/15/2017,155.19,,,,,,,,
6/16/2017,154.8,,,,,,,,
6/19/2017,156.36,,,,,,,,
6/20/2017,156.34,,,,,,,,
6/21/2017,154.74,,,,,,,,
6/22/2017,155.01,,,,,,,,
6/23/2017,154.61,,,,,,,,
6/26/2017,154.3,,,,,,,,
6/27/2017,156.09,,,,,,,,
6/28/2017,157.17,,,,,,,,
6/29/2017,158.75,,,,,,,,
6/30/2017,159.06,,,,,,,,
7/3/2017,159.66,,,,,,,,
7/5/2017,159.78,,,,,,,,
7/6/2017,161.03,,,,,,,,
7/7/2017,159.89,,,,,,,,
7/10/2017,157.06,,,,,,,,
7/11/2017,157.34,,,,,,,,
7/12/2017,156.5,,,,,,,,
7/13/2017,159.44,,,,,,,,
7/14/2017,159.85,,,,,,,,
7/17/2017,158.97,,,,,,,,
7/18/2017,160.01,,,,,,,,
7/19/2017,159.08,,,,,,,,
7/20/2017,158.77,,,,,,,,
7/21/2017,158.64,,,,,,,,
7/24/2017,158.33,,,,,,,,
7/25/2017,159.8,,,,,,,,
7/26/2017,160.78,,,,,,,,
7/27/2017,160.37,,,,,,,,
7/28/2017,157.69,,,,,,,,
7/31/2017,158.58,,,,,,,,
8/1/2017,157.64,,,,,,,,
8/2/2017,159.2,,,,,,,,
8/3/2017,158.39,,,,,,,,
8/4/2017,157.89,,,,,,,,
8/7/2017,162.48,,,,,,,,
8/8/2017,168.12,,,,,,,,
8/9/2017,168.06,,,,,,,,
8/10/2017,168.89,,,,,,,,
8/11/2017,169.51,,,,,,,,
8/14/2017,167.74,,,,,,,,
8/15/2017,169.86,,,,,,,,
8/16/2017,173.64,,,,,,,,
8/17/2017,172.1,,,,,,,,
8/18/2017,170.92,,,,,,,,
8/21/2017,172.41,,,,,,,,
8/22/2017,171.87,,,,,,,,
8/23/2017,173.68,,,,,,,,
8/24/2017,174.47,,,,,,,,
8/25/2017,171.46,,,,,,,,
8/28/2017,171.46,,,,,,,,
8/29/2017,173.51,,,,,,,,
8/30/2017,172.87,,,,,,,,
8/31/2017,175.32,,,,,,,,
9/1/2017,176.84,,,,,,,,
9/5/2017,173.35,,,,,,,,
9/6/2017,174.03,,,,,,,,
9/7/2017,174.16,,,,,,,,
9/8/2017,173.58,,,,,,,,
9/11/2017,175.44,,,,,,,,
9/12/2017,176.66,,,,,,,,
9/13/2017,174.5,,,,,,,,
9/14/2017,173.68,,,,,,,,
9/15/2017,172.64,,,,,,,,
9/18/2017,172.81,,,,,,,,
9/19/2017,175.76,,,,,,,,
9/20/2017,180.08,,,,,,,,
9/21/2017,179.62,,,,,,,,
9/22/2017,178.56,,,,,,,,
9/25/2017,177.61,,,,,,,,
9/26/2017,175.61,,,,,,,,
9/27/2017,176.07,,,,,,,,
9/28/2017,176.01,,,,,,,,
9/29/2017,173.58,,,,,,,,
10/2/2017,173.47,,,,,,,,
10/3/2017,176.01,,,,,,,,
10/4/2017,178.92,,,,,,,,
10/5/2017,179.39,,,,,,,,
10/6/2017,178.08,,,,,,,,
10/9/2017,179.86,,,,,,,,
10/10/2017,179.11,,,,,,,,
10/11/2017,176.54,,,,,,,,
10/12/2017,178.08,,,,,,,,
10/13/2017,177.03,,,,,,,,
10/16/2017,177,,,,,,,,
10/17/2017,177.32,,,,,,,,
10/18/2017,175.78,,,,,,,,
10/19/2017,178.52,,,,,,,,
10/20/2017,177.07,,,,,,,,
10/23/2017,177.11,,,,,,,,
10/24/2017,178.67,,,,,,,,
10/25/2017,181.28,,,,,,,,
10/26/2017,181.64,,,,,,,,
10/27/2017,179.68,,,,,,,,
10/30/2017,179.1,,,,,,,,
10/31/2017,178.85,,,,,,,,
11/1/2017,180.97,,,,,,,,
11/2/2017,179.9,,,,,,,,
11/3/2017,180.81,,,,,,,,
11/6/2017,179.56,,,,,,,,
11/7/2017,176.38,,,,,,,,
11/8/2017,174.55,,,,,,,,
11/9/2017,173.29,,,,,,,,
11/10/2017,174.06,,,,,,,,
11/13/2017,174.74,,,,,,,,
11/14/2017,172.52,,,,,,,,
11/15/2017,174.51,,,,,,,,
11/16/2017,174.18,,,,,,,,
11/17/2017,174.35,,,,,,,,
11/20/2017,172.81,,,,,,,,
11/21/2017,172.5,,,,,,,,
11/22/2017,174.55,,,,,,,,
11/24/2017,176.65,,,,,,,,
11/27/2017,176.84,,,,,,,,
11/28/2017,174.1,,,,,,,,
11/29/2017,171.21,,,,,,,,
11/30/2017,169.46,,,,,,,,
12/1/2017,171.65,,,,,,,,
12/4/2017,171.11,,,,,,,,
12/5/2017,169.71,,,,,,,,
12/6/2017,166.95,,,,,,,,
12/7/2017,166.31,,,,,,,,
12/8/2017,166.46,,,,,,,,
12/11/2017,167.46,,,,,,,,
12/12/2017,167.1,,,,,,,,
12/13/2017,166.62,,,,,,,,
12/14/2017,169.98,,,,,,,,
12/15/2017,171.38,,,,,,,,
12/18/2017,171.98,,,,,,,,
12/19/2017,174.05,,,,,,,,
12/20/2017,175.99,,,,,,,,
12/21/2017,178.19,,,,,,,,
12/22/2017,182.09,,,,,,,,
12/26/2017,182.09,,,,,,,,
12/27/2017,187.12,,,,,,,,
12/28/2017,189.76,,,,,,,,
12/29/2017,188.35,,,,,,,,
1/2/2018,187.97,,,,,,,,
1/3/2018,184.75,,,,,,,,
1/4/2018,186.54,,,,,,,,
1/5/2018,182.57,,,,,,,,
1/8/2018,180.24,,,,,,,,
1/9/2018,178.37,,,,,,,,
1/10/2018,180.93,,,,,,,,
1/11/2018,180.47,,,,,,,,
1/12/2018,183.69,,,,,,,,
1/16/2018,181.6,,,,,,,,
1/17/2018,181.95,,,,,,,,
1/18/2018,186.08,,,,,,,,
1/19/2018,184.34,,,,,,,,
1/22/2018,186.62,,,,,,,,
1/23/2018,184.96,,,,,,,,
1/24/2018,186.62,,,,,,,,
1/25/2018,185.85,,,,,,,,
1/26/2018,187.18,,,,,,,,
1/29/2018,184.42,,,,,,,,
1/30/2018,182.88,,,,,,,,
1/31/2018,183.94,,,,,,,,
2/1/2018,184.38,,,,,,,,
2/2/2018,183.09,,,,,,,,
2/5/2018,183.13,,,,,,,,
2/6/2018,179.66,,,,,,,,
2/7/2018,178.91,,,,,,,,
2/8/2018,180.07,,,,,,,,
2/9/2018,176.23,,,,,,,,
2/12/2018,176.43,,,,,,,,
2/13/2018,177.48,,,,,,,,
2/14/2018,180.7,,,,,,,,
2/15/2018,179.62,,,,,,,,
2/16/2018,183.38,,,,,,,,
2/20/2018,181.6,,,,,,,,
2/21/2018,182.9,,,,,,,,
2/22/2018,181.45,,,,,,,,
2/23/2018,177.57,,,,,,,,
2/26/2018,177.36,,,,,,,,
2/27/2018,178.06,,,,,,,,
2/28/2018,176.98,,,,,,,,
3/1/2018,178.17,,,,,,,,
3/2/2018,178.29,,,,,,,,
3/5/2018,177.9,,,,,,,,
3/6/2018,177.77,,,,,,,,
3/7/2018,173.53,,,,,,,,
3/8/2018,174.35,,,,,,,,
3/9/2018,175.58,,,,,,,,
3/12/2018,173.17,,,,,,,,
3/13/2018,174.3,,,,,,,,
3/14/2018,173.14,,,,,,,,
3/15/2018,172.73,,,,,,,,
3/16/2018,172.79,,,,,,,,
3/19/2018,173.04,,,,,,,,
3/20/2018,171.96,,,,,,,,
3/21/2018,172.43,,,,,,,,
3/22/2018,171.83,,,,,,,,
3/23/2018,169.78,,,,,,,,
3/26/2018,169.78,,,,,,,,
3/27/2018,169.09,,,,,,,,
3/28/2018,167.66,,,,,,,,
3/29/2018,165.87,,,,,,,,
4/2/2018,165.87,,,,,,,,
4/3/2018,163.67,,,,,,,,
4/4/2018,164.54,,,,,,,,
4/5/2018,166.04,,,,,,,,
4/6/2018,169.12,,,,,,,,
4/9/2018,178.36,,,,,,,,
4/10/2018,183.35,,,,,,,,
4/11/2018,187.44,,,,,,,,
4/12/2018,194.52,,,,,,,,
4/13/2018,190.36,,,,,,,,
4/16/2018,200.08,,,,,,,,
4/17/2018,200.42,,,,,,,,
4/18/2018,211.47,,,,,,,,
4/19/2018,207.44,,,,,,,,
4/20/2018,206.23,,,,,,,,
4/23/2018,191.03,,,,,,,,
4/24/2018,185.09,,,,,,,,
4/25/2018,186.58,,,,,,,,
4/26/2018,189.41,,,,,,,,
4/27/2018,185,,,,,,,,
4/30/2018,188.2,,,,,,,,
5/1/2018,188.45,,,,,,,,
5/2/2018,194.06,,,,,,,,
5/3/2018,189.53,,,,,,,,
5/4/2018,197.67,,,,,,,,
5/7/2018,197.67,,,,,,,,
5/8/2018,198.53,,,,,,,,
5/9/2018,198.09,,,,,,,,
5/10/2018,194.92,,,,,,,,
5/11/2018,190.98,,,,,,,,
5/14/2018,194.06,,,,,,,,
5/15/2018,195.18,,,,,,,,
5/16/2018,195.47,,,,,,,,
5/17/2018,192.85,,,,,,,,
5/18/2018,190.15,,,,,,,,
5/21/2018,191.23,,,,,,,,
5/22/2018,190.01,,,,,,,,
5/23/2018,190.07,,,,,,,,
5/24/2018,191.4,,,,,,,,
5/25/2018,189.41,,,,,,,,
5/29/2018,190.34,,,,,,,,
5/30/2018,189.99,,,,,,,,
5/31/2018,191.94,,,,,,,,
6/1/2018,193.56,,,,,,,,
6/4/2018,194.31,,,,,,,,
6/5/2018,193.73,,,,,,,,
6/6/2018,196.59,,,,,,,,
6/7/2018,193.12,,,,,,,,
6/8/2018,192,,,,,,,,
6/11/2018,191.9,,,,,,,,
6/12/2018,191.59,,,,,,,,
6/13/2018,188.93,,,,,,,,
6/14/2018,187.31,,,,,,,,
6/15/2018,182.92,,,,,,,,
6/18/2018,184.15,,,,,,,,
6/19/2018,180.08,,,,,,,,
6/20/2018,179.68,,,,,,,,
6/21/2018,180.81,,,,,,,,
6/22/2018,180.45,,,,,,,,
6/25/2018,178.77,,,,,,,,
6/26/2018,178.87,,,,,,,,
6/27/2018,180.39,,,,,,,,
6/28/2018,178.62,,,,,,,,
6/29/2018,176.73,,,,,,,,
7/2/2018,173.74,,,,,,,,
7/3/2018,172.04,,,,,,,,
7/5/2018,171.83,,,,,,,,
7/6/2018,171.77,,,,,,,,
7/9/2018,175.19,,,,,,,,
7/10/2018,172.68,,,,,,,,
7/11/2018,170.32,,,,,,,,
7/12/2018,168.94,,,,,,,,
7/13/2018,168.2,,,,,,,,
7/16/2018,170.19,,,,,,,,
7/17/2018,168.3,,,,,,,,
7/18/2018,167.91,,,,,,,,
7/19/2018,165.79,,,,,,,,
7/20/2018,168.57,,,,,,,,
7/23/2018,171.65,,,,,,,,
7/24/2018,172.87,,,,,,,,
7/25/2018,171.02,,,,,,,,
7/26/2018,171.5,,,,,,,,
7/27/2018,171.87,,,,,,,,
7/30/2018,173.64,,,,,,,,
7/31/2018,172.48,,,,,,,,
8/1/2018,169.96,,,,,,,,
8/2/2018,168.4,,,,,,,,
8/3/2018,167.74,,,,,,,,
8/6/2018,169.13,,,,,,,,
8/7/2018,168.88,,,,,,,,
8/8/2018,174.82,,,,,,,,
8/9/2018,172.71,,,,,,,,
8/10/2018,174.92,,,,,,,,
8/13/2018,173.12,,,,,,,,
8/14/2018,171.83,,,,,,,,
8/15/2018,167.89,,,,,,,,
8/16/2018,169.75,,,,,,,,
8/17/2018,168.28,,,,,,,,
8/20/2018,170.4,,,,,,,,
8/21/2018,170.23,,,,,,,,
8/22/2018,171.13,,,,,,,,
8/23/2018,172,,,,,,,,
8/24/2018,173.68,,,,,,,,
8/27/2018,173.68,,,,,,,,
8/28/2018,176.82,,,,,,,,
8/29/2018,180,,,,,,,,
8/30/2018,176.76,,,,,,,,
8/31/2018,176.01,,,,,,,,
9/4/2018,170.5,,,,,,,,
9/5/2018,170.94,,,,,,,,
9/6/2018,168.13,,,,,,,,
9/7/2018,170.59,,,,,,,,
9/10/2018,172.8,,,,,,,,
9/11/2018,168.71,,,,,,,,
9/12/2018,170.52,,,,,,,,
9/13/2018,170.79,,,,,,,,
9/14/2018,169.24,,,,,,,,
9/17/2018,168.28,,,,,,,,
9/18/2018,168.43,,,,,,,,
9/19/2018,167.72,,,,,,,,
9/20/2018,169.46,,,,,,,,
9/21/2018,173.78,,,,,,,,
9/24/2018,171.08,,,,,,,,
9/25/2018,172.12,,,,,,,,
9/26/2018,172,,,,,,,,
9/27/2018,169.01,,,,,,,,
9/28/2018,171.92,,,,,,,,
10/1/2018,173.83,,,,,,,,
10/2/2018,176.36,,,,,,,,
10/3/2018,184.07,,,,,,,,
10/4/2018,181.18,,,,,,,,
10/5/2018,177.91,,,,,,,,
10/8/2018,172.71,,,,,,,,
10/9/2018,171.72,,,,,,,,
10/10/2018,171.16,,,,,,,,
10/11/2018,169.01,,,,,,,,
10/12/2018,170.71,,,,,,,,
10/15/2018,169.59,,,,,,,,
10/16/2018,170.42,,,,,,,,
10/17/2018,169.8,,,,,,,,
10/18/2018,169.13,,,,,,,,
10/19/2018,168.01,,,,,,,,
10/22/2018,168.05,,,,,,,,
10/23/2018,166.99,,,,,,,,
10/24/2018,166.58,,,,,,,,
10/25/2018,165.97,,,,,,,,
10/26/2018,166.54,,,,,,,,
10/29/2018,165.08,,,,,,,,
10/30/2018,163.77,,,,,,,,
10/31/2018,162.73,,,,,,,,
11/1/2018,163.73,,,,,,,,
11/2/2018,164.56,,,,,,,,
11/5/2018,164.23,,,,,,,,
11/6/2018,162.38,,,,,,,,
11/7/2018,165.21,,,,,,,,
11/8/2018,165.53,,,,,,,,
11/9/2018,162.37,,,,,,,,
11/12/2018,160.91,,,,,,,,
11/13/2018,160.07,,,,,,,,
11/14/2018,160.64,,,,,,,,
11/15/2018,159.33,,,,,,,,
11/16/2018,160.2,,,,,,,,
11/19/2018,159.62,,,,,,,,
11/20/2018,160.3,,,,,,,,
11/21/2018,161.55,,,,,,,,
11/23/2018,161.05,,,,,,,,
11/26/2018,161.11,,,,,,,,
11/27/2018,159.33,,,,,,,,
11/28/2018,159.56,,,,,,,,
11/29/2018,160.43,,,,,,,,
11/30/2018,162.05,,,,,,,,
12/3/2018,163.29,,,,,,,,
12/4/2018,163.21,,,,,,,,
12/5/2018,162.8,,,,,,,,
12/6/2018,159.95,,,,,,,,
12/7/2018,161.26,,,,,,,,
12/10/2018,159.72,,,,,,,,
12/11/2018,159.98,,,,,,,,
12/12/2018,160.2,,,,,,,,
12/13/2018,159.76,,,,,,,,
12/14/2018,159.2,,,,,,,,
12/17/2018,160.55,,,,,,,,
12/18/2018,159.02,,,,,,,,
12/19/2018,159.2,,,,,,,,
12/20/2018,158,,,,,,,,
12/21/2018,157.85,,,,,,,,
12/24/2018,156.52,,,,,,,,
12/26/2018,156.52,,,,,,,,
12/27/2018,153.01,,,,,,,,
12/28/2018,152.43,,,,,,,,
12/31/2018,152.58,,,,,,,,
1/2/2019,148.5,,,,,,,,
1/3/2019,152.14,,,,,,,,
1/4/2019,154.9,,,,,,,,
1/7/2019,155.8,,,,,,,,
1/8/2019,154.61,,,,,,,,
1/9/2019,153.85,,,,,,,,
1/10/2019,154.73,,,,,,,,
1/11/2019,152.65,,,,,,,,
1/14/2019,151.91,,,,,,,,
1/15/2019,153.66,,,,,,,,
1/16/2019,154.69,,,,,,,,
1/17/2019,154.72,,,,,,,,
1/18/2019,156.04,,,,,,,,
1/22/2019,157,,,,,,,,
1/23/2019,159.14,,,,,,,,
1/24/2019,157.44,,,,,,,,
1/25/2019,159.85,,,,,,,,
1/28/2019,155.26,,,,,,,,
1/29/2019,157.25,,,,,,,,
1/30/2019,158.72,,,,,,,,
1/31/2019,158.83,,,,,,,,
2/1/2019,156.31,,,,,,,,
2/4/2019,159.33,,,,,,,,
2/5/2019,159.64,,,,,,,,
2/6/2019,158.25,,,,,,,,
2/7/2019,157.17,,,,,,,,
2/8/2019,155.91,,,,,,,,
2/11/2019,155.68,,,,,,,,
2/12/2019,153.83,,,,,,,,
2/13/2019,153.68,,,,,,,,
2/14/2019,152.83,,,,,,,,
2/15/2019,153.55,,,,,,,,
2/19/2019,153.49,,,,,,,,
2/20/2019,154.65,,,,,,,,
2/21/2019,157.79,,,,,,,,
2/22/2019,158.33,,,,,,,,
2/25/2019,157.71,,,,,,,,
2/26/2019,158.04,,,,,,,,
2/27/2019,158.95,,,,,,,,
2/28/2019,158.1,,,,,,,,
3/1/2019,158.7,,,,,,,,
3/4/2019,154.92,,,,,,,,
3/5/2019,154.67,,,,,,,,
3/6/2019,154.01,,,,,,,,
3/7/2019,153.94,,,,,,,,
3/8/2019,154.7,,,,,,,,
3/11/2019,152.58,,,,,,,,
3/12/2019,154.96,,,,,,,,
3/13/2019,157.67,,,,,,,,
3/14/2019,157.48,,,,,,,,
3/15/2019,157,,,,,,,,
3/18/2019,158.93,,,,,,,,
3/19/2019,161.07,,,,,,,,
3/20/2019,160.34,,,,,,,,
3/21/2019,157.1,,,,,,,,
3/22/2019,157.37,,,,,,,,
3/25/2019,155.48,,,,,,,,
3/26/2019,156.09,,,,,,,,
3/27/2019,158.04,,,,,,,,
3/28/2019,157.31,,,,,,,,
3/29/2019,157.98,,,,,,,,
4/1/2019,156.69,,,,,,,,
4/2/2019,155.75,,,,,,,,
4/3/2019,156.34,,,,,,,,
4/4/2019,156.25,,,,,,,,
4/5/2019,155.82,,,,,,,,
4/8/2019,154.3,,,,,,,,
4/9/2019,155.03,,,,,,,,
4/10/2019,154.13,,,,,,,,
4/11/2019,154.03,,,,,,,,
4/12/2019,154.26,,,,,,,,
4/15/2019,154.38,,,,,,,,
4/16/2019,153.78,,,,,,,,
4/17/2019,153.37,,,,,,,,
4/18/2019,154.82,,,,,,,,
4/22/2019,154.82,,,,,,,,
4/23/2019,154.59,,,,,,,,
4/24/2019,155.13,,,,,,,,
4/25/2019,153.88,,,,,,,,
4/26/2019,152.1,,,,,,,,
4/29/2019,150.93,,,,,,,,
4/30/2019,148.4,,,,,,,,
5/1/2019,149.9,,,,,,,,
5/2/2019,149.92,,,,,,,,
5/3/2019,148.17,,,,,,,,
5/6/2019,148.17,,,,,,,,
5/7/2019,149.88,,,,,,,,
5/8/2019,148.32,,,,,,,,
5/9/2019,148.57,,,,,,,,
5/10/2019,149.46,,,,,,,,
5/13/2019,149.56,,,,,,,,
5/14/2019,152.49,,,,,,,,
5/15/2019,153.37,,,,,,,,
5/16/2019,153.8,,,,,,,,
5/17/2019,151.87,,,,,,,,
5/20/2019,148.44,,,,,,,,
5/21/2019,148.3,,,,,,,,
5/22/2019,146.86,,,,,,,,
5/23/2019,148.38,,,,,,,,
5/24/2019,148.65,,,,,,,,
5/28/2019,149.17,,,,,,,,
5/29/2019,148.17,,,,,,,,
5/30/2019,147.15,,,,,,,,
5/31/2019,148.3,,,,,,,,
6/3/2019,146.66,,,,,,,,
6/4/2019,147.42,,,,,,,,
6/5/2019,146.05,,,,,,,,
6/6/2019,146.3,,,,,,,,
6/7/2019,145.43,,,,,,,,
6/10/2019,146.5,,,,,,,,
6/11/2019,146.92,,,,,,,,
6/12/2019,147.97,,,,,,,,
6/13/2019,147.82,,,,,,,,
6/14/2019,145.95,,,,,,,,
6/17/2019,145.35,,,,,,,,
6/18/2019,147.26,,,,,,,,
6/19/2019,147.71,,,,,,,,
6/20/2019,147.51,,,,,,,,
6/21/2019,146.34,,,,,,,,
6/24/2019,148.46,,,,,,,,
6/25/2019,150.23,,,,,,,,
6/26/2019,150.69,,,,,,,,
6/27/2019,148.17,,,,,,,,
6/28/2019,148.96,,,,,,,,
7/1/2019,148.34,,,,,,,,
7/2/2019,147.26,,,,,,,,
7/3/2019,147.94,,,,,,,,
7/5/2019,149.19,,,,,,,,
7/8/2019,149.72,,,,,,,,
7/9/2019,151.13,,,,,,,,
7/10/2019,153.46,,,,,,,,
7/11/2019,151.43,,,,,,,,
7/12/2019,151.08,,,,,,,,
7/15/2019,152.87,,,,,,,,
7/16/2019,153.49,,,,,,,,
7/17/2019,153.3,,,,,,,,
7/18/2019,153.82,,,,,,,,
7/19/2019,153.16,,,,,,,,
7/22/2019,150.29,,,,,,,,
7/23/2019,150.21,,,,,,,,
7/24/2019,151,,,,,,,,
7/25/2019,151,,,,,,,,
7/26/2019,149.15,,,,,,,,
7/29/2019,149.83,,,,,,,,
7/30/2019,149.09,,,,,,,,
7/31/2019,148.75,,,,,,,,
8/1/2019,147.11,,,,,,,,
8/2/2019,146.16,,,,,,,,
8/5/2019,145.51,,,,,,,,
8/6/2019,145.1,,,,,,,,
8/7/2019,143.91,,,,,,,,
8/8/2019,146.73,,,,,,,,
8/9/2019,146.24,,,,,,,,
8/12/2019,146.17,,,,,,,,
8/13/2019,147.55,,,,,,,,
8/14/2019,146.72,,,,,,,,
8/15/2019,147.26,,,,,,,,
8/16/2019,148.07,,,,,,,,
8/19/2019,148.3,,,,,,,,
8/20/2019,147.34,,,,,,,,
8/21/2019,147.17,,,,,,,,
8/22/2019,146.05,,,,,,,,
8/23/2019,146.41,,,,,,,,
8/26/2019,146.41,,,,,,,,
8/27/2019,145.58,,,,,,,,
8/28/2019,144.16,,,,,,,,
8/29/2019,144.7,,,,,,,,
8/30/2019,144.74,,,,,,,,
9/3/2019,144.77,,,,,,,,
9/4/2019,146.57,,,,,,,,
9/5/2019,147.32,,,,,,,,
9/6/2019,147.86,,,,,,,,
9/9/2019,148.72,,,,,,,,
9/10/2019,150.65,,,,,,,,
9/11/2019,151.08,,,,,,,,
9/12/2019,149.28,,,,,,,,
9/13/2019,149.96,,,,,,,,
9/16/2019,148.57,,,,,,,,
9/17/2019,148.59,,,,,,,,
9/18/2019,147.96,,,,,,,,
9/19/2019,149.69,,,,,,,,
9/20/2019,149.46,,,,,,,,
9/23/2019,148.71,,,,,,,,
9/24/2019,146.72,,,,,,,,
9/25/2019,145.72,,,,,,,,
9/26/2019,144.58,,,,,,,,
9/27/2019,144.35,,,,,,,,
9/30/2019,143.06,,,,,,,,
10/1/2019,144.54,,,,,,,,
10/2/2019,141.5,,,,,,,,
10/3/2019,142.79,,,,,,,,
10/4/2019,143.02,,,,,,,,
10/7/2019,145.72,,,,,,,,
10/8/2019,146.13,,,,,,,,
10/9/2019,145.59,,,,,,,,
10/10/2019,146.3,,,,,,,,
10/11/2019,143.58,,,,,,,,
10/14/2019,143.35,,,,,,,,
10/15/2019,144.08,,,,,,,,
10/16/2019,144.5,,,,,,,,
10/17/2019,144.54,,,,,,,,
10/18/2019,145.41,,,,,,,,
10/21/2019,144.45,,,,,,,,
10/22/2019,143.58,,,,,,,,
10/23/2019,144.52,,,,,,,,
10/24/2019,144.04,,,,,,,,
10/25/2019,144.45,,,,,,,,
10/28/2019,145.1,,,,,,,,
10/29/2019,146.8,,,,,,,,
10/30/2019,147.15,,,,,,,,
10/31/2019,146.74,,,,,,,,
11/1/2019,149.52,,,,,,,,
11/4/2019,151.99,,,,,,,,
11/5/2019,151.64,,,,,,,,
11/6/2019,151.6,,,,,,,,
11/7/2019,151.66,,,,,,,,
11/8/2019,150.83,,,,,,,,
11/11/2019,147.78,,,,,,,,
11/12/2019,147.42,,,,,,,,
11/13/2019,146.12,,,,,,,,
11/14/2019,144.06,,,,,,,,
11/15/2019,145.37,,,,,,,,
11/18/2019,143.83,,,,,,,,
11/19/2019,143.19,,,,,,,,
11/20/2019,144.04,,,,,,,,
11/21/2019,143.46,,,,,,,,
11/22/2019,143.91,,,,,,,,
11/25/2019,143.54,,,,,,,,
11/26/2019,144.95,,,,,,,,
11/27/2019,145.93,,,,,,,,
11/29/2019,146.53,,,,,,,,
12/2/2019,148.19,,,,,,,,
12/3/2019,145.97,,,,,,,,
12/4/2019,145.28,,,,,,,,
12/5/2019,144.18,,,,,,,,
12/6/2019,145.66,,,,,,,,
12/9/2019,144.99,,,,,,,,
12/10/2019,144.97,,,,,,,,
12/11/2019,145.6,,,,,,,,
12/12/2019,146.95,,,,,,,,
12/13/2019,146.34,,,,,,,,
12/16/2019,147.17,,,,,,,,
12/17/2019,145.99,,,,,,,,
12/18/2019,147.03,,,,,,,,
12/19/2019,148.8,,,,,,,,
12/20/2019,149.02,,,,,,,,
12/23/2019,149.36,,,,,,,,
12/24/2019,150.31,,,,,,,,
12/26/2019,150.31,,,,,,,,
12/27/2019,151.18,,,,,,,,
12/30/2019,151.16,,,,,,,,
12/31/2019,149.65,,,,,,,,
1/2/2020,149.02,,,,,,,,
1/3/2020,150.5,,,,,,,,
1/6/2020,151.12,,,,,,,,
1/7/2020,149.75,,,,,,,,
1/8/2020,148.48,,,,,,,,
1/9/2020,148.94,,,,,,,,
1/10/2020,149.25,,,,,,,,
1/13/2020,148.65,,,,,,,,
1/14/2020,149.71,,,,,,,,
1/15/2020,149.02,,,,,,,,
1/16/2020,150.06,,,,,,,,
1/17/2020,149.44,,,,,,,,
1/21/2020,151.14,,,,,,,,
1/22/2020,149.9,,,,,,,,
1/23/2020,148.61,,,,,,,,
1/24/2020,147.42,,,,,,,,
1/27/2020,146.01,,,,,,,,
1/28/2020,144.91,,,,,,,,
1/29/2020,143.71,,,,,,,,
1/30/2020,143.08,,,,,,,,
1/31/2020,142.17,,,,,,,,
2/3/2020,139.03,,,,,,,,
2/4/2020,138.93,,,,,,,,
2/5/2020,141.59,,,,,,,,
2/6/2020,143.23,,,,,,,,
2/7/2020,142.33,,,,,,,,
2/10/2020,140.4,,,,,,,,
2/11/2020,143.32,,,,,,,,
2/12/2020,143.62,,,,,,,,
2/13/2020,144.58,,,,,,,,
2/14/2020,142.42,,,,,,,,
2/18/2020,142.27,,,,,,,,
2/19/2020,142.36,,,,,,,,
2/20/2020,141.84,,,,,,,,
2/21/2020,142.11,,,,,,,,
2/24/2020,140.9,,,,,,,,
2/25/2020,141.44,,,,,,,,
2/26/2020,140.76,,,,,,,,
2/27/2020,140.28,,,,,,,,
2/28/2020,140.74,,,,,,,,
3/2/2020,142.71,,,,,,,,
3/3/2020,143.14,,,,,,,,
3/4/2020,143.73,,,,,,,,
3/5/2020,142.83,,,,,,,,
3/6/2020,139.62,,,,,,,,
3/9/2020,139.77,,,,,,,,
3/10/2020,140.73,,,,,,,,
3/11/2020,138.9,,,,,,,,
3/12/2020,137.29,,,,,,,,
3/13/2020,139.3,,,,,,,,
3/16/2020,138.91,,,,,,,,
3/17/2020,136.89,,,,,,,,
3/18/2020,136.81,,,,,,,,
3/19/2020,135.15,,,,,,,,
3/20/2020,131.14,,,,,,,,
3/23/2020,128.87,,,,,,,,
3/24/2020,127.81,,,,,,,,
3/25/2020,127.07,,,,,,,,
3/26/2020,126.94,,,,,,,,
3/27/2020,127.71,,,,,,,,
3/30/2020,126.26,,,,,,,,
3/31/2020,125.82,,,,,,,,
4/1/2020,123.54,,,,,,,,
4/2/2020,122.7,,,,,,,,
4/3/2020,121.94,,,,,,,,
4/6/2020,121,,,,,,,,
4/7/2020,121.52,,,,,,,,
4/8/2020,120.47,,,,,,,,
4/9/2020,121.89,,,,,,,,
4/13/2020,121.89,,,,,,,,
4/14/2020,124.35,,,,,,,,
4/15/2020,124.68,,,,,,,,
4/16/2020,125.05,,,,,,,,
4/17/2020,124.59,,,,,,,,
4/20/2020,124.2,,,,,,,,
4/21/2020,123.12,,,,,,,,
4/22/2020,125.2,,,,,,,,
4/23/2020,124.86,,,,,,,,
4/24/2020,125.16,,,,,,,,
4/27/2020,124.45,,,,,,,,
4/28/2020,124.05,,,,,,,,
4/29/2020,124.08,,,,,,,,
4/30/2020,123.06,,,,,,,,
5/1/2020,122.35,,,,,,,,
5/4/2020,121.81,,,,,,,,
5/5/2020,121.81,,,,,,,,
5/6/2020,121.43,,,,,,,,
5/7/2020,122.11,,,,,,,,
5/8/2020,122.11,,,,,,,,
5/11/2020,123.34,,,,,,,,
5/12/2020,121.75,,,,,,,,
5/13/2020,122.04,,,,,,,,
5/14/2020,121.59,,,,,,,,
5/15/2020,120.52,,,,,,,,
5/18/2020,123.35,,,,,,,,
5/19/2020,123.02,,,,,,,,
5/20/2020,124.8,,,,,,,,
5/21/2020,125.47,,,,,,,,
5/22/2020,124.26,,,,,,,,
5/26/2020,125.26,,,,,,,,
5/27/2020,125.7,,,,,,,,
5/28/2020,126.69,,,,,,,,
5/29/2020,127.57,,,,,,,,
6/1/2020,126.42,,,,,,,,
6/2/2020,127.36,,,,,,,,
6/3/2020,129.02,,,,,,,,
6/4/2020,129.16,,,,,,,,
6/5/2020,131.1,,,,,,,,
6/8/2020,132.29,,,,,,,,
6/9/2020,132.56,,,,,,,,
6/10/2020,134.65,,,,,,,,
6/11/2020,132.57,,,,,,,,
6/12/2020,131.12,,,,,,,,
6/15/2020,130.37,,,,,,,,
6/16/2020,132.14,,,,,,,,
6/17/2020,132.97,,,,,,,,
6/18/2020,132.86,,,,,,,,
6/19/2020,131.6,,,,,,,,
6/22/2020,132.41,,,,,,,,
6/23/2020,131.72,,,,,,,,
6/24/2020,130.12,,,,,,,,
6/25/2020,129.62,,,,,,,,
6/26/2020,132.26,,,,,,,,
6/29/2020,132.74,,,,,,,,
6/30/2020,133.63,,,,,,,,
7/1/2020,133.69,,,,,,,,
7/2/2020,133.63,,,,,,,,
7/6/2020,134.48,,,,,,,,
7/7/2020,134.42,,,,,,,,
7/8/2020,137.17,,,,,,,,
7/9/2020,137.3,,,,,,,,
7/10/2020,139.29,,,,,,,,
7/13/2020,139.46,,,,,,,,
7/14/2020,139.47,,,,,,,,
7/15/2020,139.05,,,,,,,,
7/16/2020,137.89,,,,,,,,
7/17/2020,137.12,,,,,,,,
7/20/2020,137.31,,,,,,,,
7/21/2020,140.01,,,,,,,,
7/22/2020,139.7,,,,,,,,
7/23/2020,140.42,,,,,,,,
7/24/2020,140.28,,,,,,,,
7/27/2020,140.8,,,,,,,,
7/28/2020,142.04,,,,,,,,
7/29/2020,142.06,,,,,,,,
7/30/2020,141.67,,,,,,,,
7/31/2020,140.98,,,,,,,,
8/3/2020,144.16,,,,,,,,
8/4/2020,145.7,,,,,,,,
8/5/2020,145.47,,,,,,,,
8/6/2020,146.32,,,,,,,,
8/7/2020,145.92,,,,,,,,
8/10/2020,147.39,,,,,,,,
8/11/2020,147.57,,,,,,,,
8/12/2020,147.81,,,,,,,,
8/13/2020,145.99,,,,,,,,
8/14/2020,144.54,,,,,,,,
8/17/2020,145.22,,,,,,,,
8/18/2020,146.61,,,,,,,,
8/19/2020,148.42,,,,,,,,
8/20/2020,147.9,,,,,,,,
8/21/2020,145.78,,,,,,,,
8/24/2020,146.1,,,,,,,,
8/25/2020,146.45,,,,,,,,
8/26/2020,146.76,,,,,,,,
8/27/2020,146.84,,,,,,,,
8/28/2020,148.53,,,,,,,,
8/31/2020,148.53,,,,,,,,
9/1/2020,149.85,,,,,,,,
9/2/2020,147.22,,,,,,,,
9/3/2020,146.7,,,,,,,,
9/4/2020,147.15,,,,,,,,
9/8/2020,147.55,,,,,,,,
9/9/2020,146.99,,,,,,,,
9/10/2020,147.63,,,,,,,,
9/11/2020,146.57,,,,,,,,
9/14/2020,148.77,,,,,,,,
9/15/2020,147.8,,,,,,,,
9/16/2020,148.28,,,,,,,,
9/17/2020,147.07,,,,,,,,
9/18/2020,148.05,,,,,,,,
9/21/2020,146.88,,,,,,,,
9/22/2020,146.64,,,,,,,,
9/23/2020,144.79,,,,,,,,
9/24/2020,143.6,,,,,,,,
9/25/2020,144.35,,,,,,,,
9/28/2020,146.57,,,,,,,,
9/29/2020,147.15,,,,,,,,
9/30/2020,145.6,,,,,,,,
10/1/2020,143.29,,,,,,,,
10/2/2020,145.74,,,,,,,,
10/5/2020,146.61,,,,,,,,
10/6/2020,145.95,,,,,,,,
10/7/2020,147.78,,,,,,,,
10/8/2020,149.76,,,,,,,,
10/9/2020,153.05,,,,,,,,
10/12/2020,154.46,,,,,,,,
10/13/2020,154.67,,,,,,,,
10/14/2020,153.84,,,,,,,,
10/15/2020,153.84,,,,,,,,
10/16/2020,155.19,,,,,,,,
10/19/2020,153.65,,,,,,,,
10/20/2020,152.06,,,,,,,,
10/21/2020,152.85,,,,,,,,
10/22/2020,153.12,,,,,,,,
10/23/2020,152.84,,,,,,,,
10/26/2020,151.54,,,,,,,,
10/27/2020,151.12,,,,,,,,
10/28/2020,150.17,,,,,,,,
10/29/2020,150.02,,,,,,,,
10/30/2020,153.97,,,,,,,,
11/2/2020,155.42,,,,,,,,
11/3/2020,158.68,,,,,,,,
11/4/2020,158.62,,,,,,,,
11/5/2020,157.34,,,,,,,,
11/6/2020,157.6,,,,,,,,
11/9/2020,156.91,,,,,,,,
11/10/2020,158.11,,,,,,,,
11/11/2020,159.03,,,,,,,,
11/12/2020,160.1,,,,,,,,
11/13/2020,160.3,,,,,,,,
11/16/2020,161.88,,,,,,,,
11/17/2020,164.02,,,,,,,,
11/18/2020,165.95,,,,,,,,
11/19/2020,165.52,,,,,,,,
11/20/2020,165.52,,,,,,,,
11/23/2020,163.74,,,,,,,,
11/24/2020,164.81,,,,,,,,
11/25/2020,163.36,,,,,,,,
11/27/2020,165.89,,,,,,,,
11/30/2020,169.84,,,,,,,,
12/1/2020,171.4,,,,,,,,
12/2/2020,170.49,,,,,,,,
12/3/2020,168.22,,,,,,,,
12/4/2020,169.45,,,,,,,,
12/7/2020,166.9,,,,,,,,
12/8/2020,164.79,,,,,,,,
12/9/2020,168.76,,,,,,,,
12/10/2020,170.82,,,,,,,,
12/11/2020,167.71,,,,,,,,
12/14/2020,169.7,,,,,,,,
12/15/2020,168.11,,,,,,,,
12/16/2020,168.61,,,,,,,,
12/17/2020,170.11,,,,,,,,
12/18/2020,170.44,,,,,,,,
12/21/2020,167.39,,,,,,,,
12/22/2020,165.16,,,,,,,,
12/23/2020,166.24,,,,,,,,
12/24/2020,168.38,,,,,,,,
12/28/2020,168.38,,,,,,,,
12/29/2020,165.1,,,,,,,,
12/30/2020,165.86,,,,,,,,
12/31/2020,164.1,,,,,,,,
1/4/2021,168.45,,,,,,,,
1/5/2021,169.21,,,,,,,,
1/6/2021,168.9,,,,,,,,
1/7/2021,168.61,,,,,,,,
1/8/2021,167.32,,,,,,,,
1/11/2021,166.38,,,,,,,,
1/12/2021,167.36,,,,,,,,
1/13/2021,166.9,,,,,,,,
1/14/2021,166.27,,,,,,,,
1/15/2021,165.02,,,,,,,,
1/19/2021,162.61,,,,,,,,
1/20/2021,163.96,,,,,,,,
1/21/2021,165.39,,,,,,,,
1/22/2021,165.23,,,,,,,,
1/25/2021,166.71,,,,,,,,
1/26/2021,167.32,,,,,,,,
1/27/2021,164.81,,,,,,,,
1/28/2021,164.13,,,,,,,,
1/29/2021,163.51,,,,,,,,
2/1/2021,162.75,,,,,,,,
2/2/2021,162.98,,,,,,,,
2/3/2021,163.09,,,,,,,,
2/4/2021,164.8,,,,,,,,
2/5/2021,166.77,,,,,,,,
2/8/2021,167.93,,,,,,,,
2/9/2021,170.18,,,,,,,,
2/10/2021,172.37,,,,,,,,
2/11/2021,172.46,,,,,,,,
2/12/2021,173.24,,,,,,,,
2/16/2021,172.83,,,,,,,,
2/17/2021,175.18,,,,,,,,
2/18/2021,176.99,,,,,,,,
2/19/2021,176.42,,,,,,,,
2/22/2021,179.27,,,,,,,,
2/23/2021,177.52,,,,,,,,
2/24/2021,180.68,,,,,,,,
2/25/2021,184.97,,,,,,,,
2/26/2021,178.06,,,,,,,,
3/1/2021,175.88,,,,,,,,
3/2/2021,182.97,,,,,,,,
3/3/2021,181.72,,,,,,,,
3/4/2021,177.86,,,,,,,,
3/5/2021,179.9,,,,,,,,
3/8/2021,179.48,,,,,,,,
3/9/2021,179.38,,,,,,,,
3/10/2021,179.48,,,,,,,,
3/11/2021,180.41,,,,,,,,
3/12/2021,179.87,,,,,,,,
3/15/2021,183.73,,,,,,,,
3/16/2021,182.51,,,,,,,,
3/17/2021,184.59,,,,,,,,
3/18/2021,183.5,,,,,,,,
3/19/2021,187.72,,,,,,,,
3/22/2021,188.24,,,,,,,,
3/23/2021,183.79,,,,,,,,
3/24/2021,187.08,,,,,,,,
3/25/2021,186,,,,,,,,
3/26/2021,190.36,,,,,,,,
3/29/2021,187.56,,,,,,,,
3/30/2021,184.57,,,,,,,,
3/31/2021,182.82,,,,,,,,
4/1/2021,184.03,,,,,,,,
4/5/2021,184.03,,,,,,,,
4/6/2021,187.47,,,,,,,,
4/7/2021,186.83,,,,,,,,
4/8/2021,188.75,,,,,,,,
4/9/2021,187.29,,,,,,,,
4/12/2021,187.2,,,,,,,,
4/13/2021,189.95,,,,,,,,
4/14/2021,192.58,,,,,,,,
4/15/2021,193.81,,,,,,,,
4/16/2021,191.79,,,,,,,,
4/19/2021,193.05,,,,,,,,
4/20/2021,191.36,,,,,,,,
4/21/2021,196.07,,,,,,,,
4/22/2021,195.99,,,,,,,,
4/23/2021,196.07,,,,,,,,
4/26/2021,199.31,,,,,,,,
4/27/2021,198.62,,,,,,,,
4/28/2021,198.8,,,,,,,,
4/29/2021,200.27,,,,,,,,
4/30/2021,198.55,,,,,,,,
5/3/2021,198.55,,,,,,,,
5/4/2021,201.02,,,,,,,,
5/5/2021,202.35,,,,,,,,
5/6/2021,205.98,,,,,,,,
5/7/2021,210.34,,,,,,,,
5/10/2021,209.63,,,,,,,,
5/11/2021,208.85,,,,,,,,
5/12/2021,205.54,,,,,,,,
5/13/2021,203.2,,,,,,,,
5/14/2021,204.09,,,,,,,,
5/17/2021,207.08,,,,,,,,
5/18/2021,205.32,,,,,,,,
5/19/2021,200.08,,,,,,,,
5/20/2021,198.45,,,,,,,,
5/21/2021,196.3,,,,,,,,
5/24/2021,197.61,,,,,,,,
5/25/2021,196.29,,,,,,,,
5/26/2021,198.73,,,,,,,,
5/27/2021,205.34,,,,,,,,
5/28/2021,205.51,,,,,,,,
6/1/2021,204.28,,,,,,,,
6/2/2021,202.24,,,,,,,,
6/3/2021,198.93,,,,,,,,
6/4/2021,203.14,,,,,,,,
6/7/2021,200.7,,,,,,,,
6/8/2021,203.21,,,,,,,,
6/9/2021,203.81,,,,,,,,
6/10/2021,205.33,,,,,,,,
6/11/2021,204.38,,,,,,,,
6/14/2021,206.79,,,,,,,,
6/15/2021,204.57,,,,,,,,
6/16/2021,204.8,,,,,,,,
6/17/2021,199.04,,,,,,,,
6/18/2021,197.84,,,,,,,,
6/21/2021,199.25,,,,,,,,
6/22/2021,200.93,,,,,,,,
6/23/2021,202.14,,,,,,,,
6/24/2021,202.35,,,,,,,,
6/25/2021,206.38,,,,,,,,
6/28/2021,206.71,,,,,,,,
6/29/2021,211.94,,,,,,,,
6/30/2021,209.6,,,,,,,,
7/1/2021,208.5,,,,,,,,
7/2/2021,212.71,,,,,,,,
7/6/2021,209.76,,,,,,,,
7/7/2021,207.15,,,,,,,,
7/8/2021,202.38,,,,,,,,
7/9/2021,207.3,,,,,,,,
7/12/2021,206.47,,,,,,,,
7/13/2021,210.52,,,,,,,,
7/14/2021,209.66,,,,,,,,
7/15/2021,209.06,,,,,,,,
7/16/2021,206.61,,,,,,,,
7/19/2021,201.29,,,,,,,,
7/20/2021,204.73,,,,,,,,
7/21/2021,203.74,,,,,,,,
7/22/2021,206.19,,,,,,,,
7/23/2021,207.86,,,,,,,,
7/26/2021,209.11,,,,,,,,
7/27/2021,207.02,,,,,,,,
7/28/2021,211.18,,,,,,,,
7/29/2021,216.29,,,,,,,,
7/30/2021,215.62,,,,,,,,
8/2/2021,217.28,,,,,,,,
8/3/2021,214.82,,,,,,,,
8/4/2021,213.15,,,,,,,,
8/5/2021,214.89,,,,,,,,
8/6/2021,213.96,,,,,,,,
8/9/2021,211.56,,,,,,,,
8/10/2021,213.64,,,,,,,,
8/11/2021,214.67,,,,,,,,
8/12/2021,214.42,,,,,,,,
8/13/2021,215.79,,,,,,,,
8/16/2021,215.95,,,,,,,,
8/17/2021,215.75,,,,,,,,
8/18/2021,212.17,,,,,,,,
8/19/2021,211.34,,,,,,,,
8/20/2021,211.4,,,,,,,,
8/23/2021,216.24,,,,,,,,
8/24/2021,217.03,,,,,,,,
8/25/2021,217.28,,,,,,,,
8/26/2021,217.3,,,,,,,,
8/27/2021,219.82,,,,,,,,
8/30/2021,219.82,,,,,,,,
8/31/2021,225.68,,,,,,,,
9/1/2021,223.27,,,,,,,,
9/2/2021,223.5,,,,,,,,
9/3/2021,226.17,,,,,,,,
9/7/2021,228.6,,,,,,,,
9/8/2021,231.67,,,,,,,,
9/9/2021,235.57,,,,,,,,
9/10/2021,242.75,,,,,,,,
9/13/2021,240.46,,,,,,,,
9/14/2021,235.04,,,,,,,,
9/15/2021,240.28,,,,,,,,
9/16/2021,239.24,,,,,,,,
9/17/2021,240.13,,,,,,,,
9/20/2021,238.03,,,,,,,,
9/21/2021,236.46,,,,,,,,
9/22/2021,244.12,,,,,,,,
9/23/2021,245.01,,,,,,,,
9/24/2021,242.25,,,,,,,,
9/27/2021,239.44,,,,,,,,
9/28/2021,244.52,,,,,,,,
9/29/2021,241.8,,,,,,,,
9/30/2021,237.37,,,,,,,,
10/1/2021,237.06,,,,,,,,
10/4/2021,242.11,,,,,,,,
10/5/2021,242.69,,,,,,,,
10/6/2021,240.84,,,,,,,,
10/7/2021,244.57,,,,,,,,
10/8/2021,246.22,,,,,,,,
10/11/2021,254.59,,,,,,,,
10/12/2021,254.99,,,,,,,,
10/13/2021,255.05,,,,,,,,
10/14/2021,259.08,,,,,,,,
10/15/2021,263.56,,,,,,,,
10/18/2021,263.36,,,,,,,,
10/19/2021,258.85,,,,,,,,
10/20/2021,255.5,,,,,,,,
10/21/2021,242.25,,,,,,,,
10/22/2021,238.66,,,,,,,,
10/25/2021,239.36,,,,,,,,
10/26/2021,235.44,,,,,,,,
10/27/2021,223.31,,,,,,,,
10/28/2021,228.54,,,,,,,,
10/29/2021,225.9,,,,,,,,
11/1/2021,226.07,,,,,,,,
11/2/2021,223.74,,,,,,,,
11/3/2021,220.67,,,,,,,,
11/4/2021,211.92,,,,,,,,
11/5/2021,212,,,,,,,,
11/8/2021,216.09,,,,,,,,
11/9/2021,212.16,,,,,,,,
11/10/2021,214.08,,,,,,,,
11/11/2021,221.06,,,,,,,,
11/12/2021,224.38,,,,,,,,
11/15/2021,220.81,,,,,,,,
11/16/2021,213.97,,,,,,,,
11/17/2021,217.55,,,,,,,,
11/18/2021,217.72,,,,,,,,
11/19/2021,222.91,,,,,,,,
11/22/2021,223.51,,,,,,,,
11/23/2021,221.46,,,,,,,,
11/24/2021,224.43,,,,,,,,
11/26/2021,216.99,,,,,,,,
11/29/2021,218.22,,,,,,,,
11/30/2021,217.74,,,,,,,,
12/1/2021,221.06,,,,,,,,
12/2/2021,215.62,,,,,,,,
12/3/2021,217.49,,,,,,,,
12/6/2021,214.56,,,,,,,,
12/7/2021,217.81,,,,,,,,
12/8/2021,217.83,,,,,,,,
12/9/2021,217.82,,,,,,,,
12/10/2021,216.28,,,,,,,,
12/13/2021,220.21,,,,,,,,
12/14/2021,218.03,,,,,,,,
12/15/2021,215.45,,,,,,,,
12/16/2021,221.44,,,,,,,,
12/17/2021,226.46,,,,,,,,
12/20/2021,221.75,,,,,,,,
12/21/2021,228.75,,,,,,,,
12/22/2021,234.86,,,,,,,,
12/23/2021,236.77,,,,,,,,
12/27/2021,236.31,,,,,,,,
12/28/2021,236.31,,,,,,,,
12/29/2021,233.34,,,,,,,,
12/30/2021,234.21,,,,,,,,
12/31/2021,233.07,,,,,,,,
1/3/2022,233.07,,,,,,,,
1/4/2022,235.77,,,,,,,,
1/5/2022,242.65,,,,,,,,
1/6/2022,242.57,,,,,,,,
1/7/2022,242.12,,,,,,,,
1/10/2022,243.49,,,,,,,,
1/11/2022,246.72,,,,,,,,
1/12/2022,247.82,,,,,,,,
1/13/2022,245.33,,,,,,,,
1/14/2022,247.65,,,,,,,,
1/18/2022,251.68,,,,,,,,
1/19/2022,253.88,,,,,,,,
1/20/2022,259.08,,,,,,,,
1/21/2022,252.95,,,,,,,,
1/24/2022,252.18,,,,,,,,
1/25/2022,257.46,,,,,,,,
1/26/2022,257.58,,,,,,,,
1/27/2022,258.12,,,,,,,,
1/28/2022,256.79,,,,,,,,
1/31/2022,251.68,,,,,,,,
2/1/2022,252.45,,,,,,,,
2/2/2022,248.53,,,,,,,,
2/3/2022,253.91,,,,,,,,
2/4/2022,255.9,,,,,,,,
2/7/2022,260.9,,,,,,,,
2/8/2022,265.04,,,,,,,,
2/9/2022,271.74,,,,,,,,
2/10/2022,270.38,,,,,,,,
2/11/2022,260.82,,,,,,,,
2/14/2022,267.59,,,,,,,,
2/15/2022,267.18,,,,,,,,
2/16/2022,271.11,,,,,,,,
2/17/2022,272.4,,,,,,,,
2/18/2022,271.87,,,,,,,,
2/22/2022,275.68,,,,,,,,
2/23/2022,274.41,,,,,,,,
2/24/2022,283.38,,,,,,,,
2/25/2022,279.98,,,,,,,,
2/28/2022,280.76,,,,,,,,
3/1/2022,290.01,,,,,,,,
3/2/2022,297.8,,,,,,,,
3/3/2022,310.22,,,,,,,,
3/4/2022,321.77,,,,,,,,
3/7/2022,311.25,,,,,,,,
3/8/2022,290.4,,,,,,,,
3/9/2022,277.51,,,,,,,,
3/10/2022,284.94,,,,,,,,
3/11/2022,289.61,,,,,,,,
3/14/2022,275.41,,,,,,,,
3/15/2022,272.08,,,,,,,,
3/16/2022,270.67,,,,,,,,
3/17/2022,281.43,,,,,,,,
3/18/2022,281.12,,,,,,,,
3/21/2022,292.85,,,,,,,,
3/22/2022,291.32,,,,,,,,
3/23/2022,303.97,,,,,,,,
3/24/2022,301.23,,,,,,,,
3/25/2022,299.71,,,,,,,,
3/28/2022,299.98,,,,,,,,
3/29/2022,285.29,,,,,,,,
3/30/2022,294.85,,,,,,,,
3/31/2022,289.75,,,,,,,,
4/1/2022,286.21,,,,,,,,
4/4/2022,285.81,,,,,,,,
4/5/2022,287.14,,,,,,,,
4/6/2022,285.09,,,,,,,,
4/7/2022,280.4,,,,,,,,
4/8/2022,279.7,,,,,,,,
4/11/2022,269.21,,,,,,,,
4/12/2022,270.8,,,,,,,,
4/13/2022,268.43,,,,,,,,
4/14/2022,272.58,,,,,,,,
4/18/2022,272.58,,,,,,,,
4/19/2022,270.5,,,,,,,,
4/20/2022,271.02,,,,,,,,
4/21/2022,273.66,,,,,,,,
4/22/2022,269.21,,,,,,,,
4/25/2022,256.11,,,,,,,,
4/26/2022,253.93,,,,,,,,
4/27/2022,256.5,,,,,,,,
4/28/2022,251.2,,,,,,,,
4/29/2022,252.87,,,,,,,,
5/2/2022,252.87,,,,,,,,
5/3/2022,240.61,,,,,,,,
5/4/2022,244.12,,,,,,,,
5/5/2022,240.94,,,,,,,,
5/6/2022,234.95,,,,,,,,
5/9/2022,227.69,,,,,,,,
5/10/2022,227.8,,,,,,,,
5/11/2022,230.01,,,,,,,,
5/12/2022,227.25,,,,,,,,
5/13/2022,231.1,,,,,,,,
5/16/2022,234.77,,,,,,,,
5/17/2022,239.74,,,,,,,,
5/18/2022,237.1,,,,,,,,
5/19/2022,241.42,,,,,,,,
5/20/2022,244.54,,,,,,,,
5/23/2022,244.93,,,,,,,,
5/24/2022,240.37,,,,,,,,
5/25/2022,238.1,,,,,,,,
5/26/2022,237.29,,,,,,,,
5/27/2022,237.74,,,,,,,,
5/31/2022,230.49,,,,,,,,
6/1/2022,225.43,,,,,,,,
6/2/2022,225.43,,,,,,,,
6/3/2022,225.43,,,,,,,,
6/6/2022,229.95,,,,,,,,
6/7/2022,229.73,,,,,,,,
6/8/2022,233.26,,,,,,,,
6/9/2022,228.54,,,,,,,,
6/10/2022,221.99,,,,,,,,
6/13/2022,217.55,,,,,,,,
6/14/2022,212.69,,,,,,,,
6/15/2022,214.67,,,,,,,,
6/16/2022,207.29,,,,,,,,
6/17/2022,206.86,,,,,,,,
6/21/2022,210.03,,,,,,,,
6/22/2022,205.56,,,,,,,,
6/23/2022,205.63,,,,,,,,
6/24/2022,203.72,,,,,,,,
6/27/2022,206.71,,,,,,,,
6/28/2022,206.36,,,,,,,,
6/29/2022,204.78,,,,,,,,
6/30/2022,202.62,,,,,,,,
7/1/2022,202.83,,,,,,,,
7/5/2022,198.4,,,,,,,,
7/6/2022,199.9,,,,,,,,
7/7/2022,202.66,,,,,,,,
7/8/2022,202.16,,,,,,,,
7/11/2022,197.36,,,,,,,,
7/12/2022,195.81,,,,,,,,
7/13/2022,195.51,,,,,,,,
7/14/2022,193.91,,,,,,,,
7/15/2022,194.35,,,,,,,,
7/18/2022,201.32,,,,,,,,
7/19/2022,198.23,,,,,,,,
7/20/2022,202.26,,,,,,,,
7/21/2022,201.43,,,,,,,,
7/22/2022,206.42,,,,,,,,
7/25/2022,200.73,,,,,,,,
7/26/2022,201.91,,,,,,,,
7/27/2022,201.93,,,,,,,,
7/28/2022,204.82,,,,,,,,
7/29/2022,208,,,,,,,,
8/1/2022,203.07,,,,,,,,
8/2/2022,201.45,,,,,,,,
8/3/2022,198.28,,,,,,,,
8/4/2022,200.56,,,,,,,,
8/5/2022,201.99,,,,,,,,
8/8/2022,204.46,,,,,,,,
8/9/2022,208.13,,,,,,,,
8/10/2022,207.89,,,,,,,,
8/11/2022,210.44,,,,,,,,
8/12/2022,203.24,,,,,,,,
8/15/2022,199.25,,,,,,,,
8/16/2022,199.17,,,,,,,,
8/17/2022,200.87,,,,,,,,
8/18/2022,200.29,,,,,,,,
8/19/2022,199.11,,,,,,,,
8/22/2022,199.54,,,,,,,,
8/23/2022,202.51,,,,,,,,
8/24/2022,202.78,,,,,,,,
8/25/2022,203.03,,,,,,,,
8/26/2022,207.87,,,,,,,,
8/29/2022,207.87,,,,,,,,
8/30/2022,199.21,,,,,,,,
8/31/2022,196.68,,,,,,,,
9/1/2022,191.21,,,,,,,,
9/2/2022,191.07,,,,,,,,
9/6/2022,187.81,,,,,,,,
9/7/2022,185.54,,,,,,,,
9/8/2022,188.18,,,,,,,,
9/9/2022,189.74,,,,,,,,
9/12/2022,189.29,,,,,,,,
9/13/2022,191.81,,,,,,,,
9/14/2022,188.16,,,,,,,,
9/15/2022,191.25,,,,,,,,
9/16/2022,188.74,,,,,,,,
9/19/2022,186.5,,,,,,,,
9/20/2022,185.98,,,,,,,,
9/21/2022,182.38,,,,,,,,
9/22/2022,184.74,,,,,,,,
9/23/2022,179.32,,,,,,,,
9/26/2022,177.05,,,,,,,,
9/27/2022,174.86,,,,,,,,
9/28/2022,175.59,,,,,,,,
9/29/2022,181.74,,,,,,,,
9/30/2022,178.92,,,,,,,,
10/3/2022,183.71,,,,,,,,
10/4/2022,194.47,,,,,,,,
10/5/2022,194.74,,,,,,,,
10/6/2022,194.31,,,,,,,,
10/7/2022,190.25,,,,,,,,
10/10/2022,186.94,,,,,,,,
10/11/2022,185.14,,,,,,,,
10/12/2022,191.46,,,,,,,,
10/13/2022,195.72,,,,,,,,
10/14/2022,191.32,,,,,,,,
10/17/2022,184.77,,,,,,,,
10/18/2022,181.8,,,,,,,,
10/19/2022,180.02,,,,,,,,
10/20/2022,183.4,,,,,,,,
10/21/2022,183.17,,,,,,,,
10/24/2022,180.52,,,,,,,,
10/25/2022,184.2,,,,,,,,
10/26/2022,194.62,,,,,,,,
10/27/2022,190.47,,,,,,,,
10/28/2022,183.86,,,,,,,,
10/31/2022,184.96,,,,,,,,
11/1/2022,186.6,,,,,,,,
11/2/2022,187.16,,,,,,,,
11/3/2022,188.06,,,,,,,,
11/4/2022,195.68,,,,,,,,
11/7/2022,193.86,,,,,,,,
11/8/2022,196.88,,,,,,,,
11/9/2022,192.37,,,,,,,,
11/10/2022,192.92,,,,,,,,
11/11/2022,204.3,,,,,,,,
11/14/2022,203.22,,,,,,,,
11/15/2022,201.77,,,,,,,,
11/16/2022,199.98,,,,,,,,
11/17/2022,198.21,,,,,,,,
11/18/2022,201.45,,,,,,,,
11/21/2022,197.14,,,,,,,,
11/22/2022,201.25,,,,,,,,
11/23/2022,198.31,,,,,,,,
11/25/2022,195.23,,,,,,,,
11/28/2022,195.12,,,,,,,,
11/29/2022,196.59,,,,,,,,
11/30/2022,204.78,,,,,,,,
12/1/2022,205.42,,,,,,,,
12/2/2022,210.4,,,,,,,,