Effective date ,Dow Jones Commodity Index Cocoa
11/30/2012,186.28
12/3/2012,187.84
12/4/2012,182.25
12/5/2012,180.46
12/6/2012,180.46
12/7/2012,179.87
12/10/2012,177.4
12/11/2012,177.48
12/12/2012,182.03
12/13/2012,180.61
12/14/2012,181.58
12/17/2012,180.84
12/18/2012,178.75
12/19/2012,175.84
12/20/2012,173.6
12/21/2012,172.41
12/24/2012,169.5
12/26/2012,168.75
12/27/2012,168.16
12/28/2012,167.71
12/31/2012,166.74
1/2/2013,168.46
1/3/2013,168.23
1/4/2013,165.55
1/7/2013,169.05
1/8/2013,165.18
1/9/2013,165.77
1/10/2013,169.2
1/11/2013,168.23
1/14/2013,169.05
1/15/2013,169.28
1/16/2013,168.23
1/17/2013,171.51
1/18/2013,170.4
1/22/2013,165.03
1/23/2013,165.18
1/24/2013,163.68
1/25/2013,162.04
1/28/2013,161.15
1/29/2013,163.68
1/30/2013,162.49
1/31/2013,164.43
2/1/2013,164.43
2/4/2013,163.46
2/5/2013,167.49
2/6/2013,165.77
2/7/2013,166.86
2/8/2013,166.29
2/11/2013,162.03
2/12/2013,161.95
2/13/2013,161.82
2/14/2013,160.78
2/15/2013,159.88
2/19/2013,158.02
2/20/2013,157.57
2/21/2013,159.06
2/22/2013,159.51
2/25/2013,159.81
2/26/2013,158.46
2/27/2013,158.91
2/28/2013,159.21
3/1/2013,155.26
3/4/2013,153.32
3/5/2013,153.54
3/6/2013,152.27
3/7/2013,153.77
3/8/2013,158.09
3/11/2013,158.84
3/12/2013,160.92
3/13/2013,160.1
3/14/2013,158.84
3/15/2013,157.72
3/18/2013,155.7
3/19/2013,156.52
3/20/2013,160.48
3/21/2013,161.52
3/22/2013,161
3/25/2013,158.84
3/26/2013,160.03
3/27/2013,160.33
3/28/2013,161.82
4/1/2013,162.86
4/2/2013,161.89
4/3/2013,160.33
4/4/2013,159.66
4/5/2013,159.3
4/8/2013,163.56
4/9/2013,166.1
4/10/2013,166.11
4/11/2013,167.41
4/12/2013,169.13
4/15/2013,169.05
4/16/2013,172.71
4/17/2013,172.78
4/18/2013,172.93
4/19/2013,173.97
4/22/2013,172.26
4/23/2013,173.53
4/24/2013,173.45
4/25/2013,175.99
4/26/2013,176.29
4/29/2013,174.12
4/30/2013,176.58
5/1/2013,180.09
5/2/2013,180.01
5/3/2013,180.16
5/6/2013,179.12
5/7/2013,178.67
5/8/2013,178.3
5/9/2013,175.17
5/10/2013,171.51
5/13/2013,173.45
5/14/2013,175.47
5/15/2013,174.79
5/16/2013,171.07
5/17/2013,171.51
5/20/2013,171.59
5/21/2013,174.87
5/22/2013,172.78
5/23/2013,170.25
5/24/2013,167.49
5/28/2013,164.43
5/29/2013,164.8
5/30/2013,164.88
5/31/2013,163.39
6/3/2013,167.49
6/4/2013,170.25
6/5/2013,172.11
6/6/2013,176.21
6/7/2013,176.35
6/10/2013,176.23
6/11/2013,176.02
6/12/2013,177.24
6/13/2013,172.26
6/14/2013,168.01
6/17/2013,165.18
6/18/2013,164.8
6/19/2013,165.25
6/20/2013,160.85
6/21/2013,160.4
6/24/2013,160.25
6/25/2013,161.3
6/26/2013,161.45
6/27/2013,160.18
6/28/2013,161.37
7/1/2013,161
7/2/2013,162.42
7/3/2013,166.29
7/5/2013,164.35
7/8/2013,162.12
7/9/2013,163.01
7/10/2013,162.42
7/11/2013,166.96
7/12/2013,166.74
7/15/2013,165.62
7/16/2013,170.69
7/17/2013,171.51
7/18/2013,175.02
7/19/2013,176.29
7/22/2013,175.09
7/23/2013,175.91
7/24/2013,175.99
7/25/2013,175.02
7/26/2013,173.97
7/29/2013,170.02
7/30/2013,170.54
7/31/2013,171.36
8/1/2013,171.59
8/2/2013,170.84
8/5/2013,176.29
8/6/2013,177.03
8/7/2013,182.34
8/8/2013,184.28
8/9/2013,184.43
8/12/2013,185.97
8/13/2013,183.3
8/14/2013,186.06
8/15/2013,185.31
8/16/2013,186.06
8/19/2013,187.32
8/20/2013,187.92
8/21/2013,182.7
8/22/2013,183
8/23/2013,183.82
8/26/2013,185.01
8/27/2013,182.92
8/28/2013,186.28
8/29/2013,184.86
8/30/2013,181.66
9/3/2013,180.31
9/4/2013,186.13
9/5/2013,191.42
9/6/2013,191.2
9/9/2013,190.45
9/10/2013,191.65
9/11/2013,191.72
9/12/2013,193.21
9/13/2013,193.96
9/16/2013,196.57
9/17/2013,194.93
9/18/2013,195.6
9/19/2013,196.12
9/20/2013,194.48
9/23/2013,194.63
9/24/2013,194.11
9/25/2013,191.87
9/26/2013,193.66
9/27/2013,196.79
9/30/2013,196.87
10/1/2013,196.42
10/2/2013,196.27
10/3/2013,192.77
10/4/2013,194.71
10/7/2013,201.27
10/8/2013,202.68
10/9/2013,201.57
10/10/2013,203.5
10/11/2013,204.77
10/14/2013,202.31
10/15/2013,205.82
10/16/2013,204.85
10/17/2013,206.34
10/18/2013,202.91
10/21/2013,203.58
10/22/2013,206.49
10/23/2013,202.39
10/24/2013,200.3
10/25/2013,202.31
10/28/2013,200.15
10/29/2013,198.28
10/30/2013,198.36
10/31/2013,199.63
11/1/2013,197.69
11/4/2013,197.91
11/5/2013,204.03
11/6/2013,203.58
11/7/2013,199.81
11/8/2013,198.11
11/11/2013,193.51
11/12/2013,195.3
11/13/2013,198.73
11/14/2013,199.85
11/15/2013,203.58
11/18/2013,207.31
11/19/2013,208.43
11/20/2013,209.55
11/21/2013,208.35
11/22/2013,208.72
11/25/2013,209.02
11/26/2013,206.49
11/27/2013,206.26
11/29/2013,207.9
12/2/2013,209.77
12/3/2013,209.4
12/4/2013,206.49
12/5/2013,205.37
12/6/2013,209.02
12/9/2013,205.15
12/10/2013,206.79
12/11/2013,205.44
12/12/2013,207.83
12/13/2013,206.86
12/16/2013,208.2
12/17/2013,206.64
12/18/2013,206.56
12/19/2013,208.13
12/20/2013,210.22
12/23/2013,209.4
12/24/2013,210.29
12/26/2013,207.53
12/27/2013,207.68
12/30/2013,202.24
12/31/2013,202.01
1/2/2014,196.57
1/3/2014,201.27
1/6/2014,198.88
1/7/2014,199.48
1/8/2014,201.34
1/9/2014,200.15
1/10/2014,202.24
1/13/2014,202.24
1/14/2014,205.22
1/15/2014,204.92
1/16/2014,205.29
1/17/2014,201.34
1/21/2014,199.78
1/22/2014,201.12
1/23/2014,208.13
1/24/2014,208.2
1/27/2014,215.44
1/28/2014,216.63
1/29/2014,217.6
1/30/2014,217.15
1/31/2014,217.08
2/3/2014,217.3
2/4/2014,214.54
2/5/2014,215.06
2/6/2014,215.21
2/7/2014,218.17
2/10/2014,217.57
2/11/2014,217.96
2/12/2014,221.1
2/13/2014,220.58
2/14/2014,221.25
2/18/2014,220.66
2/19/2014,218.79
2/20/2014,221.92
2/21/2014,219.99
2/24/2014,220.58
2/25/2014,217.82
2/26/2014,218.64
2/27/2014,220.36
2/28/2014,220.51
3/3/2014,217.6
3/4/2014,220.43
3/5/2014,221.48
3/6/2014,220.81
3/7/2014,222.3
3/10/2014,222.52
3/11/2014,224.16
3/12/2014,219.69
3/13/2014,224.16
3/14/2014,223.12
3/17/2014,225.95
3/18/2014,224.76
3/19/2014,225.58
3/20/2014,221.77
3/21/2014,220.51
3/24/2014,219.24
3/25/2014,219.91
3/26/2014,220.95
3/27/2014,220.36
3/28/2014,222.45
3/31/2014,220.36
4/1/2014,219.46
4/2/2014,217.52
4/3/2014,217.52
4/4/2014,221.18
4/7/2014,220.87
4/8/2014,223.36
4/9/2014,225.21
4/10/2014,222.37
4/11/2014,223.64
4/14/2014,223.42
4/15/2014,222.3
4/16/2014,221.77
4/17/2014,225.21
4/21/2014,224.01
4/22/2014,224.16
4/23/2014,224.31
4/24/2014,222.15
4/25/2014,220.21
4/28/2014,219.69
4/29/2014,220.06
4/30/2014,222.22
5/1/2014,217.9
5/2/2014,217.52
5/5/2014,218.27
5/6/2014,217.75
5/7/2014,216.18
5/8/2014,215.81
5/9/2014,213.57
5/12/2014,213.65
5/13/2014,216.33
5/14/2014,215.59
5/15/2014,216.78
5/16/2014,217.52
5/19/2014,218.49
5/20/2014,221.33
5/21/2014,222.3
5/22/2014,223.79
5/23/2014,225.35
5/27/2014,226.03
5/28/2014,225.88
5/29/2014,227.14
5/30/2014,229.01
6/2/2014,228.86
6/3/2014,228.93
6/4/2014,230.28
6/5/2014,230.57
6/6/2014,229.6
6/9/2014,229.55
6/10/2014,230.11
6/11/2014,231.59
6/12/2014,228.34
6/13/2014,231.39
6/16/2014,231.62
6/17/2014,231.77
6/18/2014,232.51
6/19/2014,232.36
6/20/2014,231.77
6/23/2014,229.68
6/24/2014,226.92
6/25/2014,228.78
6/26/2014,227.67
6/27/2014,233.78
6/30/2014,233.18
7/1/2014,232.59
7/2/2014,232.44
7/3/2014,231.62
7/7/2014,231.1
7/8/2014,232.36
7/9/2014,230.2
7/10/2014,229.75
7/11/2014,230.43
7/14/2014,229.9
7/15/2014,231.62
7/16/2014,228.34
7/17/2014,228.49
7/18/2014,229.83
7/21/2014,233.26
7/22/2014,233.48
7/23/2014,237.51
7/24/2014,238.48
7/25/2014,238.18
7/28/2014,236.02
7/29/2014,236.91
7/30/2014,239
7/31/2014,240.04
8/1/2014,239.15
8/4/2014,238.26
8/5/2014,238.26
8/6/2014,240.04
8/7/2014,240.76
8/8/2014,240.33
8/11/2014,240.22
8/12/2014,241.22
8/13/2014,240.94
8/14/2014,241.24
8/15/2014,241.83
8/18/2014,243.1
8/19/2014,238.93
8/20/2014,240.57
8/21/2014,238.63
8/22/2014,238.18
8/25/2014,240.04
8/26/2014,239.82
8/27/2014,239.45
8/28/2014,240.72
8/29/2014,240.79
9/2/2014,236.02
9/3/2014,234.6
9/4/2014,233.56
9/5/2014,231.32
9/8/2014,229.01
9/9/2014,229.6
9/10/2014,228.41
9/11/2014,225.8
9/12/2014,227.67
9/15/2014,227.96
9/16/2014,228.93
9/17/2014,235.12
9/18/2014,238.03
9/19/2014,243.03
9/22/2014,248.17
9/23/2014,245.86
9/24/2014,251.38
9/25/2014,248.55
9/26/2014,246.91
9/29/2014,246.91
9/30/2014,246.09
10/1/2014,236.54
10/2/2014,230.43
10/3/2014,227.89
10/6/2014,229.6
10/7/2014,227.52
10/8/2014,226.55
10/9/2014,227.96
10/10/2014,235.42
10/13/2014,228.11
10/14/2014,231.32
10/15/2014,235.12
10/16/2014,230.13
10/17/2014,232.51
10/20/2014,232.66
10/21/2014,231.92
10/22/2014,232.14
10/23/2014,232.66
10/24/2014,227.44
10/27/2014,221.48
10/28/2014,217.97
10/29/2014,219.02
10/30/2014,219.69
10/31/2014,216.18
11/3/2014,213.35
11/4/2014,214.84
11/5/2014,214.09
11/6/2014,213.94
11/7/2014,215.35
11/10/2014,215.85
11/11/2014,217.7
11/12/2014,213.56
11/13/2014,210.37
11/14/2014,208.58
11/17/2014,210.89
11/18/2014,209.47
11/19/2014,211.41
11/20/2014,210.96
11/21/2014,210.44
11/24/2014,213.72
11/25/2014,210.59
11/26/2014,214.09
11/28/2014,212.01
12/1/2014,215.96
12/2/2014,213.2
12/3/2014,212.68
12/4/2014,213.65
12/5/2014,215.51
12/8/2014,216.48
12/9/2014,220.13
12/10/2014,218.72
12/11/2014,212.83
12/12/2014,213.05
12/15/2014,214.24
12/16/2014,217.3
12/17/2014,217.38
12/18/2014,221.1
12/19/2014,222.22
12/22/2014,222.67
12/23/2014,221.18
12/24/2014,221.03
12/26/2014,219.31
12/29/2014,221.03
12/30/2014,221.63
12/31/2014,217
1/2/2015,218.27
1/5/2015,219.54
1/6/2015,216.41
1/7/2015,217.15
1/8/2015,222.67
1/9/2015,221.33
1/12/2015,223.27
1/13/2015,223.04
1/14/2015,223.12
1/15/2015,222
1/16/2015,219.39
1/20/2015,218.12
1/21/2015,212.68
1/22/2015,208.87
1/23/2015,205.44
1/26/2015,204.1
1/27/2015,204.55
1/28/2015,202.46
1/29/2015,200.3
1/30/2015,200.82
2/2/2015,199.25
2/3/2015,200.67
2/4/2015,203.13
2/5/2015,204.55
2/6/2015,207.04
2/9/2015,213.77
2/10/2015,213.72
2/11/2015,214.99
2/12/2015,217.67
2/13/2015,218.57
2/17/2015,219.39
2/18/2015,221.7
2/19/2015,221.85
2/20/2015,222.15
2/23/2015,223.79
2/24/2015,224.98
2/25/2015,220.66
2/26/2015,222.3
2/27/2015,224.91
3/2/2015,224.16
3/3/2015,225.35
3/4/2015,224.24
3/5/2015,223.42
3/6/2015,219.61
3/9/2015,218.79
3/10/2015,217.23
3/11/2015,212.9
3/12/2015,211.63
3/13/2015,210.14
3/16/2015,208.13
3/17/2015,207.9
3/18/2015,205.67
3/19/2015,202.46
3/20/2015,208.05
3/23/2015,205.59
3/24/2015,207.53
3/25/2015,207.76
3/26/2015,205.82
3/27/2015,204.62
3/30/2015,200.97
3/31/2015,201.27
4/1/2015,204.92
4/2/2015,206.41
4/6/2015,208.8
4/7/2015,207.68
4/8/2015,209.23
4/9/2015,208.11
4/10/2015,207.47
4/13/2015,208.9
4/14/2015,212.3
4/15/2015,210.44
4/16/2015,214.32
4/17/2015,211.86
4/20/2015,207.31
4/21/2015,206.94
4/22/2015,207.46
4/23/2015,208.95
4/24/2015,215.14
4/27/2015,217.9
4/28/2015,218.05
4/29/2015,219.31
4/30/2015,219.46
5/1/2015,214.54
5/4/2015,214.39
5/5/2015,219.46
5/6/2015,217.67
5/7/2015,218.42
5/8/2015,219.61
5/11/2015,224.16
5/12/2015,226.47
5/13/2015,227.89
5/14/2015,230.28
5/15/2015,233.63
5/18/2015,234.15
5/19/2015,234.53
5/20/2015,233.04
5/21/2015,235.87
5/22/2015,235.12
5/26/2015,234.9
5/27/2015,233.71
5/28/2015,232.51
5/29/2015,230.05
6/1/2015,227.67
6/2/2015,232.07
6/3/2015,233.04
6/4/2015,232.29
6/5/2015,232.32
6/8/2015,232.41
6/9/2015,231.83
6/10/2015,233.68
6/11/2015,231.47
6/12/2015,234.53
6/15/2015,238.48
6/16/2015,241.24
6/17/2015,240.27
6/18/2015,245.34
6/19/2015,243.1
6/22/2015,244.67
6/23/2015,242.43
6/24/2015,244.74
6/25/2015,243.7
6/26/2015,247.73
6/29/2015,248.4
6/30/2015,243.77
7/1/2015,244.3
7/2/2015,245.19
7/6/2015,244.44
7/7/2015,242.36
7/8/2015,242.13
7/9/2015,244.44
7/10/2015,246.31
7/13/2015,246.46
7/14/2015,251.3
7/15/2015,250.04
7/16/2015,249.96
7/17/2015,249.52
7/20/2015,250.04
7/21/2015,248.77
7/22/2015,244.37
7/23/2015,241.69
7/24/2015,237.21
7/27/2015,238.11
7/28/2015,238.93
7/29/2015,239.9
7/30/2015,240.19
7/31/2015,239.3
8/3/2015,236.09
8/4/2015,236.02
8/5/2015,232.66
8/6/2015,227.96
8/7/2015,231.9
8/10/2015,231.22
8/11/2015,230.45
8/12/2015,227.34
8/13/2015,228.26
8/14/2015,228.26
8/17/2015,227.89
8/18/2015,229.98
8/19/2015,232.36
8/20/2015,233.78
8/21/2015,229.23
8/24/2015,230.28
8/25/2015,231.77
8/26/2015,231.02
8/27/2015,231.84
8/28/2015,232.07
8/31/2015,231.1
9/1/2015,234.23
9/2/2015,232.44
9/3/2015,232.21
9/4/2015,236.24
9/8/2015,240.12
9/9/2015,243.85
9/10/2015,244.3
9/11/2015,242.65
9/14/2015,245.04
9/15/2015,241.46
9/16/2015,243.62
9/17/2015,244.74
9/18/2015,246.91
9/21/2015,246.91
9/22/2015,246.98
9/23/2015,247.2
9/24/2015,245.56
9/25/2015,244.3
9/28/2015,241.76
9/29/2015,237.29
9/30/2015,232.21
10/1/2015,231.54
10/2/2015,230.8
10/5/2015,230.57
10/6/2015,230.57
10/7/2015,229.6
10/8/2015,228.19
10/9/2015,227.37
10/12/2015,229.23
10/13/2015,233.04
10/14/2015,231.84
10/15/2015,231.47
10/16/2015,232.59
10/19/2015,236.32
10/20/2015,238.78
10/21/2015,234.6
10/22/2015,234.15
10/23/2015,233.04
10/26/2015,236.69
10/27/2015,238.4
10/28/2015,240.04
10/29/2015,239.75
10/30/2015,243.03
11/2/2015,245.71
11/3/2015,245.86
11/4/2015,241.24
11/5/2015,243.33
11/6/2015,241.52
11/9/2015,239.51
11/10/2015,244.19
11/11/2015,246.96
11/12/2015,248.17
11/13/2015,250.78
11/16/2015,251.83
11/17/2015,251.38
11/18/2015,249.14
11/19/2015,251.83
11/20/2015,251.16
11/23/2015,246.53
11/24/2015,248.92
11/25/2015,246.38
11/27/2015,246.83
11/30/2015,248.99
12/1/2015,248.84
12/2/2015,248.55
12/3/2015,252.5
12/4/2015,252.8
12/7/2015,254.81
12/8/2015,247.28
12/9/2015,251.38
12/10/2015,249.59
12/11/2015,250.04
12/14/2015,251.68
12/15/2015,248.92
12/16/2015,245.41
12/17/2015,242.58
12/18/2015,242.51
12/21/2015,241.54
12/22/2015,238.4
12/23/2015,243.1
12/24/2015,239.37
12/28/2015,238.18
12/29/2015,239.45
12/30/2015,240.79
12/31/2015,239.45
1/4/2016,232.96
1/5/2016,228.11
1/6/2016,222.3
1/7/2016,220.95
1/8/2016,224.98
1/11/2016,216.41
1/12/2016,213.27
1/13/2016,215.66
1/14/2016,213.05
1/15/2016,216.63
1/19/2016,218.79
1/20/2016,209.55
1/21/2016,212.9
1/22/2016,214.17
1/25/2016,210.22
1/26/2016,210.96
1/27/2016,206.11
1/28/2016,208.13
1/29/2016,205.89
2/1/2016,213.87
2/2/2016,205.89
2/3/2016,211.56
2/4/2016,206.11
2/5/2016,206.85
2/8/2016,213.48
2/9/2016,212.54
2/10/2016,212.39
2/11/2016,208.8
2/12/2016,214.32
2/16/2016,211.33
2/17/2016,214.77
2/18/2016,217.6
2/19/2016,213.05
2/22/2016,214.69
2/23/2016,215.44
2/24/2016,218.42
2/25/2016,219.76
2/26/2016,215.36
2/29/2016,220.36
3/1/2016,218.72
3/2/2016,219.84
3/3/2016,220.13
3/4/2016,224.31
3/7/2016,224.46
3/8/2016,221.48
3/9/2016,225.35
3/10/2016,228.34
3/11/2016,228.34
3/14/2016,229.75
3/15/2016,227.67
3/16/2016,226.7
3/17/2016,232.36
3/18/2016,232.51
3/21/2016,229.08
3/22/2016,226.32
3/23/2016,220.95
3/24/2016,220.88
3/28/2016,221.48
3/29/2016,221.48
3/30/2016,221.77
3/31/2016,219.99
4/1/2016,214.84
4/4/2016,214.09
4/5/2016,214.91
4/6/2016,216.26
4/7/2016,212.86
4/8/2016,214.82
4/11/2016,217.87
4/12/2016,220.49
4/13/2016,220.28
4/14/2016,222.82
4/15/2016,222.74
4/18/2016,226.77
4/19/2016,229.6
4/20/2016,230.43
4/21/2016,231.69
4/22/2016,235.27
4/25/2016,236.17
4/26/2016,239.45
4/27/2016,237.88
4/28/2016,237.29
4/29/2016,241.09
5/2/2016,239.9
5/3/2016,239
5/4/2016,237.58
5/5/2016,235.5
5/6/2016,229.23
5/9/2016,229.6
5/10/2016,231.25
5/11/2016,228.93
5/12/2016,225.21
5/13/2016,221.25
5/16/2016,218.27
5/17/2016,216.18
5/18/2016,218.57
5/19/2016,215.73
5/20/2016,217.15
5/23/2016,220.66
5/24/2016,220.21
5/25/2016,218.05
5/26/2016,217.45
5/27/2016,224.09
5/31/2016,228.11
6/1/2016,227.14
6/2/2016,227.96
6/3/2016,226.03
6/6/2016,228.41
6/7/2016,230.05
6/8/2016,231.51
6/9/2016,231.38
6/10/2016,231.63
6/13/2016,231.84
6/14/2016,231.47
6/15/2016,232.36
6/16/2016,225.65
6/17/2016,228.64
6/20/2016,232.89
6/21/2016,234.6
6/22/2016,235.35
6/23/2016,237.43
6/24/2016,225.43
6/27/2016,222.67
6/28/2016,224.16
6/29/2016,226.25
6/30/2016,220.95
7/1/2016,223.34
7/5/2016,228.56
7/6/2016,229.68
7/7/2016,231.92
7/8/2016,230.95
7/11/2016,231.25
7/12/2016,232.21
7/13/2016,234.38
7/14/2016,235.42
7/15/2016,228.56
7/18/2016,230.05
7/19/2016,223.56
7/20/2016,221.4
7/21/2016,216.41
7/22/2016,215.21
7/25/2016,212.83
7/26/2016,212.6
7/27/2016,213.05
7/28/2016,212.53
7/29/2016,211.41
8/1/2016,218.2
8/2/2016,215.96
8/3/2016,223.19
8/4/2016,223.04
8/5/2016,224.77
8/8/2016,224.35
8/9/2016,220.89
8/10/2016,224.31
8/11/2016,223.19
8/12/2016,222.3
8/15/2016,224.83
8/16/2016,228.11
8/17/2016,229.6
8/18/2016,232.14
8/19/2016,231.1
8/22/2016,222.52
8/23/2016,226.77
8/24/2016,224.98
8/25/2016,225.8
8/26/2016,224.83
8/29/2016,218.12
8/30/2016,215.51
8/31/2016,216.11
9/1/2016,216.03
9/2/2016,216.26
9/6/2016,217.97
9/7/2016,216.93
9/8/2016,215.14
9/9/2016,205.97
9/12/2016,208.05
9/13/2016,207.46
9/14/2016,209.47
9/15/2016,211.19
9/16/2016,209.02
9/19/2016,214.17
9/20/2016,213.72
9/21/2016,214.54
9/22/2016,217.75
9/23/2016,212.68
9/26/2016,212.16
9/27/2016,213.87
9/28/2016,210.66
9/29/2016,203.43
9/30/2016,205.89
10/3/2016,208.28
10/4/2016,209.92
10/5/2016,211.48
10/6/2016,207.83
10/7/2016,207.68
10/10/2016,198.14
10/11/2016,198.73
10/12/2016,197.09
10/13/2016,201.04
10/14/2016,202.68
10/17/2016,200.6
10/18/2016,201.19
10/19/2016,203.13
10/20/2016,202.61
10/21/2016,203.21
10/24/2016,201.72
10/25/2016,203.95
10/26/2016,206.49
10/27/2016,203.73
10/28/2016,205.52
10/31/2016,203.95
11/1/2016,201.04
11/2/2016,202.01
11/3/2016,201.72
11/4/2016,192.47
11/7/2016,185.07
11/8/2016,185.43
11/9/2016,183.46
11/10/2016,182.16
11/11/2016,184.27
11/14/2016,180.31
11/15/2016,178.6
11/16/2016,179.79
11/17/2016,180.39
11/18/2016,180.84
11/21/2016,181.28
11/22/2016,181.95
11/23/2016,181.88
11/25/2016,180.09
11/28/2016,179.12
11/29/2016,180.09
11/30/2016,178.15
12/1/2016,179.42
12/2/2016,178.6
12/5/2016,176.51
12/6/2016,175.84
12/7/2016,173.3
12/8/2016,169.43
12/9/2016,161.82
12/12/2016,167.04
12/13/2016,170.69
12/14/2016,172.63
12/15/2016,167.19
12/16/2016,166.89
12/19/2016,171.74
12/20/2016,168.23
12/21/2016,169.95
12/22/2016,163.24
12/23/2016,168.83
12/27/2016,166.82
12/28/2016,164.43
12/29/2016,161.45
12/30/2016,158.54
1/3/2017,161.52
1/4/2017,166.82
1/5/2017,168.68
1/6/2017,168.61
1/9/2017,162.86
1/10/2017,164.58
1/11/2017,158.61
1/12/2017,166.29
1/13/2017,165.03
1/17/2017,166.67
1/18/2017,166.52
1/19/2017,161.37
1/20/2017,159.58
1/23/2017,161.45
1/24/2017,164.13
1/25/2017,163.46
1/26/2017,158.99
1/27/2017,156.23
1/30/2017,154.96
1/31/2017,156.82
2/1/2017,157.27
2/2/2017,155.41
2/3/2017,154.51
2/6/2017,152.65
2/7/2017,149.69
2/8/2017,149.16
2/9/2017,148.19
2/10/2017,145.97
2/13/2017,143.55
2/14/2017,142.06
2/15/2017,148.17
2/16/2017,152.27
2/17/2017,149.14
2/21/2017,148.84
2/22/2017,148.77
2/23/2017,151.08
2/24/2017,148.7
2/27/2017,147.8
2/28/2017,142.36
3/1/2017,141.46
3/2/2017,143.77
3/3/2017,145.79
3/6/2017,144.3
3/7/2017,142.95
3/8/2017,142.58
3/9/2017,141.54
3/10/2017,144.22
3/13/2017,150.41
3/14/2017,153.47
3/15/2017,152.72
3/16/2017,151.16
3/17/2017,150.11
3/20/2017,157.79
3/21/2017,160.63
3/22/2017,161.45
3/23/2017,162.27
3/24/2017,158.91
3/27/2017,160.33
3/28/2017,158.76
3/29/2017,155.56
3/30/2017,156.3
3/31/2017,156.23
4/3/2017,157.12
4/4/2017,157.35
4/5/2017,157.42
4/6/2017,155.63
4/7/2017,149.6
4/10/2017,146.06
4/11/2017,147.77
4/12/2017,146.29
4/13/2017,142.8
4/17/2017,143.7
4/18/2017,142.88
4/19/2017,139.67
4/20/2017,134.15
4/21/2017,137.96
4/24/2017,135.42
4/25/2017,138.11
4/26/2017,139.82
4/27/2017,139.3
4/28/2017,137.29
5/1/2017,135.12
5/2/2017,134.6
5/3/2017,132.74
5/4/2017,137.14
5/5/2017,139.15
5/8/2017,145.79
5/9/2017,146.16
5/10/2017,145.71
5/11/2017,145.56
5/12/2017,150.26
5/15/2017,152.2
5/16/2017,151.68
5/17/2017,153.17
5/18/2017,155.41
5/19/2017,151.23
5/22/2017,151.75
5/23/2017,150.71
5/24/2017,141.24
5/25/2017,139.97
5/26/2017,142.51
5/30/2017,151.9
5/31/2017,152.72
6/1/2017,150.93
6/2/2017,149.22
6/5/2017,148.25
6/6/2017,147.28
6/7/2017,146.68
6/8/2017,147.16
6/9/2017,151.44
6/12/2017,155.27
6/13/2017,153.32
6/14/2017,154.74
6/15/2017,154.29
6/16/2017,151.23
6/19/2017,144.22
6/20/2017,143.03
6/21/2017,138.18
6/22/2017,135.94
6/23/2017,140.12
6/26/2017,137.58
6/27/2017,138.93
6/28/2017,140.49
6/29/2017,138.78
6/30/2017,144.67
7/3/2017,146.01
7/5/2017,145.19
7/6/2017,143.7
7/7/2017,139.6
7/10/2017,137.06
7/11/2017,135.5
7/12/2017,135.79
7/13/2017,139.6
7/14/2017,142.8
7/17/2017,142.43
7/18/2017,142.51
7/19/2017,144.97
7/20/2017,145.86
7/21/2017,146.76
7/24/2017,146.76
7/25/2017,143.62
7/26/2017,142.58
7/27/2017,150.11
7/28/2017,153.62
7/31/2017,153.62
8/1/2017,150.86
8/2/2017,153.24
8/3/2017,153.69
8/4/2017,148.7
8/7/2017,151.5
8/8/2017,150.78
8/9/2017,149.43
8/10/2017,146.56
8/11/2017,147.43
8/14/2017,143.18
8/15/2017,139.08
8/16/2017,137.14
8/17/2017,139.37
8/18/2017,140.04
8/21/2017,141.09
8/22/2017,140.64
8/23/2017,139.52
8/24/2017,141.31
8/25/2017,144.15
8/28/2017,148.92
8/29/2017,146.09
8/30/2017,143.48
8/31/2017,143.62
9/1/2017,145.19
9/5/2017,145.12
9/6/2017,142.95
9/7/2017,142.13
9/8/2017,144.15
9/11/2017,144.22
9/12/2017,145.49
9/13/2017,148.4
9/14/2017,147.13
9/15/2017,149.81
9/18/2017,147.28
9/19/2017,146.53
9/20/2017,148.99
9/21/2017,150.71
9/22/2017,147.87
9/25/2017,147.05
9/26/2017,146.98
9/27/2017,150.26
9/28/2017,147.65
9/29/2017,152.35
10/2/2017,151.9
10/3/2017,155.26
10/4/2017,154.96
10/5/2017,155.41
10/6/2017,155.48
10/9/2017,149.74
10/10/2017,152.5
10/11/2017,156.38
10/12/2017,155.85
10/13/2017,155.63
10/16/2017,152.42
10/17/2017,153.91
10/18/2017,154.14
10/19/2017,159.96
10/20/2017,159.43
10/23/2017,158.39
10/24/2017,155.41
10/25/2017,155.03
10/26/2017,158.61
10/27/2017,157.72
10/30/2017,157.94
10/31/2017,156.15
11/1/2017,158.31
11/2/2017,153.02
11/3/2017,153.69
11/6/2017,157.87
11/7/2017,160.94
11/8/2017,164.41
11/9/2017,163.33
11/10/2017,165.12
11/13/2017,164.13
11/14/2017,160.7
11/15/2017,158.76
11/16/2017,159.58
11/17/2017,158.91
11/20/2017,155.78
11/21/2017,157.35
11/22/2017,158.39
11/24/2017,157.12
11/27/2017,154.14
11/28/2017,152.8
11/29/2017,157.05
11/30/2017,152.8
12/1/2017,152.2
12/4/2017,149.37
12/5/2017,144.07
12/6/2017,142.13
12/7/2017,140.19
12/8/2017,140.72
12/11/2017,142.58
12/12/2017,139.22
12/13/2017,140.79
12/14/2017,141.16
12/15/2017,139.97
12/18/2017,143.33
12/19/2017,142.58
12/20/2017,144
12/21/2017,142.21
12/22/2017,134.9
12/26/2017,138.4
12/27/2017,139.15
12/28/2017,142.51
12/29/2017,141.09
1/2/2018,144.37
1/3/2018,142.21
1/4/2018,142.06
1/5/2018,141.31
1/8/2018,142.73
1/9/2018,141.61
1/10/2018,144.74
1/11/2018,143.77
1/12/2018,142.73
1/16/2018,144.07
1/17/2018,148.02
1/18/2018,147.95
1/19/2018,144
1/22/2018,144.52
1/23/2018,143.85
1/24/2018,145.79
1/25/2018,146.16
1/26/2018,148.1
1/29/2018,145.12
1/30/2018,146.91
1/31/2018,148.84
2/1/2018,150.41
2/2/2018,153.54
2/5/2018,152.5
2/6/2018,152.2
2/7/2018,150.47
2/8/2018,152.45
2/9/2018,152.75
2/12/2018,149.11
2/13/2018,151.83
2/14/2018,155.41
2/15/2018,159.13
2/16/2018,159.13
2/20/2018,160.18
2/21/2018,162.04
2/22/2018,160.03
2/23/2018,163.61
2/26/2018,165.18
2/27/2018,166.07
2/28/2018,165.4
3/1/2018,167.79
3/2/2018,172.48
3/5/2018,182.4
3/6/2018,182.03
3/7/2018,182.18
3/8/2018,185.91
3/9/2018,183.82
3/12/2018,189.86
3/13/2018,188.81
3/14/2018,190.6
3/15/2018,189.11
3/16/2018,188.07
3/19/2018,182.33
3/20/2018,184.94
3/21/2018,188.22
3/22/2018,189.04
3/23/2018,195
3/26/2018,196.05
3/27/2018,190.45
3/28/2018,193.66
3/29/2018,190.6
4/2/2018,196.5
4/3/2018,186.28
4/4/2018,184.56
4/5/2018,187.02
4/6/2018,183.59
4/9/2018,188.1
4/10/2018,187.49
4/11/2018,191.9
4/12/2018,191.2
4/13/2018,192.1
4/16/2018,201.64
4/17/2018,201.64
4/18/2018,208.8
4/19/2018,208.72
4/20/2018,203.5
4/23/2018,203.28
4/24/2018,209.92
4/25/2018,211.48
4/26/2018,208.95
4/27/2018,211.11
4/30/2018,210.66
5/1/2018,215.81
5/2/2018,209.77
5/3/2018,211.86
5/4/2018,207.08
5/7/2018,212.38
5/8/2018,206.79
5/9/2018,206.56
5/10/2018,205.97
5/11/2018,209.17
5/14/2018,207.23
5/15/2018,199.4
5/16/2018,203.58
5/17/2018,196.79
5/18/2018,199.7
5/21/2018,195
5/22/2018,193.06
5/23/2018,195.23
5/24/2018,194.11
5/25/2018,190.6
5/29/2018,186.2
5/30/2018,188.59
5/31/2018,183
6/1/2018,183.3
6/4/2018,175.32
6/5/2018,170.69
6/6/2018,171.22
6/7/2018,170.38
6/8/2018,179.52
6/11/2018,178.49
6/12/2018,181.79
6/13/2018,178.3
6/14/2018,181.43
6/15/2018,187.84
6/18/2018,184.64
6/19/2018,182.92
6/20/2018,190.38
6/21/2018,187.4
6/22/2018,187.47
6/25/2018,184.94
6/26/2018,184.34
6/27/2018,177.48
6/28/2018,182.77
6/29/2018,187.32
7/2/2018,186.5
7/3/2018,183
7/5/2018,185.09
7/6/2018,183.82
7/9/2018,182.18
7/10/2018,186.5
7/11/2018,184.94
7/12/2018,185.31
7/13/2018,187.4
7/16/2018,179.42
7/17/2018,178.6
7/18/2018,174.27
7/19/2018,170.92
7/20/2018,173.15
7/23/2018,171.44
7/24/2018,168.31
7/25/2018,167.41
7/26/2018,172.63
7/27/2018,166.52
7/30/2018,166.96
7/31/2018,161.82
8/1/2018,154.36
8/2/2018,154.51
8/3/2018,152.57
8/6/2018,158.24
8/7/2018,157.38
8/8/2018,158.58
8/9/2018,157.33
8/10/2018,157.46
8/13/2018,160.18
8/14/2018,160.33
8/15/2018,159.58
8/16/2018,160.92
8/17/2018,160.25
8/20/2018,163.68
8/21/2018,168.46
8/22/2018,172.48
8/23/2018,174.27
8/24/2018,176.29
8/27/2018,174.94
8/28/2018,173.01
8/29/2018,175.17
8/30/2018,169.65
8/31/2018,174.2
9/4/2018,173.9
9/5/2018,172.33
9/6/2018,170.1
9/7/2018,168.46
9/10/2018,171.51
9/11/2018,170.32
9/12/2018,173.38
9/13/2018,172.63
9/14/2018,165.47
9/17/2018,166.74
9/18/2018,167.19
9/19/2018,163.68
9/20/2018,164.13
9/21/2018,161.6
9/24/2018,166.67
9/25/2018,163.68
9/26/2018,160.4
9/27/2018,157.64
9/28/2018,153.39
10/1/2018,148.4
10/2/2018,155.56
10/3/2018,150.56
10/4/2018,149.89
10/5/2018,150.93
10/8/2018,155.56
10/9/2018,158.02
10/10/2018,155.7
10/11/2018,156.38
10/12/2018,161.07
10/15/2018,159.66
10/16/2018,163.61
10/17/2018,166
10/18/2018,159.96
10/19/2018,161.22
10/22/2018,165.55
10/23/2018,163.09
10/24/2018,159.36
10/25/2018,164.73
10/26/2018,167.86
10/29/2018,163.68
10/30/2018,165.18
10/31/2018,166.59
11/1/2018,168.83
11/2/2018,169.05
11/5/2018,172.41
11/6/2018,177.4
11/7/2018,177.94
11/8/2018,169.71
11/9/2018,169.44
11/12/2018,167.05
11/13/2018,168.16
11/14/2018,164.8
11/15/2018,165.47
11/16/2018,166.59
11/19/2018,164.5
11/20/2018,163.31
11/21/2018,159.96
11/23/2018,158.24
11/26/2018,157.79
11/27/2018,159.96
11/28/2018,158.17
11/29/2018,161.45
11/30/2018,164.28
12/3/2018,164.28
12/4/2018,163.09
12/5/2018,157.35
12/6/2018,158.69
12/7/2018,165.92
12/10/2018,164.5
12/11/2018,157.79
12/12/2018,161.22
12/13/2018,167.79
12/14/2018,166.82
12/17/2018,166.29
12/18/2018,169.35
12/19/2018,172.78
12/20/2018,169.35
12/21/2018,169.35
12/24/2018,172.63
12/26/2018,181.13
12/27/2018,176.96
12/28/2018,179.57
12/31/2018,180.16
1/2/2019,178.52
1/3/2019,178.97
1/4/2019,176.06
1/7/2019,179.72
1/8/2019,177.63
1/9/2019,175.32
1/10/2019,176.66
1/11/2019,175.69
1/14/2019,174.57
1/15/2019,169.57
1/16/2019,173.15
1/17/2019,174.12
1/18/2019,172.04
1/22/2019,167.49
1/23/2019,167.41
1/24/2019,168.23
1/25/2019,165.92
1/28/2019,167.79
1/29/2019,165.18
1/30/2019,162.27
1/31/2019,161.67
2/1/2019,161.67
2/4/2019,166.14
2/5/2019,165.47
2/6/2019,168.31
2/7/2019,166.11
2/8/2019,164.92
2/11/2019,167.68
2/12/2019,168.64
2/13/2019,170.54
2/14/2019,169.28
2/15/2019,174.42
2/19/2019,175.24
2/20/2019,172.78
2/21/2019,169.65
2/22/2019,170.62
2/25/2019,168.23
2/26/2019,169.72
2/27/2019,172.48
2/28/2019,167.56
3/1/2019,165.32
3/4/2019,160.78
3/5/2019,160.85
3/6/2019,167.41
3/7/2019,162.71
3/8/2019,163.91
3/11/2019,164.21
3/12/2019,165.32
3/13/2019,165.25
3/14/2019,165.1
3/15/2019,163.83
3/18/2019,163.76
3/19/2019,164.21
3/20/2019,159.81
3/21/2019,158.99
3/22/2019,161
3/25/2019,165.25
3/26/2019,166.82
3/27/2019,167.64
3/28/2019,168.31
3/29/2019,170.02
4/1/2019,173.53
4/2/2019,175.69
4/3/2019,177.18
4/4/2019,180.09
4/5/2019,179.9
4/8/2019,180.67
4/9/2019,181.15
4/10/2019,180.98
4/11/2019,177.33
4/12/2019,179.49
4/15/2019,178.67
4/16/2019,174.94
4/17/2019,179.19
4/18/2019,176.88
4/22/2019,174.65
4/23/2019,170.92
4/24/2019,167.64
4/25/2019,170.4
4/26/2019,174.12
4/29/2019,177.7
4/30/2019,175.91
5/1/2019,172.63
5/2/2019,177.03
5/3/2019,177.4
5/6/2019,174.5
5/7/2019,171.59
5/8/2019,171.89
5/9/2019,174.2
5/10/2019,172.41
5/13/2019,170.54
5/14/2019,170.99
5/15/2019,173.08
5/16/2019,176.88
5/17/2019,175.47
5/20/2019,178
5/21/2019,182.4
5/22/2019,179.94
5/23/2019,180.91
5/24/2019,183.97
5/28/2019,182.7
5/29/2019,181.8
5/30/2019,181.06
5/31/2019,178.97
6/3/2019,175.32
6/4/2019,175.99
6/5/2019,179.05
6/6/2019,180.98
6/7/2019,184.61
6/10/2019,188.49
6/11/2019,187.77
6/12/2019,189.89
6/13/2019,187.17
6/14/2019,186.13
6/17/2019,184.86
6/18/2019,186.43
6/19/2019,187.4
6/20/2019,182.4
6/21/2019,186.58
6/24/2019,185.46
6/25/2019,183.74
6/26/2019,183.52
6/27/2019,182.92
6/28/2019,180.84
7/1/2019,186.5
7/2/2019,184.34
7/3/2019,181.43
7/5/2019,183.67
7/8/2019,192.17
7/9/2019,188.07
7/10/2019,187.1
7/11/2019,185.76
7/12/2019,186.65
7/15/2019,180.46
7/16/2019,181.13
7/17/2019,180.76
7/18/2019,181.95
7/19/2019,183.97
7/22/2019,188.81
7/23/2019,184.56
7/24/2019,183.67
7/25/2019,181.51
7/26/2019,178.15
7/29/2019,177.7
7/30/2019,177.4
7/31/2019,174.87
8/1/2019,173.68
8/2/2019,173.01
8/5/2019,172.11
8/6/2019,167.93
8/7/2019,166.47
8/8/2019,165.89
8/9/2019,165.79
8/12/2019,166.65
8/13/2019,164.5
8/14/2019,164.35
8/15/2019,163.91
8/16/2019,163.09
8/19/2019,163.39
8/20/2019,162.12
8/21/2019,164.58
8/22/2019,166.29
8/23/2019,166.89
8/26/2019,166.89
8/27/2019,167.56
8/28/2019,167.26
8/29/2019,162.94
8/30/2019,165.7
9/3/2019,167.41
9/4/2019,169.2
9/5/2019,167.41
9/6/2019,169.8
9/9/2019,171.81
9/10/2019,170.54
9/11/2019,171.81
9/12/2019,172.93
9/13/2019,174.27
9/16/2019,177.7
9/17/2019,178.52
9/18/2019,179.05
9/19/2019,184.04
9/20/2019,184.41
9/23/2019,183
9/24/2019,181.88
9/25/2019,184.12
9/26/2019,186.8
9/27/2019,185.68
9/30/2019,182.1
10/1/2019,182.92
10/2/2019,185.09
10/3/2019,187.92
10/4/2019,184.56
10/7/2019,180.61
10/8/2019,182.55
10/9/2019,179.49
10/10/2019,183.45
10/11/2019,186.88
10/14/2019,182.62
10/15/2019,188.07
10/16/2019,187.55
10/17/2019,185.53
10/18/2019,185.38
10/21/2019,184.49
10/22/2019,182.55
10/23/2019,183.22
10/24/2019,183.67
10/25/2019,181.58
10/28/2019,183.67
10/29/2019,185.31
10/30/2019,183
10/31/2019,179.19
11/1/2019,184.79
11/4/2019,185.38
11/5/2019,185.23
11/6/2019,182.25
11/7/2019,182.1
11/8/2019,186.5
11/11/2019,188.04
11/12/2019,195.57
11/13/2019,197.99
11/14/2019,199.03
11/15/2019,199.93
11/18/2019,198.66
11/19/2019,197.84
11/20/2019,195.97
11/21/2019,197.02
11/22/2019,195.15
11/25/2019,193.74
11/26/2019,198.06
11/27/2019,193.66
11/29/2019,191.5
12/2/2019,189.71
12/3/2019,191.28
12/4/2019,189.93
12/5/2019,192.39
12/6/2019,194.41
12/9/2019,193.96
12/10/2019,192.77
12/11/2019,191.5
12/12/2019,187.99
12/13/2019,191.8
12/16/2019,189.78
12/17/2019,188.96
12/18/2019,186.88
12/19/2019,181.58
12/20/2019,180.24
12/23/2019,180.98
12/24/2019,182.18
12/26/2019,179.34
12/27/2019,186.2
12/30/2019,183.67
12/31/2019,189.41
1/2/2020,188.81
1/3/2020,187.84
1/6/2020,185.23
1/7/2020,188.89
1/8/2020,186.5
1/9/2020,190.45
1/10/2020,193.06
1/13/2020,192.62
1/14/2020,197.99
1/15/2020,200.52
1/16/2020,202.24
1/17/2020,208.58
1/21/2020,210.14
1/22/2020,209.02
1/23/2020,206.64
1/24/2020,203.8
1/27/2020,203.88
1/28/2020,201.57
1/29/2020,203.36
1/30/2020,208.87
1/31/2020,207.08
2/3/2020,203.88
2/4/2020,205.59
2/5/2020,208.05
2/6/2020,212.45
2/7/2020,216.23
2/10/2020,217.39
2/11/2020,215.72
2/12/2020,214.41
2/13/2020,215.88
2/14/2020,215.21
2/18/2020,212.23
2/19/2020,212.3
2/20/2020,213.27
2/21/2020,212.01
2/24/2020,208.87
2/25/2020,209.25
2/26/2020,204.25
2/27/2020,204.7
2/28/2020,199.25
3/2/2020,198.43
3/3/2020,197.84
3/4/2020,195.82
3/5/2020,193.66
3/6/2020,190.98
3/9/2020,189.78
3/10/2020,192.17
3/11/2020,195.75
3/12/2020,186.06
3/13/2020,180.84
3/16/2020,173.83
3/17/2020,172.86
3/18/2020,170.32
3/19/2020,165.25
3/20/2020,166.29
3/23/2020,168.31
3/24/2020,169.65
3/25/2020,167.64
3/26/2020,168.16
3/27/2020,168.31
3/30/2020,168.9
3/31/2020,167.71
4/1/2020,166.07
4/2/2020,170.4
4/3/2020,168.83
4/6/2020,176.44
4/7/2020,179.45
4/8/2020,177.2
4/9/2020,172.16
4/13/2020,169.14
4/14/2020,170.62
4/15/2020,166.22
4/16/2020,168.38
4/17/2020,176.58
4/20/2020,175.84
4/21/2020,172.86
4/22/2020,177.11
4/23/2020,176.21
4/24/2020,173.23
4/27/2020,173.75
4/28/2020,174.65
4/29/2020,177.26
4/30/2020,180.01
5/1/2020,179.12
5/4/2020,178
5/5/2020,177.33
5/6/2020,176.21
5/7/2020,177.55
5/8/2020,178.97
5/11/2020,183.67
5/12/2020,179.12
5/13/2020,183.15
5/14/2020,179.94
5/15/2020,178.9
5/18/2020,179.27
5/19/2020,181.58
5/20/2020,179.05
5/21/2020,174.5
5/22/2020,178.52
5/26/2020,178.52
5/27/2020,176.21
5/28/2020,181.13
5/29/2020,183
6/1/2020,185.91
6/2/2020,179.12
6/3/2020,178.6
6/4/2020,178.67
6/5/2020,178.61
6/8/2020,178.75
6/9/2020,182.33
6/10/2020,179.66
6/11/2020,170.84
6/12/2020,172.93
6/15/2020,168.98
6/16/2020,169.2
6/17/2020,166.29
6/18/2020,169.28
6/19/2020,167.93
6/22/2020,169.28
6/23/2020,170.77
6/24/2020,171.96
6/25/2020,177.93
6/26/2020,169.8
6/29/2020,166.89
6/30/2020,163.01
7/1/2020,161.74
7/2/2020,162.49
7/6/2020,160.48
7/7/2020,160.18
7/8/2020,156.6
7/9/2020,160.25
7/10/2020,161.07
7/13/2020,163.53
7/14/2020,160.7
7/15/2020,159.21
7/16/2020,161.15
7/17/2020,161.07
7/20/2020,165.47
7/21/2020,162.27
7/22/2020,164.43
7/23/2020,164.21
7/24/2020,165.85
7/27/2020,170.47
7/28/2020,170.84
7/29/2020,174.57
7/30/2020,174.79
7/31/2020,178.97
8/3/2020,184.12
8/4/2020,182.62
8/5/2020,185.01
8/6/2020,187.17
8/7/2020,189.52
8/10/2020,185.85
8/11/2020,182.85
8/12/2020,184.03
8/13/2020,184.94
8/14/2020,183
8/17/2020,181.13
8/18/2020,182.33
8/19/2020,183.45
8/20/2020,178.97
8/21/2020,179.64
8/24/2020,183.37
8/25/2020,185.46
8/26/2020,184.64
8/27/2020,189.34
8/28/2020,195.6
8/31/2020,197.91
9/1/2020,198.81
9/2/2020,199.93
9/3/2020,196.42
9/4/2020,193.51
9/8/2020,190.53
9/9/2020,191.05
9/10/2020,189.19
9/11/2020,190.01
9/14/2020,190.6
9/15/2020,200.89
9/16/2020,194.03
9/17/2020,193.89
9/18/2020,196.94
9/21/2020,196.05
9/22/2020,190.6
9/23/2020,192.39
9/24/2020,193.81
9/25/2020,191.5
9/28/2020,192.92
9/29/2020,192.99
9/30/2020,189.86
10/1/2020,187.02
10/2/2020,185.09
10/5/2020,183.37
10/6/2020,181.73
10/7/2020,182.85
10/8/2020,184.41
10/9/2020,181.36
10/12/2020,182.25
10/13/2020,177.55
10/14/2020,178.3
10/15/2020,174.72
10/16/2020,176.06
10/19/2020,180.84
10/20/2020,177.63
10/21/2020,180.98
10/22/2020,184.49
10/23/2020,184.86
10/26/2020,186.2
10/27/2020,182.85
10/28/2020,177.18
10/29/2020,174.42
10/30/2020,170.99
11/2/2020,168.31
11/3/2020,170.77
11/4/2020,169.72
11/5/2020,172.41
11/6/2020,174.05
11/9/2020,178.26
11/10/2020,175.23
11/11/2020,176.72
11/12/2020,175.69
11/13/2020,176.36
11/16/2020,181.58
11/17/2020,187.7
11/18/2020,192.39
11/19/2020,198.73
11/20/2020,202.24
11/23/2020,205.29
11/24/2020,207.68
11/25/2020,203.13
11/27/2020,206.26
11/30/2020,204.25
12/1/2020,200.67
12/2/2020,196.72
12/3/2020,197.69
12/4/2020,197.91
12/7/2020,196.57
12/8/2020,192.02
12/9/2020,190.08
12/10/2020,191.42
12/11/2020,195.53
12/14/2020,193.06
12/15/2020,189.49
12/16/2020,187.7
12/17/2020,189.49
12/18/2020,186.88
12/21/2020,190.53
12/22/2020,189.04
12/23/2020,190.68
12/24/2020,193.36
12/28/2020,190.9
12/29/2020,186.95
12/30/2020,193.66
12/31/2020,194.11
1/4/2021,190.31
1/5/2021,187.47
1/6/2021,185.38
1/7/2021,189.93
1/8/2021,187.62
1/11/2021,184.94
1/12/2021,186.28
1/13/2021,186.35
1/14/2021,186.43
1/15/2021,188.44
1/19/2021,193.14
1/20/2021,191.57
1/21/2021,190.16
1/22/2021,188.59
1/25/2021,187.02
1/26/2021,189.78
1/27/2021,186.73
1/28/2021,187.17
1/29/2021,188.74
2/1/2021,189.93
2/2/2021,193.81
2/3/2021,188.44
2/4/2021,188.81
2/5/2021,191.2
2/8/2021,188.23
2/9/2021,185.71
2/10/2021,188.71
2/11/2021,181.73
2/12/2021,181.43
2/16/2021,181.06
2/17/2021,177.03
2/18/2021,178.3
2/19/2021,182.18
2/22/2021,185.68
2/23/2021,186.35
2/24/2021,190.38
2/25/2021,194.48
2/26/2021,194.18
3/1/2021,196.79
3/2/2021,197.24
3/3/2021,198.14
3/4/2021,195.75
3/5/2021,189.86
3/8/2021,188.89
3/9/2021,190.38
3/10/2021,191.87
3/11/2021,193.36
3/12/2021,191.65
3/15/2021,188.67
3/16/2021,188.37
3/17/2021,187.99
3/18/2021,189.56
3/19/2021,185.91
3/22/2021,186.8
3/23/2021,182.48
3/24/2021,181.58
3/25/2021,183.15
3/26/2021,183.3
3/29/2021,181.66
3/30/2021,175.02
3/31/2021,175.09
4/1/2021,178.37
4/5/2021,174.2
4/6/2021,179.42
4/7/2021,178.15
4/8/2021,176.05
4/9/2021,176.52
4/12/2021,178.03
4/13/2021,181.54
4/14/2021,183.37
4/15/2021,183.67
4/16/2021,183.74
4/19/2021,185.83
4/20/2021,180.39
4/21/2021,181.88
4/22/2021,182.1
4/23/2021,182.7
4/26/2021,185.46
4/27/2021,184.79
4/28/2021,184.34
4/29/2021,186.35
4/30/2021,177.63
5/3/2021,176.66
5/4/2021,173.3
5/5/2021,178.6
5/6/2021,179.94
5/7/2021,183.67
5/10/2021,187.47
5/11/2021,183.89
5/12/2021,187.7
5/13/2021,186.58
5/14/2021,184.49
5/17/2021,189.34
5/18/2021,186.73
5/19/2021,184.12
5/20/2021,182.25
5/21/2021,183.15
5/24/2021,178.15
5/25/2021,177.48
5/26/2021,180.61
5/27/2021,181.21
5/28/2021,179.87
6/1/2021,181.28
6/2/2021,180.91
6/3/2021,180.09
6/4/2021,179.64
6/7/2021,176.05
6/8/2021,178.39
6/9/2021,177.06
6/10/2021,180.69
6/11/2021,179.12
6/14/2021,182.48
6/15/2021,181.06
6/16/2021,180.61
6/17/2021,177.55
6/18/2021,176.88
6/21/2021,177.33
6/22/2021,178.67
6/23/2021,176.66
6/24/2021,174.79
6/25/2021,177.48
6/28/2021,177.48
6/29/2021,178.23
6/30/2021,178.15
7/1/2021,175.54
7/2/2021,172.93
7/6/2021,171.36
7/7/2021,171.22
7/8/2021,171.14
7/9/2021,175.02
7/12/2021,181.21
7/13/2021,178.9
7/14/2021,179.12
7/15/2021,176.66
7/16/2021,173.01
7/19/2021,166.96
7/20/2021,168.31
7/21/2021,168.9
7/22/2021,172.78
7/23/2021,173.08
7/26/2021,178.37
7/27/2021,178.45
7/28/2021,180.98
7/29/2021,181.58
7/30/2021,176.44
8/2/2021,176.21
8/3/2021,180.91
8/4/2021,178.45
8/5/2021,179.34
8/6/2021,181.09
8/9/2021,181.85
8/10/2021,187.08
8/11/2021,191.33
8/12/2021,192.54
8/13/2021,195.38
8/16/2021,194.41
8/17/2021,197.46
8/18/2021,199.33
8/19/2021,195.97
8/20/2021,191.42
8/23/2021,190.45
8/24/2021,191.65
8/25/2021,194.78
8/26/2021,195.6
8/27/2021,192.54
8/30/2021,193.66
8/31/2021,189.41
9/1/2021,189.26
9/2/2021,194.71
9/3/2021,197.91
9/7/2021,201.64
9/8/2021,200.37
9/9/2021,199.33
9/10/2021,194.11
9/13/2021,196.64
9/14/2021,198.06
9/15/2021,198.58
9/16/2021,198.14
9/17/2021,198.73
9/20/2021,193.36
9/21/2021,194.26
9/22/2021,197.76
9/23/2021,194.78
9/24/2021,193.21
9/27/2021,189.86
9/28/2021,190.53
9/29/2021,193.06
9/30/2021,197.76
10/1/2021,202.09
10/4/2021,205.22
10/5/2021,205.44
10/6/2021,202.46
10/7/2021,203.28
10/8/2021,205.07
10/11/2021,200
10/12/2021,199.48
10/13/2021,194.03
10/14/2021,192.69
10/15/2021,194.41
10/18/2021,194.63
10/19/2021,190.83
10/20/2021,186.8
10/21/2021,190.53
10/22/2021,192.62
10/25/2021,195.08
10/26/2021,192.47
10/27/2021,194.11
10/28/2021,191.72
10/29/2021,189.71
11/1/2021,191.2
11/2/2021,183.22
11/3/2021,180.76
11/4/2021,181.95
11/5/2021,179.51
11/8/2021,182.83
11/9/2021,182.82
11/10/2021,186.86
11/11/2021,189.19
11/12/2021,188.29
11/15/2021,188.81
11/16/2021,190.38
11/17/2021,191.5
11/18/2021,193.06
11/19/2021,192.62
11/22/2021,192.99
11/23/2021,191.5
11/24/2021,187.32
11/26/2021,178.67
11/29/2021,177.33
11/30/2021,174.94
12/1/2021,175.39
12/2/2021,182.92
12/3/2021,183.97
12/6/2021,183.45
12/7/2021,185.31
12/8/2021,184.19
12/9/2021,182.77
12/10/2021,183.89
12/13/2021,188.81
12/14/2021,186.73
12/15/2021,189.93
12/16/2021,189.93
12/17/2021,186.2
12/20/2021,180.69
12/21/2021,183.45
12/22/2021,183.89
12/23/2021,184.41
12/27/2021,183.52
12/28/2021,185.31
12/29/2021,187.55
12/30/2021,190.83
12/31/2021,187.92
1/3/2022,186.35
1/4/2022,183.59
1/5/2022,183.22
1/6/2022,180.69
1/7/2022,187.99
1/10/2022,187.99
1/11/2022,192.99
1/12/2022,190.83
1/13/2022,194.56
1/14/2022,198.28
1/18/2022,196.2
1/19/2022,198.14
1/20/2022,198.36
1/21/2022,192.1
1/24/2022,185.91
1/25/2022,186.65
1/26/2022,187.4
1/27/2022,182.77
1/28/2022,185.98
1/31/2022,188.52
2/1/2022,194.85
2/2/2022,195.15
2/3/2022,196.42
2/4/2022,198.96
2/7/2022,196.58
2/8/2022,200.7
2/9/2022,207.53
2/10/2022,210.56
2/11/2022,209.62
2/14/2022,203.65
2/15/2022,202.98
2/16/2022,199.18
2/17/2022,197.99
2/18/2022,196.87
2/22/2022,198.06
2/23/2022,198.66
2/24/2022,195.08
2/25/2022,194.93
2/28/2022,188.59
3/1/2022,187.99
3/2/2022,188.59
3/3/2022,191.05
3/4/2022,195.38
3/7/2022,196.57
3/8/2022,196.57
3/9/2022,198.58
3/10/2022,200.07
3/11/2022,195.38
3/14/2022,194.71
3/15/2022,188.07
3/16/2022,188.81
3/17/2022,186.73
3/18/2022,189.19
3/21/2022,187.99
3/22/2022,192.84
3/23/2022,196.2
3/24/2022,192.62
3/25/2022,191.05
3/28/2022,194.03
3/29/2022,196.79
3/30/2022,197.69
3/31/2022,197.61
4/1/2022,193.81
4/4/2022,191.05
4/5/2022,188.96
4/6/2022,190.08
4/7/2022,192.74
4/8/2022,196.99
4/11/2022,197.36
4/12/2022,195.66
4/13/2022,195.9
4/14/2022,196.57
4/18/2022,192.24
4/19/2022,192.39
4/20/2022,193.36
4/21/2022,193.29
4/22/2022,190.45
4/25/2022,185.46
4/26/2022,186.95
4/27/2022,189.19
4/28/2022,191.42
4/29/2022,191.42
5/2/2022,194.18
5/3/2022,194.41
5/4/2022,192.39
5/5/2022,187.25
5/6/2022,185.83
5/9/2022,183.07
5/10/2022,182.33
5/11/2022,185.61
5/12/2022,181.43
5/13/2022,184.12
5/16/2022,186.8
5/17/2022,187.4
5/18/2022,184.19
5/19/2022,183.22
5/20/2022,181.13
5/23/2022,182.77
5/24/2022,182.03
5/25/2022,179.49
5/26/2022,183.74
5/27/2022,183.59
5/31/2022,186.13
6/1/2022,188.22
6/2/2022,185.31
6/3/2022,184.12
6/6/2022,185.53
6/7/2022,185.04
6/8/2022,184.37
6/9/2022,183.07
6/10/2022,180.66
6/13/2022,177.48
6/14/2022,176.51
6/15/2022,177.26
6/16/2022,177.26
6/17/2022,181.43
6/21/2022,184.04
6/22/2022,182.85
6/23/2022,181.43
6/24/2022,181.36
6/27/2022,179.72
6/28/2022,179.12
6/29/2022,176.44
6/30/2022,174.5
7/1/2022,172.56
7/5/2022,172.63
7/6/2022,175.69
7/7/2022,175.54
7/8/2022,172.86
7/11/2022,176.96
7/12/2022,175.54
7/13/2022,171.74
7/14/2022,167.56
7/15/2022,173.08
7/18/2022,173.68
7/19/2022,175.02
7/20/2022,176.58
7/21/2022,171.81
7/22/2022,171.29
7/25/2022,177.18
7/26/2022,178.97
7/27/2022,175.62
7/28/2022,172.78
7/29/2022,173.23
8/1/2022,174.42
8/2/2022,174.5
8/3/2022,170.1
8/4/2022,175.17
8/5/2022,172.42
8/8/2022,175.69
8/9/2022,178.05
8/10/2022,181.21
8/11/2022,182.77
8/12/2022,178.52
8/15/2022,179.05
8/16/2022,176.73
8/17/2022,180.54
8/18/2022,180.61
8/19/2022,177.03
8/22/2022,175.69
8/23/2022,172.86
8/24/2022,178.82
8/25/2022,180.24
8/26/2022,179.94
8/29/2022,179.72
8/30/2022,179.57
8/31/2022,179.94
9/1/2022,176.58
9/2/2022,180.16
9/6/2022,176.66
9/7/2022,175.24
9/8/2022,173.6
9/9/2022,175.99
9/12/2022,177.93
9/13/2022,175.24
9/14/2022,172.41
9/15/2022,177.26
9/16/2022,175.99
9/19/2022,176.66
9/20/2022,175.62
9/21/2022,175.39
9/22/2022,173.08
9/23/2022,167.56
9/26/2022,167.26
9/27/2022,170.47
9/28/2022,170.17
9/29/2022,173.53
9/30/2022,175.54
10/3/2022,174.27
10/4/2022,175.99
10/5/2022,178.37
10/6/2022,176.96
10/7/2022,178.67
10/10/2022,175.84
10/11/2022,175.02
10/12/2022,172.86
10/13/2022,177.85
10/14/2022,177.26
10/17/2022,174.5
10/18/2022,171.89
10/19/2022,172.11
10/20/2022,173.6
10/21/2022,171.96
10/24/2022,174.27
10/25/2022,171.22
10/26/2022,169.87
10/27/2022,172.56
10/28/2022,171.66
10/31/2022,174.12
11/1/2022,175.09
11/2/2022,177.4
11/3/2022,176.88
11/4/2022,181.51
11/7/2022,186.58
11/8/2022,188.8
11/9/2022,188.72
11/10/2022,190.57
11/11/2022,187.77
11/14/2022,186.28
11/15/2022,186.28
11/16/2022,186.58
11/17/2022,182.48
11/18/2022,183.15
11/21/2022,182.92
11/22/2022,183.07
11/23/2022,182.25
11/25/2022,185.23
11/28/2022,185.31
11/29/2022,184.94
11/30/2022,186.28
12/1/2022,187.84
12/2/2022,189.11