Effective date ,Dow Jones Commodity Index Coffee
11/30/2012,141.34
12/3/2012,141.44
12/4/2012,139.23
12/5/2012,139.93
12/6/2012,141.67
12/7/2012,144.39
12/10/2012,137.96
12/11/2012,140.31
12/12/2012,137.49
12/13/2012,134.77
12/14/2012,134.35
12/17/2012,136.98
12/18/2012,135.15
12/19/2012,135.99
12/20/2012,134.16
12/21/2012,137.59
12/24/2012,137.96
12/26/2012,139.18
12/27/2012,138.81
12/28/2012,137.82
12/31/2012,134.96
1/2/2013,140.22
1/3/2013,137.49
1/4/2013,138.29
1/7/2013,141.15
1/8/2013,139.04
1/9/2013,138.81
1/10/2013,140.45
1/11/2013,143.92
1/14/2013,143.88
1/15/2013,143.13
1/16/2013,143.59
1/17/2013,145.94
1/18/2013,146.69
1/22/2013,139.47
1/23/2013,141.15
1/24/2013,137.54
1/25/2013,139.18
1/28/2013,139.84
1/29/2013,140.59
1/30/2013,138.62
1/31/2013,137.92
2/1/2013,138.85
2/4/2013,135.48
2/5/2013,135.19
2/6/2013,133.36
2/7/2013,132.28
2/8/2013,133.56
2/11/2013,133.11
2/12/2013,133.96
2/13/2013,132.9
2/14/2013,132.1
2/15/2013,131.58
2/19/2013,129.89
2/20/2013,132.94
2/21/2013,133.04
2/22/2013,134.96
2/25/2013,134.3
2/26/2013,134.68
2/27/2013,134.63
2/28/2013,134.4
3/1/2013,134.54
3/4/2013,137.63
3/5/2013,132.47
3/6/2013,132.57
3/7/2013,134.3
3/8/2013,135.19
3/11/2013,134.91
3/12/2013,133.6
3/13/2013,131.96
3/14/2013,131.07
3/15/2013,129.05
3/18/2013,126.09
3/19/2013,124.92
3/20/2013,125.39
3/21/2013,125.53
3/22/2013,126.98
3/25/2013,127.26
3/26/2013,129.14
3/27/2013,128.2
3/28/2013,128.72
4/1/2013,129.89
4/2/2013,127.78
4/3/2013,130.88
4/4/2013,130.92
4/5/2013,131.99
4/8/2013,128.56
4/9/2013,128.46
4/10/2013,129.41
4/11/2013,130.6
4/12/2013,128.72
4/15/2013,127.73
4/16/2013,128.81
4/17/2013,128.44
4/18/2013,132.14
4/19/2013,134.4
4/22/2013,134.3
4/23/2013,129.09
4/24/2013,129.89
4/25/2013,128.95
4/26/2013,125.72
4/29/2013,125.53
4/30/2013,126.79
5/1/2013,126.42
5/2/2013,130.88
5/3/2013,132.24
5/6/2013,133.04
5/7/2013,133.93
5/8/2013,135.29
5/9/2013,138.81
5/10/2013,135.57
5/13/2013,136.79
5/14/2013,135.15
5/15/2013,131.91
5/16/2013,131.25
5/17/2013,128.48
5/20/2013,126.84
5/21/2013,124.54
5/22/2013,120.55
5/23/2013,122.06
5/24/2013,119.43
5/28/2013,118.68
5/29/2013,119.76
5/30/2013,118.11
5/31/2013,119.24
6/3/2013,121.07
6/4/2013,119.8
6/5/2013,119.62
6/6/2013,121.49
6/7/2013,119.53
6/10/2013,121.62
6/11/2013,120.92
6/12/2013,116.48
6/13/2013,117.69
6/14/2013,116.19
6/17/2013,115.67
6/18/2013,115.91
6/19/2013,116.71
6/20/2013,111.07
6/21/2013,111.97
6/24/2013,112.76
6/25/2013,113.14
6/26/2013,111.17
6/27/2013,114.41
6/28/2013,113
7/1/2013,114.12
7/2/2013,116.71
7/3/2013,113.94
7/5/2013,113.8
7/8/2013,115.86
7/9/2013,114.73
7/10/2013,114.17
7/11/2013,115.81
7/12/2013,112.06
7/15/2013,115.67
7/16/2013,118.21
7/17/2013,120.08
7/18/2013,119.71
7/19/2013,115.16
7/22/2013,117.6
7/23/2013,118.35
7/24/2013,113.8
7/25/2013,117.13
7/26/2013,114.73
7/29/2013,113.7
7/30/2013,112.9
7/31/2013,111.31
8/1/2013,108.49
8/2/2013,110.98
8/5/2013,112.29
8/6/2013,110.65
8/7/2013,114.12
8/8/2013,115.58
8/9/2013,116.87
8/12/2013,117.85
8/13/2013,115.44
8/14/2013,117.6
8/15/2013,117.03
8/16/2013,116.05
8/19/2013,115.2
8/20/2013,111.5
8/21/2013,109.95
8/22/2013,109.85
8/23/2013,109.85
8/26/2013,110.51
8/27/2013,109.57
8/28/2013,111.17
8/29/2013,110.42
8/30/2013,109.15
9/3/2013,110
9/4/2013,109.67
9/5/2013,109.67
9/6/2013,110.61
9/9/2013,110.79
9/10/2013,109.48
9/11/2013,113.37
9/12/2013,113.19
9/13/2013,112.62
9/16/2013,111.92
9/17/2013,107.88
9/18/2013,107.84
9/19/2013,108.68
9/20/2013,107.6
9/23/2013,109.85
9/24/2013,110.61
9/25/2013,110.04
9/26/2013,108.54
9/27/2013,106.71
9/30/2013,106.71
10/1/2013,107.09
10/2/2013,107.41
10/3/2013,108.26
10/4/2013,107.37
10/7/2013,107.46
10/8/2013,107.98
10/9/2013,108.17
10/10/2013,107.37
10/11/2013,109.53
10/14/2013,109.81
10/15/2013,109.29
10/16/2013,108.73
10/17/2013,107.65
10/18/2013,107.6
10/21/2013,105.77
10/22/2013,105.07
10/23/2013,103.75
10/24/2013,103.52
10/25/2013,102.39
10/28/2013,100.94
10/29/2013,100.38
10/30/2013,100.28
10/31/2013,98.92
11/1/2013,99.06
11/4/2013,97.33
11/5/2013,97.09
11/6/2013,95.26
11/7/2013,98.11
11/8/2013,98.8
11/11/2013,98.62
11/12/2013,101.55
11/13/2013,99.44
11/14/2013,99.16
11/15/2013,102.39
11/18/2013,102.72
11/19/2013,101.88
11/20/2013,103.43
11/21/2013,104.55
11/22/2013,100.89
11/25/2013,101.88
11/26/2013,102.06
11/27/2013,101.45
11/29/2013,104.04
12/2/2013,103.14
12/3/2013,103.43
12/4/2013,101.74
12/5/2013,99.48
12/6/2013,99.86
12/9/2013,99.58
12/10/2013,103.47
12/11/2013,102.96
12/12/2013,104.46
12/13/2013,108.17
12/16/2013,108.21
12/17/2013,107.13
12/18/2013,108.82
12/19/2013,106.76
12/20/2013,108.21
12/23/2013,108.73
12/24/2013,107.7
12/26/2013,108.35
12/27/2013,109.2
12/30/2013,107.65
12/31/2013,103.89
1/2/2014,104.55
1/3/2014,109.2
1/6/2014,113.56
1/7/2014,110.04
1/8/2014,113.47
1/9/2014,112.01
1/10/2014,113.23
1/13/2014,112.48
1/14/2014,111.87
1/15/2014,110
1/16/2014,111.07
1/17/2014,109.95
1/21/2014,109.06
1/22/2014,107.79
1/23/2014,108.12
1/24/2014,107.37
1/27/2014,106.85
1/28/2014,107.6
1/29/2014,109.9
1/30/2014,112.62
1/31/2014,117.5
2/3/2014,127.59
2/4/2014,127.87
2/5/2014,134.3
2/6/2014,127.4
2/7/2014,127.76
2/10/2014,128.67
2/11/2014,130.01
2/12/2014,133.96
2/13/2014,133.22
2/14/2014,133.55
2/18/2014,145.33
2/19/2014,161.99
2/20/2014,159.03
2/21/2014,159.08
2/24/2014,165.51
2/25/2014,165.42
2/26/2014,166.78
2/27/2014,168.28
2/28/2014,169.22
3/3/2014,181.56
3/4/2014,174.05
3/5/2014,189.96
3/6/2014,183.53
3/7/2014,184.75
3/10/2014,190.9
3/11/2014,193.01
3/12/2014,192.68
3/13/2014,193.29
3/14/2014,186.2
3/17/2014,179.63
3/18/2014,179.77
3/19/2014,174.1
3/20/2014,163.44
3/21/2014,160.63
3/24/2014,165.56
3/25/2014,164.52
3/26/2014,165.18
3/27/2014,165.51
3/28/2014,169.5
3/31/2014,166.96
4/1/2014,164.48
4/2/2014,162.08
4/3/2014,163.87
4/4/2014,173.63
4/7/2014,181.88
4/8/2014,185.25
4/9/2014,188.83
4/10/2014,195.16
4/11/2014,191.04
4/14/2014,194.65
4/15/2014,183.06
4/16/2014,177.24
4/17/2014,191.55
4/21/2014,186.95
4/22/2014,200.28
4/23/2014,200.8
4/24/2014,201.6
4/25/2014,194.27
4/28/2014,188.78
4/29/2014,198.87
4/30/2014,193.2
5/1/2014,191.6
5/2/2014,190.71
5/5/2014,192.63
5/6/2014,189.82
5/7/2014,188.64
5/8/2014,183.48
5/9/2014,172.6
5/12/2014,177.62
5/13/2014,175.46
5/14/2014,172.88
5/15/2014,184.7
5/16/2014,173.67
5/19/2014,172.22
5/20/2014,174.28
5/21/2014,170.25
5/22/2014,170.2
5/23/2014,170.72
5/27/2014,168.32
5/28/2014,165.32
5/29/2014,170.76
5/30/2014,166.59
6/2/2014,161.76
6/3/2014,160.63
6/4/2014,159.74
6/5/2014,158.75
6/6/2014,162
6/9/2014,156.16
6/10/2014,156.96
6/11/2014,163.08
6/12/2014,163.96
6/13/2014,165.6
6/16/2014,164.99
6/17/2014,161.38
6/18/2014,159.41
6/19/2014,158.7
6/20/2014,164.71
6/23/2014,166.49
6/24/2014,165.42
6/25/2014,170.86
6/26/2014,169.73
6/27/2014,161.94
6/30/2014,164.34
7/1/2014,160.44
7/2/2014,162.65
7/3/2014,161.24
7/7/2014,160.58
7/8/2014,162.32
7/9/2014,162.27
7/10/2014,152.98
7/11/2014,151.48
7/14/2014,154.25
7/15/2014,151.99
7/16/2014,152.51
7/17/2014,153.78
7/18/2014,161.8
7/21/2014,162.27
7/22/2014,157.95
7/23/2014,165.74
7/24/2014,167.34
7/25/2014,168.14
7/28/2014,169.97
7/29/2014,169.59
7/30/2014,171.28
7/31/2014,183.06
8/1/2014,180.53
8/4/2014,178.79
8/5/2014,177.76
8/6/2014,179.12
8/7/2014,173.47
8/8/2014,171.31
8/11/2014,179.89
8/12/2014,176.48
8/13/2014,177.94
8/14/2014,176.87
8/15/2014,181.28
8/18/2014,181.23
8/19/2014,174.71
8/20/2014,177.33
8/21/2014,177.94
8/22/2014,175.83
8/25/2014,176.11
8/26/2014,185.31
8/27/2014,185.97
8/28/2014,187.71
8/29/2014,188.83
9/2/2014,196.57
9/3/2014,189.86
9/4/2014,190
9/5/2014,185.88
9/8/2014,182.5
9/9/2014,180.76
9/10/2014,170.11
9/11/2014,174.05
9/12/2014,173.21
9/15/2014,171
9/16/2014,173.86
9/17/2014,173.49
9/18/2014,170.06
9/19/2014,167.06
9/22/2014,168.37
9/23/2014,169.78
9/24/2014,177.48
9/25/2014,171.09
9/26/2014,174.61
9/29/2014,179.49
9/30/2014,181.46
10/1/2014,188.08
10/2/2014,195.78
10/3/2014,193.81
10/6/2014,207.23
10/7/2014,203.05
10/8/2014,201.27
10/9/2014,208.02
10/10/2014,206.85
10/13/2014,204.69
10/14/2014,208.26
10/15/2014,202.72
10/16/2014,203.75
10/17/2014,197.7
10/20/2014,187.14
10/21/2014,187.33
10/22/2014,179.35
10/23/2014,181.42
10/24/2014,179.73
10/27/2014,179.16
10/28/2014,180.53
10/29/2014,177.94
10/30/2014,176.07
10/31/2014,176.44
11/3/2014,174.43
11/4/2014,176.63
11/5/2014,174.8
11/6/2014,172.45
11/7/2014,172
11/10/2014,171.86
11/11/2014,175.57
11/12/2014,176.33
11/13/2014,181.28
11/14/2014,184.28
11/17/2014,180.01
11/18/2014,181.04
11/19/2014,186.86
11/20/2014,177.24
11/21/2014,178.98
11/24/2014,178.79
11/25/2014,183.06
11/26/2014,182.31
11/28/2014,175.93
12/1/2014,178.7
12/2/2014,172.13
12/3/2014,172.36
12/4/2014,171.23
12/5/2014,169.03
12/8/2014,167.1
12/9/2014,169.36
12/10/2014,167.57
12/11/2014,165.56
12/12/2014,163.3
12/15/2014,167.67
12/16/2014,166.78
12/17/2014,161.29
12/18/2014,163.63
12/19/2014,163.96
12/22/2014,161.57
12/23/2014,160.49
12/24/2014,159.69
12/26/2014,158.24
12/29/2014,155
12/30/2014,154.67
12/31/2014,156.36
1/2/2015,151.15
1/5/2015,157.77
1/6/2015,164.15
1/7/2015,164.29
1/8/2015,166.03
1/9/2015,168.98
1/12/2015,165.88
1/13/2015,166.07
1/14/2015,168.79
1/15/2015,165.79
1/16/2015,160.49
1/20/2015,154.2
1/21/2015,151.34
1/22/2015,150.12
1/23/2015,152.46
1/26/2015,151.9
1/27/2015,157.86
1/28/2015,157.39
1/29/2015,150.16
1/30/2015,151.95
2/2/2015,152.46
2/3/2015,150.87
2/4/2015,154.76
2/5/2015,154.62
2/6/2015,157.11
2/9/2015,158.35
2/10/2015,151.21
2/11/2015,151.79
2/12/2015,157.16
2/13/2015,156.26
2/17/2015,149.08
2/18/2015,147.3
2/19/2015,143.27
2/20/2015,143.5
2/23/2015,139.14
2/24/2015,139.75
2/25/2015,134.63
2/26/2015,131.91
2/27/2015,131.86
3/2/2015,129.85
3/3/2015,121.77
3/4/2015,129.09
3/5/2015,126.75
3/6/2015,131.3
3/9/2015,128.58
3/10/2015,126.75
3/11/2015,123.65
3/12/2015,124.07
3/13/2015,121.82
3/16/2015,129.56
3/17/2015,129.66
3/18/2015,131.44
3/19/2015,135.29
3/20/2015,134.54
3/23/2015,133.13
3/24/2015,128.86
3/25/2015,131.35
3/26/2015,131.63
3/27/2015,129.7
3/30/2015,124.21
3/31/2015,124.73
4/1/2015,126.56
4/2/2015,132.24
4/6/2015,137.21
4/7/2015,133.22
4/8/2015,127.93
4/9/2015,130.01
4/10/2015,128.34
4/13/2015,127.37
4/14/2015,128.25
4/15/2015,128.91
4/16/2015,132.8
4/17/2015,132.71
4/20/2015,132.57
4/21/2015,133.93
4/22/2015,134.82
4/23/2015,132.8
4/24/2015,133.41
4/27/2015,128.63
4/28/2015,130.03
4/29/2015,130.46
4/30/2015,129
5/1/2015,125.95
5/4/2015,124.73
5/5/2015,125.43
5/6/2015,121.96
5/7/2015,123.6
5/8/2015,126.37
5/11/2015,126.09
5/12/2015,127.17
5/13/2015,127.08
5/14/2015,129.05
5/15/2015,129.75
5/18/2015,134.35
5/19/2015,131.25
5/20/2015,127.64
5/21/2015,120.55
5/22/2015,119.15
5/26/2015,116.42
5/27/2015,116.85
5/28/2015,117.46
5/29/2015,118.4
6/1/2015,121.82
6/2/2015,124.54
6/3/2015,126.04
6/4/2015,127.36
6/5/2015,127.23
6/8/2015,128.98
6/9/2015,130.15
6/10/2015,129.64
6/11/2015,126.18
6/12/2015,126.14
6/15/2015,122.29
6/16/2015,123.89
6/17/2015,121.45
6/18/2015,123.84
6/19/2015,122.1
6/22/2015,124.35
6/23/2015,121.73
6/24/2015,126.79
6/25/2015,126.79
6/26/2015,125.25
6/29/2015,124.26
6/30/2015,124.26
7/1/2015,119.19
7/2/2015,119.57
7/6/2015,117.46
7/7/2015,117.03
7/8/2015,117.27
7/9/2015,117.55
7/10/2015,118.49
7/13/2015,120.88
7/14/2015,123.89
7/15/2015,121.77
7/16/2015,120.93
7/17/2015,120.51
7/20/2015,119.62
7/21/2015,118.21
7/22/2015,117.36
7/23/2015,114.08
7/24/2015,114.73
7/27/2015,113
7/28/2015,112.86
7/29/2015,114.64
7/30/2015,117.22
7/31/2015,117.55
8/3/2015,116.33
8/4/2015,117.22
8/5/2015,118.16
8/6/2015,116.61
8/7/2015,120.52
8/10/2015,126.44
8/11/2015,130.54
8/12/2015,126.3
8/13/2015,131.96
8/14/2015,132.47
8/17/2015,130.03
8/18/2015,130.5
8/19/2015,126.51
8/20/2015,124.31
8/21/2015,118.68
8/24/2015,114.22
8/25/2015,113.14
8/26/2015,114.69
8/27/2015,116.89
8/28/2015,116.42
8/31/2015,116.66
9/1/2015,113.37
9/2/2015,111.07
9/3/2015,112.2
9/4/2015,111.83
9/8/2015,113.56
9/9/2015,113.66
9/10/2015,109.24
9/11/2015,109.39
9/14/2015,112.81
9/15/2015,111.4
9/16/2015,110.84
9/17/2015,111.26
9/18/2015,111.07
9/21/2015,110.04
9/22/2015,108.35
9/23/2015,109.06
9/24/2015,111.03
9/25/2015,115.16
9/28/2015,111.83
9/29/2015,113.42
9/30/2015,113.89
10/1/2015,113.33
10/2/2015,116.66
10/5/2015,119.71
10/6/2015,120.23
10/7/2015,118.3
10/8/2015,120.55
10/9/2015,123.51
10/12/2015,126.23
10/13/2015,126.09
10/14/2015,126.37
10/15/2015,125.48
10/16/2015,118.11
10/19/2015,116.28
10/20/2015,117.08
10/21/2015,113.56
10/22/2015,112.48
10/23/2015,111.17
10/26/2015,110.09
10/27/2015,110.09
10/28/2015,111.78
10/29/2015,112.9
10/30/2015,113.51
11/2/2015,111.5
11/3/2015,112.86
11/4/2015,113.09
11/5/2015,113.47
11/6/2015,111.15
11/9/2015,111.86
11/10/2015,111.07
11/11/2015,112.14
11/12/2015,111.45
11/13/2015,108.68
11/16/2015,110.93
11/17/2015,110.98
11/18/2015,108.63
11/19/2015,114.69
11/20/2015,116.75
11/23/2015,114.92
11/24/2015,116.85
11/25/2015,117.83
11/27/2015,116
11/30/2015,112.29
12/1/2015,112.53
12/2/2015,113.05
12/3/2015,117.18
12/4/2015,119.15
12/7/2015,118.3
12/8/2015,117.5
12/9/2015,119.01
12/10/2015,118.58
12/11/2015,113.75
12/14/2015,112.53
12/15/2015,112.53
12/16/2015,111.92
12/17/2015,111.03
12/18/2015,111.68
12/21/2015,110.28
12/22/2015,111.83
12/23/2015,113.51
12/24/2015,112.34
12/28/2015,111.83
12/29/2015,113.98
12/30/2015,116.05
12/31/2015,118.91
1/4/2016,116.28
1/5/2016,115.44
1/6/2016,112.58
1/7/2016,111.17
1/8/2016,111.68
1/11/2016,107.41
1/12/2016,107.32
1/13/2016,107.74
1/14/2016,108.78
1/15/2016,107.84
1/19/2016,108.54
1/20/2016,104.74
1/21/2016,107.37
1/22/2016,108.87
1/25/2016,109.29
1/26/2016,109.53
1/27/2016,110.93
1/28/2016,111.83
1/29/2016,109.2
2/1/2016,110.51
2/2/2016,112.48
2/3/2016,114.08
2/4/2016,115.63
2/5/2016,113.37
2/8/2016,109.46
2/9/2016,108.88
2/10/2016,109.27
2/11/2016,107.93
2/12/2016,110.28
2/16/2016,109.81
2/17/2016,109.43
2/18/2016,108.96
2/19/2016,109.39
2/22/2016,113.19
2/23/2016,111.92
2/24/2016,109.81
2/25/2016,109.01
2/26/2016,108.12
2/29/2016,107.98
3/1/2016,107.7
3/2/2016,108.45
3/3/2016,110.61
3/4/2016,113.61
3/7/2016,113.47
3/8/2016,114.22
3/9/2016,114.83
3/10/2016,114.64
3/11/2016,118.07
3/14/2016,119.38
3/15/2016,117.97
3/16/2016,121.12
3/17/2016,124.4
3/18/2016,126.04
3/21/2016,123.46
3/22/2016,126.37
3/23/2016,123.04
3/24/2016,119.71
3/28/2016,120.65
3/29/2016,119.62
3/30/2016,119.19
3/31/2016,119.62
4/1/2016,119.43
4/4/2016,115.25
4/5/2016,113.47
4/6/2016,114.03
4/7/2016,112.84
4/8/2016,113.83
4/11/2016,116.84
4/12/2016,118.22
4/13/2016,116
4/14/2016,117.41
4/15/2016,117.18
4/18/2016,118.21
4/19/2016,120.04
4/20/2016,120.79
4/21/2016,116.47
4/22/2016,115.77
4/25/2016,115.95
4/26/2016,118.02
4/27/2016,114.03
4/28/2016,113.51
4/29/2016,114.03
5/2/2016,112.29
5/3/2016,111.92
5/4/2016,112.34
5/5/2016,114.03
5/6/2016,116.85
5/9/2016,118.68
5/10/2016,120.84
5/11/2016,121.77
5/12/2016,122.06
5/13/2016,122.1
5/16/2016,125.39
5/17/2016,124.54
5/18/2016,122.1
5/19/2016,116.33
5/20/2016,117.03
5/23/2016,114.64
5/24/2016,114.31
5/25/2016,113.94
5/26/2016,114.03
5/27/2016,113.84
5/31/2016,114.08
6/1/2016,114.41
6/2/2016,115.44
6/3/2016,119.29
6/6/2016,123.6
6/7/2016,124.44
6/8/2016,131.82
6/9/2016,126.79
6/10/2016,129.96
6/13/2016,130.74
6/14/2016,128.63
6/15/2016,131.49
6/16/2016,132.75
6/17/2016,134.07
6/20/2016,132.61
6/21/2016,132.29
6/22/2016,131.11
6/23/2016,134.12
6/24/2016,128.72
6/27/2016,127.69
6/28/2016,131.96
6/29/2016,135.57
6/30/2016,136.7
7/1/2016,137.4
7/5/2016,136.6
7/6/2016,134.49
7/7/2016,133.08
7/8/2016,135.24
7/11/2016,140.12
7/12/2016,138.34
7/13/2016,138.57
7/14/2016,142.8
7/15/2016,138.48
7/18/2016,140.26
7/19/2016,137.54
7/20/2016,137.96
7/21/2016,137.82
7/22/2016,133.18
7/25/2016,132.43
7/26/2016,132.9
7/27/2016,132.52
7/28/2016,133.41
7/29/2016,137.21
8/1/2016,134.63
8/2/2016,132.57
8/3/2016,131.77
8/4/2016,133.36
8/5/2016,134.43
8/8/2016,133.82
8/9/2016,134.48
8/10/2016,132.9
8/11/2016,132.47
8/12/2016,131.72
8/15/2016,131.91
8/16/2016,132.1
8/17/2016,129.61
8/18/2016,132.75
8/19/2016,132.9
8/22/2016,137.4
8/23/2016,138.2
8/24/2016,134.3
8/25/2016,135.57
8/26/2016,135.95
8/29/2016,136.18
8/30/2016,137.07
8/31/2016,138.01
9/1/2016,142.09
9/2/2016,142.09
9/6/2016,144.3
9/7/2016,145.57
9/8/2016,145.38
9/9/2016,141.86
9/12/2016,141.62
9/13/2016,139.28
9/14/2016,139.75
9/15/2016,139.75
9/16/2016,139.28
9/19/2016,143.41
9/20/2016,147.16
9/21/2016,146.93
9/22/2016,145.71
9/23/2016,142.09
9/26/2016,144.11
9/27/2016,144.25
9/28/2016,143.69
9/29/2016,140.92
9/30/2016,142.23
10/3/2016,138.48
10/4/2016,138.39
10/5/2016,139.09
10/6/2016,137.4
10/7/2016,138.9
10/10/2016,143.45
10/11/2016,141.53
10/12/2016,142.75
10/13/2016,143.31
10/14/2016,145.85
10/17/2016,147.44
10/18/2016,148.99
10/19/2016,148.15
10/20/2016,146.32
10/21/2016,146.5
10/24/2016,148.19
10/25/2016,154.39
10/26/2016,153.64
10/27/2016,154.67
10/28/2016,155.33
10/31/2016,154.06
11/1/2016,151.53
11/2/2016,152.89
11/3/2016,155.47
11/4/2016,160.82
11/7/2016,164.31
11/8/2016,158.59
11/9/2016,161.73
11/10/2016,154.75
11/11/2016,153.07
11/14/2016,155.28
11/15/2016,155.14
11/16/2016,154.29
11/17/2016,152.93
11/18/2016,152.14
11/21/2016,153.26
11/22/2016,151.9
11/23/2016,148.01
11/25/2016,145.85
11/28/2016,147.02
11/29/2016,143.64
11/30/2016,141.34
12/1/2016,135.99
12/2/2016,136.84
12/5/2016,135.62
12/6/2016,133.27
12/7/2016,132.99
12/8/2016,132.71
12/9/2016,130.78
12/12/2016,133.27
12/13/2016,134.07
12/14/2016,135.29
12/15/2016,133.46
12/16/2016,133.69
12/19/2016,135.38
12/20/2016,135.01
12/21/2016,135.66
12/22/2016,130.55
12/23/2016,127.78
12/27/2016,125.95
12/28/2016,125.29
12/29/2016,127.12
12/30/2016,128.63
1/3/2017,128.95
1/4/2017,133.08
1/5/2017,134.91
1/6/2017,134.07
1/9/2017,135.34
1/10/2017,138.62
1/11/2017,139.84
1/12/2017,140.4
1/13/2017,140.12
1/17/2017,140.69
1/18/2017,140.03
1/19/2017,141.48
1/20/2017,143.78
1/23/2017,145.85
1/24/2017,142.98
1/25/2017,143.5
1/26/2017,142.14
1/27/2017,143.03
1/30/2017,141.86
1/31/2017,140.36
2/1/2017,140.92
2/2/2017,136.98
2/3/2017,137.26
2/6/2017,135.34
2/7/2017,134.29
2/8/2017,135.02
2/9/2017,137.63
2/10/2017,138.59
2/13/2017,137.54
2/14/2017,136.98
2/15/2017,137.92
2/16/2017,139.28
2/17/2017,140.36
2/21/2017,142.52
2/22/2017,141.62
2/23/2017,140.73
2/24/2017,137.26
2/27/2017,132.43
2/28/2017,133.83
3/1/2017,135.9
3/2/2017,135.48
3/3/2017,134.49
3/6/2017,132.75
3/7/2017,132.05
3/8/2017,133.04
3/9/2017,131.82
3/10/2017,132.66
3/13/2017,133.6
3/14/2017,132.57
3/15/2017,132.24
3/16/2017,132.75
3/17/2017,133.32
3/20/2017,136.32
3/21/2017,135.85
3/22/2017,132.99
3/23/2017,131.86
3/24/2017,129.14
3/27/2017,130.64
3/28/2017,130.31
3/29/2017,130.74
3/30/2017,130.74
3/31/2017,130.74
4/3/2017,129.38
4/4/2017,129.28
4/5/2017,128.86
4/6/2017,129.28
4/7/2017,131.88
4/10/2017,132.12
4/11/2017,132.82
4/12/2017,131.53
4/13/2017,132.57
4/17/2017,134.68
4/18/2017,136.6
4/19/2017,132
4/20/2017,126.04
4/21/2017,124.73
4/24/2017,123.79
4/25/2017,124.26
4/26/2017,122.67
4/27/2017,121.54
4/28/2017,125.2
5/1/2017,127.5
5/2/2017,127.87
5/3/2017,129
5/4/2017,126.65
5/5/2017,127.36
5/8/2017,128.48
5/9/2017,126.84
5/10/2017,128.25
5/11/2017,126
5/12/2017,126.65
5/15/2017,125.25
5/16/2017,123.37
5/17/2017,126.14
5/18/2017,121.68
5/19/2017,123.98
5/22/2017,122.57
5/23/2017,122.24
5/24/2017,120.65
5/25/2017,121.35
5/26/2017,123.13
5/30/2017,123.98
5/31/2017,121.4
6/1/2017,119.85
6/2/2017,117.83
6/5/2017,120.55
6/6/2017,117.83
6/7/2017,118.45
6/8/2017,119.45
6/9/2017,120.07
6/12/2017,121.41
6/13/2017,120.74
6/14/2017,119.9
6/15/2017,120.18
6/16/2017,118.21
6/19/2017,118.82
6/20/2017,116.94
6/21/2017,114.55
6/22/2017,109.34
6/23/2017,115.44
6/26/2017,116.85
6/27/2017,117.6
6/28/2017,116.75
6/29/2017,118.58
6/30/2017,117.97
7/3/2017,119.85
7/5/2017,122.01
7/6/2017,121.16
7/7/2017,120.98
7/10/2017,120.69
7/11/2017,119.1
7/12/2017,119.76
7/13/2017,123.13
7/14/2017,125.48
7/17/2017,125.34
7/18/2017,126.61
7/19/2017,127.45
7/20/2017,126.7
7/21/2017,128.16
7/24/2017,124.4
7/25/2017,122.57
7/26/2017,126.51
7/27/2017,127.59
7/28/2017,129.38
7/31/2017,130.69
8/1/2017,129.38
8/2/2017,131.72
8/3/2017,131.58
8/4/2017,131.53
8/7/2017,133.97
8/8/2017,135.31
8/9/2017,135.85
8/10/2017,132.61
8/11/2017,135.01
8/14/2017,131.86
8/15/2017,127.22
8/16/2017,126.23
8/17/2017,123.93
8/18/2017,123.6
8/21/2017,122.15
8/22/2017,121.16
8/23/2017,120.79
8/24/2017,120.04
8/25/2017,123.32
8/28/2017,123.28
8/29/2017,120.74
8/30/2017,120.32
8/31/2017,121.4
9/1/2017,121.12
9/5/2017,119.99
9/6/2017,120.04
9/7/2017,121.21
9/8/2017,122.62
9/11/2017,123.74
9/12/2017,126.75
9/13/2017,129.38
9/14/2017,129.19
9/15/2017,132.71
9/18/2017,131.72
9/19/2017,127.03
9/20/2017,128.16
9/21/2017,126.7
9/22/2017,126.18
9/25/2017,123.46
9/26/2017,124.12
9/27/2017,121.4
9/28/2017,120.6
9/29/2017,120.18
10/2/2017,119.38
10/3/2017,117.74
10/4/2017,117.46
10/5/2017,119.38
10/6/2017,122.01
10/9/2017,122.9
10/10/2017,122.95
10/11/2017,119.01
10/12/2017,118.58
10/13/2017,118.68
10/16/2017,116.14
10/17/2017,116.52
10/18/2017,116.66
10/19/2017,119.05
10/20/2017,117.55
10/23/2017,116.71
10/24/2017,115.63
10/25/2017,116.47
10/26/2017,116.89
10/27/2017,118.82
10/30/2017,118.16
10/31/2017,117.41
11/1/2017,115.39
11/2/2017,118.63
11/3/2017,116.33
11/6/2017,117.83
11/7/2017,117.69
11/8/2017,119.31
11/9/2017,120.54
11/10/2017,122.22
11/13/2017,122.71
11/14/2017,122.43
11/15/2017,122.1
11/16/2017,122.15
11/17/2017,119.43
11/20/2017,118.02
11/21/2017,118.86
11/22/2017,119.19
11/24/2017,119.71
11/27/2017,120.32
11/28/2017,121.87
11/29/2017,124.07
11/30/2017,120.6
12/1/2017,121.59
12/4/2017,120.6
12/5/2017,119.57
12/6/2017,118.35
12/7/2017,115.34
12/8/2017,115.06
12/11/2017,112.62
12/12/2017,111.17
12/13/2017,112.72
12/14/2017,112.9
12/15/2017,113.33
12/18/2017,114.41
12/19/2017,114.27
12/20/2017,115.58
12/21/2017,114.73
12/22/2017,113
12/26/2017,114.69
12/27/2017,116.85
12/28/2017,117.13
12/29/2017,118.44
1/2/2018,122.2
1/3/2018,120.69
1/4/2018,121.59
1/5/2018,120.55
1/8/2018,117.46
1/9/2018,117.46
1/10/2018,116.33
1/11/2018,115.25
1/12/2018,114.73
1/16/2018,113.05
1/17/2018,115.53
1/18/2018,113.66
1/19/2018,113.8
1/22/2018,115.02
1/23/2018,113.51
1/24/2018,114.97
1/25/2018,116.05
1/26/2018,117.46
1/29/2018,117.27
1/30/2018,114.78
1/31/2018,114.36
2/1/2018,113.94
2/2/2018,113
2/5/2018,112.44
2/6/2018,115.3
2/7/2018,116.12
2/8/2018,116.07
2/9/2018,115.46
2/12/2018,115.51
2/13/2018,117.36
2/14/2018,117.41
2/15/2018,116.52
2/16/2018,113.05
2/20/2018,112.34
2/21/2018,111.59
2/22/2018,113.47
2/23/2018,113.56
2/26/2018,114.41
2/27/2018,113.66
2/28/2018,114.5
3/1/2018,116.33
3/2/2018,114.69
3/5/2018,113.66
3/6/2018,113.8
3/7/2018,113.33
3/8/2018,112.9
3/9/2018,112.76
3/12/2018,112.11
3/13/2018,114.08
3/14/2018,113.61
3/15/2018,111.45
3/16/2018,110.79
3/19/2018,112.01
3/20/2018,111.64
3/21/2018,111.54
3/22/2018,111.68
3/23/2018,110
3/26/2018,110.89
3/27/2018,111.64
3/28/2018,110.51
3/29/2018,110.89
4/2/2018,109.24
4/3/2018,109.43
4/4/2018,109.71
4/5/2018,110.32
4/6/2018,110.6
4/9/2018,112.07
4/10/2018,111.47
4/11/2018,112.46
4/12/2018,112.62
4/13/2018,112.15
4/16/2018,109.39
4/17/2018,108.73
4/18/2018,109.95
4/19/2018,109.1
4/20/2018,110.46
4/23/2018,111.64
4/24/2018,113.05
4/25/2018,111.5
4/26/2018,112.29
4/27/2018,114.88
4/30/2018,115.25
5/1/2018,117.13
5/2/2018,116.14
5/3/2018,116.71
5/4/2018,115.06
5/7/2018,113.33
5/8/2018,112.25
5/9/2018,111.45
5/10/2018,112.2
5/11/2018,112.06
5/14/2018,110.37
5/15/2018,109.76
5/16/2018,110.09
5/17/2018,110.65
5/18/2018,110.75
5/21/2018,112.81
5/22/2018,113.42
5/23/2018,112.01
5/24/2018,113.14
5/25/2018,113
5/29/2018,112.86
5/30/2018,112.9
5/31/2018,116.1
6/1/2018,115.2
6/4/2018,114.03
6/5/2018,112.11
6/6/2018,110.98
6/7/2018,109.02
6/8/2018,110.89
6/11/2018,111.08
6/12/2018,111.75
6/13/2018,111.31
6/14/2018,110.7
6/15/2018,110.32
6/18/2018,109.53
6/19/2018,109.24
6/20/2018,109.48
6/21/2018,109.1
6/22/2018,109.76
6/25/2018,110
6/26/2018,110.46
6/27/2018,110.23
6/28/2018,108.63
6/29/2018,108.02
7/2/2018,104.79
7/3/2018,105.02
7/5/2018,102.44
7/6/2018,107.09
7/9/2018,107.98
7/10/2018,107.74
7/11/2018,105.16
7/12/2018,104.69
7/13/2018,103.14
7/16/2018,103.52
7/17/2018,102.53
7/18/2018,101.5
7/19/2018,102.11
7/20/2018,103.85
7/23/2018,104.79
7/24/2018,104.13
7/25/2018,104.18
7/26/2018,102.82
7/27/2018,103.66
7/30/2018,104.55
7/31/2018,103.14
8/1/2018,101.41
8/2/2018,100.14
8/3/2018,101.13
8/6/2018,102.06
8/7/2018,102.94
8/8/2018,102.4
8/9/2018,102.78
8/10/2018,102.71
8/13/2018,102.58
8/14/2018,101.83
8/15/2018,99.48
8/16/2018,98.87
8/17/2018,98.26
8/20/2018,94.74
8/21/2018,95.54
8/22/2018,94.7
8/23/2018,95.26
8/24/2018,98.26
8/27/2018,99.25
8/28/2018,96.72
8/29/2018,96.57
8/30/2018,96.34
8/31/2018,95.54
9/4/2018,95.21
9/5/2018,97.42
9/6/2018,95.92
9/7/2018,96.15
9/10/2018,95.03
9/11/2018,94.27
9/12/2018,95.82
9/13/2018,94.46
9/14/2018,93.57
9/17/2018,91.32
9/18/2018,89.96
9/19/2018,90.76
9/20/2018,93.62
9/21/2018,93.76
9/24/2018,92.44
9/25/2018,91.13
9/26/2018,91.74
9/27/2018,93.2
9/28/2018,96.15
10/1/2018,95.92
10/2/2018,101.03
10/3/2018,100.05
10/4/2018,100.38
10/5/2018,102.25
10/8/2018,104.97
10/9/2018,106.19
10/10/2018,105.02
10/11/2018,105.96
10/12/2018,109.39
10/15/2018,112.01
10/16/2018,110.42
10/17/2018,115.02
10/18/2018,114.55
10/19/2018,114.59
10/22/2018,110.42
10/23/2018,113.66
10/24/2018,112.86
10/25/2018,113.7
10/26/2018,112.29
10/29/2018,107.23
10/30/2018,105.49
10/31/2018,105.77
11/1/2018,110.56
11/2/2018,112.67
11/5/2018,109.9
11/6/2018,106.29
11/7/2018,109.22
11/8/2018,110.81
11/9/2018,108.91
11/12/2018,106.27
11/13/2018,105.82
11/14/2018,109.06
11/15/2018,106.8
11/16/2018,109.15
11/19/2018,109.48
11/20/2018,107.84
11/21/2018,107.09
11/23/2018,104.13
11/26/2018,103.99
11/27/2018,106.34
11/28/2018,106.9
11/29/2018,105.4
11/30/2018,100.94
12/3/2018,101.17
12/4/2018,100.33
12/5/2018,99.44
12/6/2018,99.44
12/7/2018,97.7
12/10/2018,98.69
12/11/2018,96.06
12/12/2018,96.72
12/13/2018,97.7
12/14/2018,95.96
12/17/2018,93.95
12/18/2018,93.29
12/19/2018,94.65
12/20/2018,96.2
12/21/2018,93.57
12/24/2018,95.92
12/26/2018,97.51
12/27/2018,95.5
12/28/2018,94.74
12/31/2018,95.59
1/2/2019,93.38
1/3/2019,95.87
1/4/2019,95.35
1/7/2019,96.43
1/8/2019,98.59
1/9/2019,98.83
1/10/2019,97.84
1/11/2019,97.47
1/14/2019,96.43
1/15/2019,95.07
1/16/2019,96.11
1/17/2019,96.11
1/18/2019,98.5
1/22/2019,97
1/23/2019,97.04
1/24/2019,98.83
1/25/2019,100.23
1/28/2019,96.34
1/29/2019,96.29
1/30/2019,95.82
1/31/2019,99.39
2/1/2019,97.33
2/4/2019,99.11
2/5/2019,98.4
2/6/2019,99.01
2/7/2019,98.45
2/8/2019,97.42
2/11/2019,95.79
2/12/2019,96.6
2/13/2019,96.01
2/14/2019,95.21
2/15/2019,95.4
2/19/2019,94.65
2/20/2019,95.17
2/21/2019,93.34
2/22/2019,93.85
2/25/2019,93.71
2/26/2019,90.85
2/27/2019,92.87
2/28/2019,92.4
3/1/2019,94.04
3/4/2019,91.37
3/5/2019,93.52
3/6/2019,92.63
3/7/2019,90.9
3/8/2019,92.44
3/11/2019,91.22
3/12/2019,90.1
3/13/2019,91.65
3/14/2019,91.18
3/15/2019,91.79
3/18/2019,90.9
3/19/2019,90.71
3/20/2019,88.93
3/21/2019,88.97
3/22/2019,88.13
3/25/2019,88.46
3/26/2019,89.49
3/27/2019,88.08
3/28/2019,88.22
3/29/2019,88.69
4/1/2019,86.44
4/2/2019,86.02
4/3/2019,89.49
4/4/2019,89.44
4/5/2019,87.95
4/8/2019,88.19
4/9/2019,89.27
4/10/2019,90.33
4/11/2019,87
4/12/2019,87.24
4/15/2019,88.13
4/16/2019,87.24
4/17/2019,84.14
4/18/2019,87.19
4/22/2019,87.14
4/23/2019,87.52
4/24/2019,86.67
4/25/2019,87.61
4/26/2019,88.32
4/29/2019,86.95
4/30/2019,87.42
5/1/2019,85.5
5/2/2019,85.92
5/3/2019,85.03
5/6/2019,84.61
5/7/2019,82.59
5/8/2019,83.11
5/9/2019,85.27
5/10/2019,85.22
5/13/2019,84.09
5/14/2019,85.36
5/15/2019,85.69
5/16/2019,86.02
5/17/2019,83.53
5/20/2019,84.37
5/21/2019,87.19
5/22/2019,86.11
5/23/2019,87.75
5/24/2019,87.56
5/28/2019,90.15
5/29/2019,93.38
5/30/2019,96.06
5/31/2019,98.17
6/3/2019,97.37
6/4/2019,99.16
6/5/2019,93.01
6/6/2019,95.78
6/7/2019,95.24
6/10/2019,93.5
6/11/2019,92.44
6/12/2019,94.8
6/13/2019,93.62
6/14/2019,92.02
6/17/2019,92.21
6/18/2019,90.66
6/19/2019,91.93
6/20/2019,95.54
6/21/2019,94.46
6/24/2019,96.67
6/25/2019,100.84
6/26/2019,99.53
6/27/2019,100.14
6/28/2019,102.72
7/1/2019,104.5
7/2/2019,102.91
7/3/2019,106.66
7/5/2019,104.27
7/8/2019,99.86
7/9/2019,100.84
7/10/2019,99.39
7/11/2019,100.38
7/12/2019,100.09
7/15/2019,103.47
7/16/2019,99.06
7/17/2019,100.8
7/18/2019,101.92
7/19/2019,100.7
7/22/2019,98.64
7/23/2019,96.01
7/24/2019,94.79
7/25/2019,94.46
7/26/2019,93.62
7/29/2019,94.93
7/30/2019,93.38
7/31/2019,93.52
8/1/2019,91.27
8/2/2019,92.12
8/5/2019,89.77
8/6/2019,91.08
8/7/2019,91.58
8/8/2019,92.71
8/9/2019,93.23
8/12/2019,90.65
8/13/2019,93.57
8/14/2019,91.88
8/15/2019,91.98
8/16/2019,90.43
8/19/2019,88.97
8/20/2019,89.39
8/21/2019,90.71
8/22/2019,91.32
8/23/2019,90.15
8/26/2019,91.51
8/27/2019,91.18
8/28/2019,91.55
8/29/2019,89.39
8/30/2019,90.9
9/3/2019,89.68
9/4/2019,90.66
9/5/2019,89.54
9/6/2019,91.08
9/9/2019,92.21
9/10/2019,95.35
9/11/2019,97.04
9/12/2019,97.23
9/13/2019,96.43
9/16/2019,97.89
9/17/2019,94.18
9/18/2019,94.18
9/19/2019,92.3
9/20/2019,92.35
9/23/2019,92.91
9/24/2019,93.05
9/25/2019,94.74
9/26/2019,94.65
9/27/2019,94.7
9/30/2019,94.93
10/1/2019,95.12
10/2/2019,94.42
10/3/2019,95.78
10/4/2019,92.91
10/7/2019,91.04
10/8/2019,89.82
10/9/2019,89.58
10/10/2019,87.75
10/11/2019,87.94
10/14/2019,89.02
10/15/2019,88.64
10/16/2019,87.8
10/17/2019,87.19
10/18/2019,89.82
10/21/2019,90.43
10/22/2019,92.82
10/23/2019,91.74
10/24/2019,90.52
10/25/2019,93.34
10/28/2019,94.32
10/29/2019,92.87
10/30/2019,93.24
10/31/2019,95.68
11/1/2019,97.61
11/4/2019,97.28
11/5/2019,99.3
11/6/2019,101.36
11/7/2019,103.05
11/8/2019,104
11/11/2019,101.43
11/12/2019,101.59
11/13/2019,104.32
11/14/2019,104.65
11/15/2019,102.91
11/18/2019,102.49
11/19/2019,99.62
11/20/2019,104.13
11/21/2019,109.1
11/22/2019,108.54
11/25/2019,111.59
11/26/2019,109.67
11/27/2019,111.17
11/29/2019,111.73
12/2/2019,114.5
12/3/2019,116.19
12/4/2019,113.8
12/5/2019,117.18
12/6/2019,117.13
12/9/2019,120.51
12/10/2019,125.11
12/11/2019,126.89
12/12/2019,128.81
12/13/2019,122.85
12/16/2019,130.41
12/17/2019,125.48
12/18/2019,125.01
12/19/2019,119.38
12/20/2019,122.67
12/23/2019,117.6
12/24/2019,121.45
12/26/2019,119.47
12/27/2019,124.35
12/30/2019,124.03
12/31/2019,121.73
1/2/2020,119.29
1/3/2020,118.58
1/6/2020,114.64
1/7/2020,114.88
1/8/2020,111.83
1/9/2020,110.14
1/10/2020,111.64
1/13/2020,107.51
1/14/2020,107.84
1/15/2020,107.27
1/16/2020,106.01
1/17/2020,105.26
1/21/2020,104.22
1/22/2020,104.18
1/23/2020,105.68
1/24/2020,103.38
1/27/2020,100.05
1/28/2020,98.59
1/29/2020,95.78
1/30/2020,95.26
1/31/2020,96.34
2/3/2020,91.88
2/4/2020,92.12
2/5/2020,91.74
2/6/2020,92.12
2/7/2020,92.71
2/10/2020,94.81
2/11/2020,95.48
2/12/2020,96.04
2/13/2020,100.14
2/14/2020,104.5
2/18/2020,102.16
2/19/2020,102.3
2/20/2020,98.5
2/21/2020,103.47
2/24/2020,100.33
2/25/2020,101.83
2/26/2020,103.85
2/27/2020,103
2/28/2020,104.5
3/2/2020,108.49
3/3/2020,114.69
3/4/2020,111.12
3/5/2020,104.5
3/6/2020,100.8
3/9/2020,102.49
3/10/2020,107.32
3/11/2020,105.16
3/12/2020,102.16
3/13/2020,100.19
3/16/2020,97.51
3/17/2020,96.29
3/18/2020,101.64
3/19/2020,105.77
3/20/2020,112.34
3/23/2020,113.8
3/24/2020,117.88
3/25/2020,121.96
3/26/2020,116.99
3/27/2020,108.73
3/30/2020,111.97
3/31/2020,112.2
4/1/2020,108.87
4/2/2020,112.01
4/3/2020,107.84
4/6/2020,109.48
4/7/2020,112.75
4/8/2020,112.85
4/9/2020,111.96
4/13/2020,113.03
4/14/2020,111.07
4/15/2020,113.75
4/16/2020,112.34
4/17/2020,110.32
4/20/2020,108.17
4/21/2020,104.65
4/22/2020,105.16
4/23/2020,105.49
4/24/2020,100.19
4/27/2020,99.67
4/28/2020,100.99
4/29/2020,98.83
4/30/2020,99.77
5/1/2020,99.58
5/4/2020,100.61
5/5/2020,103.85
5/6/2020,103.8
5/7/2020,102.3
5/8/2020,104.79
5/11/2020,103.94
5/12/2020,100.75
5/13/2020,98.59
5/14/2020,100.14
5/15/2020,100.28
5/18/2020,101.13
5/19/2020,100.47
5/20/2020,99.16
5/21/2020,98.31
5/22/2020,97.23
5/26/2020,98.64
5/27/2020,96.2
5/28/2020,93.01
5/29/2020,90.38
6/1/2020,92.26
6/2/2020,92.16
6/3/2020,93.01
6/4/2020,92.12
6/5/2020,93.15
6/8/2020,93.5
6/9/2020,92.86
6/10/2020,92.15
6/11/2020,91.69
6/12/2020,91.04
6/15/2020,90
6/16/2020,89.72
6/17/2020,92.12
6/18/2020,90.8
6/19/2020,90
6/22/2020,91.98
6/23/2020,92.16
6/24/2020,91.79
6/25/2020,89.91
6/26/2020,90.71
6/29/2020,93.95
6/30/2020,94.79
7/1/2020,97.61
7/2/2020,96.86
7/6/2020,92.12
7/7/2020,94.13
7/8/2020,93.85
7/9/2020,92.68
7/10/2020,91.41
7/13/2020,92.59
7/14/2020,91.93
7/15/2020,91.22
7/16/2020,92.3
7/17/2020,96.01
7/20/2020,93.62
7/21/2020,95.5
7/22/2020,101.69
7/23/2020,100.89
7/24/2020,101.74
7/27/2020,103.61
7/28/2020,102.91
7/29/2020,104.74
7/30/2020,108.26
7/31/2020,111.64
8/3/2020,110.65
8/4/2020,113.61
8/5/2020,114.08
8/6/2020,109.81
8/7/2020,108.81
8/10/2020,106.69
8/11/2020,105.77
8/12/2020,106.81
8/13/2020,110.84
8/14/2020,109.29
8/17/2020,110.23
8/18/2020,113.61
8/19/2020,112.01
8/20/2020,111.64
8/21/2020,112.44
8/24/2020,112.76
8/25/2020,115.39
8/26/2020,114.59
8/27/2020,114.83
8/28/2020,118.58
8/31/2020,121.12
9/1/2020,123.32
9/2/2020,123.23
9/3/2020,123.13
9/4/2020,125.76
9/8/2020,123.98
9/9/2020,120.93
9/10/2020,123.6
9/11/2020,124.31
9/14/2020,115.49
9/15/2020,114.31
9/16/2020,112.48
9/17/2020,110.75
9/18/2020,106.52
9/21/2020,105.11
9/22/2020,103.85
9/23/2020,103.71
9/24/2020,104.32
9/25/2020,106.66
9/28/2020,102.82
9/29/2020,102.82
9/30/2020,104.13
10/1/2020,100.47
10/2/2020,102.25
10/5/2020,100.61
10/6/2020,101.03
10/7/2020,102.86
10/8/2020,103.47
10/9/2020,104.69
10/12/2020,102.44
10/13/2020,103.33
10/14/2020,102.86
10/15/2020,102.77
10/16/2020,100.66
10/19/2020,99.53
10/20/2020,98.45
10/21/2020,97.75
10/22/2020,100.14
10/23/2020,99.11
10/26/2020,100.09
10/27/2020,100.38
10/28/2020,98.55
10/29/2020,98.17
10/30/2020,97.98
11/2/2020,96.48
11/3/2020,97.09
11/4/2020,96.67
11/5/2020,99.44
11/6/2020,100.84
11/9/2020,101.3
11/10/2020,102.22
11/11/2020,104.53
11/12/2020,106.01
11/13/2020,105.3
11/16/2020,111.45
11/17/2020,112.15
11/18/2020,115.3
11/19/2020,115.63
11/20/2020,110.79
11/23/2020,109.85
11/24/2020,108.78
11/25/2020,109.95
11/27/2020,116.56
11/30/2020,115.72
12/1/2020,111.17
12/2/2020,111.78
12/3/2020,112.67
12/4/2020,110.32
12/7/2020,111.78
12/8/2020,111.92
12/9/2020,109.85
12/10/2020,113.61
12/11/2020,114.12
12/14/2020,118.4
12/15/2020,116.99
12/16/2020,118.82
12/17/2020,118.82
12/18/2020,117.55
12/21/2020,116.66
12/22/2020,116.56
12/23/2020,116.89
12/24/2020,118.21
12/28/2020,115.77
12/29/2020,117.69
12/30/2020,117.69
12/31/2020,120.37
1/4/2021,118.4
1/5/2021,117.41
1/6/2021,113.47
1/7/2021,113.66
1/8/2021,116.1
1/11/2021,113.98
1/12/2021,113.94
1/13/2021,117.55
1/14/2021,119.52
1/15/2021,120.27
1/19/2021,119.33
1/20/2021,117.5
1/21/2021,118.68
1/22/2021,116.42
1/25/2021,115.67
1/26/2021,116.85
1/27/2021,117.79
1/28/2021,116.38
1/29/2021,115.39
2/1/2021,117.64
2/2/2021,115.81
2/3/2021,116.33
2/4/2021,116.42
2/5/2021,117.25
2/8/2021,117.28
2/9/2021,116.55
2/10/2021,115.19
2/11/2021,115.49
2/12/2021,115.49
2/16/2021,118.44
2/17/2021,119.57
2/18/2021,121.35
2/19/2021,121.21
2/22/2021,126.65
2/23/2021,129.8
2/24/2021,128.81
2/25/2021,131.44
2/26/2021,129.05
3/1/2021,127.45
3/2/2021,125.62
3/3/2021,124.64
3/4/2021,124.03
3/5/2021,120.93
3/8/2021,121.21
3/9/2021,122.38
3/10/2021,122.81
3/11/2021,124.21
3/12/2021,124.82
3/15/2021,123.98
3/16/2021,126.23
3/17/2021,125.34
3/18/2021,121.96
3/19/2021,121.07
3/22/2021,122.1
3/23/2021,119.76
3/24/2021,118.72
3/25/2021,118.82
3/26/2021,120.6
3/29/2021,119.24
3/30/2021,115.06
3/31/2021,115.91
4/1/2021,114.12
4/5/2021,114.59
4/6/2021,119.05
4/7/2021,118.96
4/8/2021,120.35
4/9/2021,120.14
4/12/2021,121.3
4/13/2021,123.48
4/14/2021,125.81
4/15/2021,126.42
4/16/2021,123.13
4/19/2021,123.79
4/20/2021,126.18
4/21/2021,125.95
4/22/2021,127.78
4/23/2021,129.99
4/26/2021,134.54
4/27/2021,136.93
4/28/2021,136.88
4/29/2021,134.21
4/30/2021,132.75
5/3/2021,131.63
5/4/2021,131.72
5/5/2021,140.64
5/6/2021,144.81
5/7/2021,143.5
5/10/2021,138.95
5/11/2021,140.87
5/12/2021,137.49
5/13/2021,137.4
5/14/2021,136.09
5/17/2021,136.79
5/18/2021,143.41
5/19/2021,141.67
5/20/2021,141.67
5/21/2021,140.87
5/24/2021,139.84
5/25/2021,141.25
5/26/2021,146.13
5/27/2021,145.8
5/28/2021,152.37
6/1/2021,151.15
6/2/2021,151.24
6/3/2021,147.91
6/4/2021,151.71
6/7/2021,150.69
6/8/2021,148.81
6/9/2021,148.72
6/10/2021,150.52
6/11/2021,149.79
6/14/2021,146.6
6/15/2021,143.83
6/16/2021,145.89
6/17/2021,142.28
6/18/2021,142.61
6/21/2021,144.58
6/22/2021,142.75
6/23/2021,144.44
6/24/2021,143.97
6/25/2021,148.1
6/28/2021,152.7
6/29/2021,150.35
6/30/2021,149.93
7/1/2021,146.79
7/2/2021,143.64
7/6/2021,139
7/7/2021,140.73
7/8/2021,142.89
7/9/2021,142.19
7/12/2021,144.53
7/13/2021,142.89
7/14/2021,146.97
7/15/2021,147.4
7/16/2021,151.43
7/19/2021,146.79
7/20/2021,156.55
7/21/2021,165.18
7/22/2021,181.75
7/23/2021,177.38
7/26/2021,195.03
7/27/2021,189.35
7/28/2021,188.13
7/29/2021,184.42
7/30/2021,168.51
8/2/2021,162.18
8/3/2021,164.1
8/4/2021,164.85
8/5/2021,166.03
8/6/2021,165.75
8/9/2021,169.49
8/10/2021,172.56
8/11/2021,174.91
8/12/2021,177.94
8/13/2021,174.33
8/16/2021,174.8
8/17/2021,170.81
8/18/2021,171.61
8/19/2021,170.15
8/20/2021,170.34
8/23/2021,170.67
8/24/2021,174.33
8/25/2021,174.89
8/26/2021,176.44
8/27/2021,180.38
8/30/2021,187.61
8/31/2021,183.86
9/1/2021,183.62
9/2/2021,182.4
9/3/2021,181.14
9/7/2021,182.03
9/8/2021,178.51
9/9/2021,175.93
9/10/2021,176.49
9/13/2021,175.32
9/14/2021,174.05
9/15/2021,175.83
9/16/2021,176.58
9/17/2021,174.94
9/20/2021,171.37
9/21/2021,172.08
9/22/2021,173.49
9/23/2021,178.88
9/24/2021,182.4
9/27/2021,181.75
9/28/2021,186.39
9/29/2021,181.51
9/30/2021,182.07
10/1/2021,191.51
10/4/2021,188.03
10/5/2021,180.1
10/6/2021,181.56
10/7/2021,185.73
10/8/2021,188.97
10/11/2021,191.69
10/12/2021,200.05
10/13/2021,195.82
10/14/2021,196.39
10/15/2021,190.9
10/18/2021,189.21
10/19/2021,191.69
10/20/2021,192.91
10/21/2021,190.8
10/22/2021,187.56
10/25/2021,190.1
10/26/2021,195.31
10/27/2021,188.97
10/28/2021,187.66
10/29/2021,191.41
11/1/2021,195.87
11/2/2021,195.26
11/3/2021,196.43
11/4/2021,195.78
11/5/2021,191.57
11/8/2021,188.43
11/9/2021,194.79
11/10/2021,193.49
11/11/2021,200.19
11/12/2021,208.31
11/15/2021,211.17
11/16/2021,210.7
11/17/2021,220.32
11/18/2021,215.06
11/19/2021,219.05
11/22/2021,217.08
11/23/2021,227.17
11/24/2021,230.31
11/26/2021,228.02
11/29/2021,218.68
11/30/2021,218.02
12/1/2021,218.91
12/2/2021,222.06
12/3/2021,228.39
12/6/2021,234.49
12/7/2021,228.34
12/8/2021,229.19
12/9/2021,225.43
12/10/2021,218.3
12/13/2021,222.15
12/14/2021,222.57
12/15/2021,222.71
12/16/2021,222.29
12/17/2021,220.32
12/20/2021,210.32
12/21/2021,214.22
12/22/2021,219.19
12/23/2021,216.99
12/27/2021,213.09
12/28/2021,211.73
12/29/2021,214.83
12/30/2021,214.78
12/31/2021,212.2
1/3/2022,209.57
1/4/2022,217.5
1/5/2022,217.5
1/6/2022,217.46
1/7/2022,223.79
1/10/2022,220.46
1/11/2022,222.48
1/12/2022,226.04
1/13/2022,222.43
1/14/2022,224.92
1/18/2022,224.87
1/19/2022,229.42
1/20/2022,228.67
1/21/2022,223.28
1/24/2022,218.63
1/25/2022,223.28
1/26/2022,224.21
1/27/2022,217.79
1/28/2022,221.4
1/31/2022,220.65
2/1/2022,222.15
2/2/2022,224.12
2/3/2022,228.91
2/4/2022,226.98
2/7/2022,226.92
2/8/2022,233.82
2/9/2022,242.52
2/10/2022,239.55
2/11/2022,236.56
2/14/2022,232.66
2/15/2022,236.27
2/16/2022,237.17
2/17/2022,235.24
2/18/2022,230.88
2/22/2022,232.05
2/23/2022,232.33
2/24/2022,223.28
2/25/2022,223.98
2/28/2022,218.58
3/1/2022,221.49
3/2/2022,215.11
3/3/2022,209.2
3/4/2022,210.46
3/7/2022,210.46
3/8/2022,218.58
3/9/2022,215.2
3/10/2022,210.42
3/11/2022,208.31
3/14/2022,205.35
3/15/2022,198.17
3/16/2022,204.13
3/17/2022,202.82
3/18/2022,206.52
3/21/2022,210.84
3/22/2022,211.22
3/23/2022,211.45
3/24/2022,208.21
3/25/2022,208.21
3/28/2022,201.36
3/29/2022,202.44
3/30/2022,208.21
3/31/2022,212.48
4/1/2022,214.36
4/4/2022,216.42
4/5/2022,217.08
4/6/2022,213.61
4/7/2022,212.25
4/8/2022,217.37
4/11/2022,222.03
4/12/2022,219.2
4/13/2022,211.31
4/14/2022,210
4/18/2022,210
4/19/2022,208.07
4/20/2022,205.96
4/21/2022,214.08
4/22/2022,213.19
4/25/2022,207.13
4/26/2022,207.56
4/27/2022,202.3
4/28/2022,204.22
4/29/2022,208.45
5/2/2022,202.63
5/3/2022,204.55
5/4/2022,207.23
5/5/2022,203.89
5/6/2022,197.51
5/9/2022,193.43
5/10/2022,191.27
5/11/2022,206.38
5/12/2022,202.06
5/13/2022,200.75
5/16/2022,210.98
5/17/2022,213.23
5/18/2022,204.22
5/19/2022,205.26
5/20/2022,202.58
5/23/2022,202.49
5/24/2022,200.52
5/25/2022,203.71
5/26/2022,212.67
5/27/2022,215.34
5/31/2022,217.03
6/1/2022,224.73
6/2/2022,223.6
6/3/2022,218.11
6/6/2022,222.95
6/7/2022,217.92
6/8/2022,217.65
6/9/2022,220.31
6/10/2022,214.75
6/13/2022,209.71
6/14/2022,212.95
6/15/2022,214.45
6/16/2022,217.55
6/17/2022,213.42
6/21/2022,218.07
6/22/2022,221.87
6/23/2022,214.92
6/24/2022,209.53
6/27/2022,208.45
6/28/2022,204.36
6/29/2022,214.22
6/30/2022,215.95
7/1/2022,210.84
7/5/2022,207.46
7/6/2022,205.73
7/7/2022,205.44
7/8/2022,206.9
7/11/2022,200.14
7/12/2022,192.73
7/13/2022,194.6
7/14/2022,183.29
7/15/2022,187.52
7/18/2022,201.97
7/19/2022,203.19
7/20/2022,204.74
7/21/2022,202.58
7/22/2022,193.99
7/25/2022,197.14
7/26/2022,200.09
7/27/2022,205.63
7/28/2022,204.97
7/29/2022,203.85
8/1/2022,200.09
8/2/2022,197
8/3/2022,201.45
8/4/2022,205.82
8/5/2022,196
8/8/2022,197.59
8/9/2022,197.56
8/10/2022,203.29
8/11/2022,206.05
8/12/2022,208.73
8/15/2022,207.93
8/16/2022,203
8/17/2022,201.22
8/18/2022,198.83
8/19/2022,200.23
8/22/2022,207.6
8/23/2022,214.22
8/24/2022,224.31
8/25/2022,224.78
8/26/2022,223.46
8/29/2022,222.06
8/30/2022,220.74
8/31/2022,220.79
9/1/2022,218.21
9/2/2022,214.73
9/6/2022,216.1
9/7/2022,209.53
9/8/2022,208.54
9/9/2022,214.45
9/12/2022,210.93
9/13/2022,207.13
9/14/2022,201.64
9/15/2022,203.1
9/16/2022,201.88
9/19/2022,207.51
9/20/2022,211.31
9/21/2022,207.7
9/22/2022,209.81
9/23/2022,206.9
9/26/2022,210.04
9/27/2022,210.56
9/28/2022,214.64
9/29/2022,211.83
9/30/2022,207.93
10/3/2022,202.49
10/4/2022,205.82
10/5/2022,210.84
10/6/2022,204.32
10/7/2022,204.69
10/10/2022,204.08
10/11/2022,204.46
10/12/2022,196.86
10/13/2022,189.72
10/14/2022,184.61
10/17/2022,183.53
10/18/2022,183.11
10/19/2022,180.48
10/20/2022,179.31
10/21/2022,179.16
10/24/2022,178.7
10/25/2022,174.38
10/26/2022,168.7
10/27/2022,167.86
10/28/2022,159.36
10/31/2022,166.78
11/1/2022,163.87
11/2/2022,170.95
11/3/2022,161.61
11/4/2022,164.95
11/7/2022,159.22
11/8/2022,155.35
11/9/2022,153.42
11/10/2022,158.01
11/11/2022,157.77
11/14/2022,156.64
11/15/2022,149.69
11/16/2022,148.66
11/17/2022,146.74
11/18/2022,145.57
11/21/2022,150.54
11/22/2022,154.58
11/23/2022,152.75
11/25/2022,154.9
11/28/2022,152.84
11/29/2022,158.52
11/30/2022,159.46
12/1/2022,155.56
12/2/2022,152.6