Effective date ,S&P GSCI Copper
11/30/2012,566.29
12/3/2012,566.89
12/4/2012,568.68
12/5/2012,571.71
12/6/2012,566.34
12/7/2012,568.86
12/10/2012,575.9
12/11/2012,573.54
12/12/2012,575.78
12/13/2012,571.91
12/14/2012,571.27
12/17/2012,571.02
12/18/2012,568.2
12/19/2012,561.27
12/20/2012,550.25
12/21/2012,554.73
12/24/2012,553.28
12/26/2012,553.28
12/27/2012,560.64
12/28/2012,558.6
12/31/2012,561.65
1/2/2013,581.24
1/3/2013,577.91
1/4/2013,572.17
1/7/2013,571.04
1/8/2013,571.78
1/9/2013,571.93
1/10/2013,574.56
1/11/2013,569.77
1/14/2013,566.54
1/15/2013,566.11
1/16/2013,562.73
1/17/2013,570.38
1/18/2013,570.97
1/22/2013,575.93
1/23/2013,573.82
1/24/2013,573.15
1/25/2013,568.38
1/28/2013,569.65
1/29/2013,573.39
1/30/2013,582.11
1/31/2013,577.75
2/1/2013,586.65
2/4/2013,587.62
2/5/2013,585.05
2/6/2013,583.28
2/7/2013,580.23
2/8/2013,587.05
2/11/2013,580.39
2/12/2013,583
2/13/2013,582.43
2/14/2013,583.35
2/15/2013,580.91
2/19/2013,569.78
2/20/2013,563.35
2/21/2013,556.38
2/22/2013,552.17
2/25/2013,554.72
2/26/2013,556.13
2/27/2013,556.86
2/28/2013,552.89
3/1/2013,544.95
3/4/2013,546.46
3/5/2013,549.76
3/6/2013,543.89
3/7/2013,549.35
3/8/2013,547.81
3/11/2013,549.02
3/12/2013,554.22
3/13/2013,551.28
3/14/2013,552.17
3/15/2013,548.76
3/18/2013,536.18
3/19/2013,532.96
3/20/2013,539.41
3/21/2013,536.75
3/22/2013,541.92
3/25/2013,539.32
3/26/2013,539.65
3/27/2013,538.27
3/28/2013,533.54
4/1/2013,533.54
4/2/2013,528.21
4/3/2013,522.71
4/4/2013,526.44
4/5/2013,524.11
4/8/2013,527.29
4/9/2013,540.24
4/10/2013,536.46
4/11/2013,539
4/12/2013,524.54
4/15/2013,510.01
4/16/2013,517.03
4/17/2013,501.41
4/18/2013,502.19
4/19/2013,495.18
4/22/2013,491.31
4/23/2013,486.72
4/24/2013,497.91
4/25/2013,508.29
4/26/2013,497.53
4/29/2013,506.2
4/30/2013,499.18
5/1/2013,480.77
5/2/2013,484.53
5/3/2013,514.65
5/6/2013,514.65
5/7/2013,514.39
5/8/2013,525.4
5/9/2013,520.87
5/10/2013,522.49
5/13/2013,525.19
5/14/2013,513.07
5/15/2013,509.76
5/16/2013,515.5
5/17/2013,517.26
5/20/2013,523.87
5/21/2013,521.81
5/22/2013,529.34
5/23/2013,516.87
5/24/2013,516.78
5/28/2013,518.32
5/29/2013,514.15
5/30/2013,517.86
5/31/2013,517.36
6/3/2013,519.42
6/4/2013,527.45
6/5/2013,527.36
6/6/2013,518.73
6/7/2013,511.5
6/10/2013,506.73
6/11/2013,499.95
6/12/2013,504.03
6/13/2013,499.18
6/14/2013,501.96
6/17/2013,501.47
6/18/2013,495.96
6/19/2013,492.84
6/20/2013,479.41
6/21/2013,482.74
6/24/2013,472.26
6/25/2013,481.14
6/26/2013,476.91
6/27/2013,478.16
6/28/2013,478.32
7/1/2013,495.28
7/2/2013,490.64
7/3/2013,496.31
7/5/2013,481.35
7/8/2013,484.14
7/9/2013,477.26
7/10/2013,483.98
7/11/2013,496.37
7/12/2013,493.05
7/15/2013,490.11
7/16/2013,495.99
7/17/2013,488.18
7/18/2013,489.22
7/19/2013,490.39
7/22/2013,498.44
7/23/2013,499
7/24/2013,500.24
7/25/2013,497.16
7/26/2013,486.32
7/29/2013,487.41
7/30/2013,477.31
7/31/2013,487.7
8/1/2013,496.1
8/2/2013,496.24
8/5/2013,494.1
8/6/2013,496.26
8/7/2013,496.18
8/8/2013,508.91
8/9/2013,515.36
8/12/2013,513.67
8/13/2013,515.43
8/14/2013,518.48
8/15/2013,517.79
8/16/2013,524.17
8/19/2013,517.42
8/20/2013,518.37
8/21/2013,512.68
8/22/2013,518.34
8/23/2013,521.17
8/26/2013,521.17
8/27/2013,517.86
8/28/2013,516.12
8/29/2013,506.41
8/30/2013,502.69
9/3/2013,512.79
9/4/2013,504
9/5/2013,502.76
9/6/2013,506.43
9/9/2013,508.96
9/10/2013,507.23
9/11/2013,507.38
9/12/2013,499.77
9/13/2013,498.56
9/16/2013,501.7
9/17/2013,501.01
9/18/2013,508.75
9/19/2013,519.52
9/20/2013,515.55
9/23/2013,512.83
9/24/2013,505.83
9/25/2013,509.46
9/26/2013,513.23
9/27/2013,516.9
9/30/2013,517.04
10/1/2013,509.46
10/2/2013,515.15
10/3/2013,508.27
10/4/2013,513.71
10/7/2013,512.65
10/8/2013,512.4
10/9/2013,502.52
10/10/2013,505.93
10/11/2013,509.99
10/14/2013,513.98
10/15/2013,512.88
10/16/2013,514.39
10/17/2013,512.15
10/18/2013,513.27
10/21/2013,513.18
10/22/2013,519.56
10/23/2013,508.01
10/24/2013,508.29
10/25/2013,509.34
10/28/2013,509.64
10/29/2013,510.63
10/30/2013,516.97
10/31/2013,513.96
11/1/2013,513.53
11/4/2013,506.45
11/5/2013,507.55
11/6/2013,504.18
11/7/2013,506.47
11/8/2013,507.96
11/11/2013,508.27
11/12/2013,504.53
11/13/2013,494.7
11/14/2013,495.53
11/15/2013,496.75
11/18/2013,494.27
11/19/2013,494.04
11/20/2013,496.06
11/21/2013,498.05
11/22/2013,503.29
11/25/2013,503.51
11/26/2013,501.04
11/27/2013,497.66
11/29/2013,500.3
12/2/2013,494.4
12/3/2013,493.21
12/4/2013,502.97
12/5/2013,501.04
12/6/2013,504.91
12/9/2013,505.93
12/10/2013,507.67
12/11/2013,511.95
12/12/2013,512.33
12/13/2013,514.42
12/16/2013,517.08
12/17/2013,516.12
12/18/2013,515.41
12/19/2013,510.52
12/20/2013,513.36
12/23/2013,513.75
12/24/2013,516.65
12/26/2013,516.65
12/27/2013,523.72
12/30/2013,523.21
12/31/2013,522.34
1/2/2014,524.66
1/3/2014,519.17
1/6/2014,520.2
1/7/2014,521.47
1/8/2014,520.95
1/9/2014,511.75
1/10/2014,518.21
1/13/2014,520.13
1/14/2014,516.42
1/15/2014,521.83
1/16/2014,518.64
1/17/2014,521.33
1/21/2014,521.44
1/22/2014,517.82
1/23/2014,511.3
1/24/2014,509.53
1/27/2014,507.58
1/28/2014,506.91
1/29/2014,505.95
1/30/2014,504.11
1/31/2014,502.05
2/3/2014,500.03
2/4/2014,500.46
2/5/2014,500.39
2/6/2014,506.98
2/7/2014,507.67
2/10/2014,504.01
2/11/2014,502.37
2/12/2014,508.13
2/13/2014,504.67
2/14/2014,507.51
2/18/2014,510.98
2/19/2014,510.13
2/20/2014,508.22
2/21/2014,508.57
2/24/2014,502.97
2/25/2014,502.26
2/26/2014,499.96
2/27/2014,499.57
2/28/2014,498.86
3/3/2014,495.39
3/4/2014,501.2
3/5/2014,499.68
3/6/2014,500.49
3/7/2014,481.64
3/10/2014,471.71
3/11/2014,459.47
3/12/2014,461.71
3/13/2014,455.16
3/14/2014,459.03
3/17/2014,459.88
3/18/2014,460.09
3/19/2014,465.23
3/20/2014,456.44
3/21/2014,460.09
3/24/2014,459.38
3/25/2014,468.7
3/26/2014,462.02
3/27/2014,465.94
3/28/2014,473.91
3/31/2014,471.68
4/1/2014,472.78
4/2/2014,473.59
4/3/2014,471.25
4/4/2014,469.55
4/7/2014,473.29
4/8/2014,473.22
4/9/2014,469.54
4/10/2014,472.07
4/11/2014,472.9
4/14/2014,472.81
4/15/2014,463.92
4/16/2014,469.66
4/17/2014,472
4/21/2014,472
4/22/2014,473.56
4/23/2014,473.73
4/24/2014,479.87
4/25/2014,480.57
4/28/2014,479.26
4/29/2014,476.82
4/30/2014,471.64
5/1/2014,471.96
5/2/2014,477.42
5/5/2014,477.42
5/6/2014,477.74
5/7/2014,472.9
5/8/2014,478.39
5/9/2014,479.51
5/12/2014,488.91
5/13/2014,486.17
5/14/2014,491.77
5/15/2014,489.22
5/16/2014,487.52
5/19/2014,492.13
5/20/2014,489.15
5/21/2014,485.47
5/22/2014,488.87
5/23/2014,492.84
5/27/2014,493.37
5/28/2014,494.4
5/29/2014,490
5/30/2014,486.88
6/2/2014,492.8
6/3/2014,487.84
6/4/2014,481.71
6/5/2014,480.93
6/6/2014,473.98
6/9/2014,473.01
6/10/2014,473.42
6/11/2014,474.45
6/12/2014,469.34
6/13/2014,471.75
6/16/2014,474.44
6/17/2014,475.51
6/18/2014,475.79
6/19/2014,477.03
6/20/2014,484.15
6/23/2014,488.73
6/24/2014,488.87
6/25/2014,490.85
6/26/2014,493.97
6/27/2014,493.3
6/30/2014,498.26
7/1/2014,498.44
7/2/2014,505.7
7/3/2014,509.25
7/7/2014,505.21
7/8/2014,505.64
7/9/2014,505.53
7/10/2014,508.17
7/11/2014,507.96
7/14/2014,505.21
7/15/2014,505.67
7/16/2014,501.82
7/17/2014,501.09
7/18/2014,495.28
7/21/2014,498.17
7/22/2014,499
7/23/2014,499.25
7/24/2014,508.4
7/25/2014,505.31
7/28/2014,504.94
7/29/2014,502.34
7/30/2014,505.63
7/31/2014,504.67
8/1/2014,501.63
8/4/2014,505.45
8/5/2014,500.24
8/6/2014,494.27
8/7/2014,496.37
8/8/2014,496.04
8/11/2014,495.95
8/12/2014,493.8
8/13/2014,488.05
8/14/2014,483.78
8/15/2014,487.06
8/18/2014,489.79
8/19/2014,487.13
8/20/2014,497.34
8/21/2014,497.59
8/22/2014,501.84
8/25/2014,501.84
8/26/2014,500.24
8/27/2014,498.51
8/28/2014,491.77
8/29/2014,495.28
9/2/2014,494.33
9/3/2014,490
9/4/2014,491.88
9/5/2014,495
9/8/2014,495.76
9/9/2014,485.2
9/10/2014,487.41
9/11/2014,484.93
9/12/2014,485.15
9/15/2014,484.12
9/16/2014,489.88
9/17/2014,491.95
9/18/2014,485.89
9/19/2014,485.59
9/22/2014,477.63
9/23/2014,477.39
9/24/2014,478.84
9/25/2014,475.75
9/26/2014,477.56
9/29/2014,479.16
9/30/2014,474.2
10/1/2014,475.06
10/2/2014,469.48
10/3/2014,472.28
10/6/2014,476.96
10/7/2014,473.99
10/8/2014,471.88
10/9/2014,477.78
10/10/2014,472.16
10/13/2014,476.68
10/14/2014,482.91
10/15/2014,471.61
10/16/2014,465.48
10/17/2014,471.68
10/20/2014,466.04
10/21/2014,473.82
10/22/2014,471.57
10/23/2014,476.18
10/24/2014,476.46
10/27/2014,479.3
10/28/2014,484.3
10/29/2014,485.78
10/30/2014,480.22
10/31/2014,477.03
11/3/2014,478.38
11/4/2014,473.42
11/5/2014,473.31
11/6/2014,475.05
11/7/2014,478.58
11/10/2014,474.31
11/11/2014,476.06
11/12/2014,475.03
11/13/2014,473.06
11/14/2014,476.46
11/17/2014,476.5
11/18/2014,471.43
11/19/2014,475.4
11/20/2014,474
11/21/2014,478.27
11/24/2014,474.55
11/25/2014,469.38
11/26/2014,467.21
11/28/2014,452.08
12/1/2014,459.59
12/2/2014,456.76
12/3/2014,454.31
12/4/2014,460.91
12/5/2014,459.11
12/8/2014,455.22
12/9/2014,460.39
12/10/2014,455.67
12/11/2014,458.78
12/12/2014,460.71
12/15/2014,454.24
12/16/2014,451.87
12/17/2014,452.36
12/18/2014,448.75
12/19/2014,455.2
12/22/2014,451.9
12/23/2014,450.31
12/24/2014,448.36
12/26/2014,448.36
12/29/2014,448.11
12/30/2014,450.45
12/31/2014,448.47
1/2/2015,445.21
1/5/2015,437.59
1/6/2015,437.83
1/7/2015,435.46
1/8/2015,434.43
1/9/2015,433.29
1/12/2015,428.37
1/13/2015,416.89
1/14/2015,394.67
1/15/2015,400.12
1/16/2015,406.15
1/20/2015,404.52
1/21/2015,410.15
1/22/2015,402.46
1/23/2015,392.12
1/26/2015,396.9
1/27/2015,385.24
1/28/2015,389.95
1/29/2015,383.75
1/30/2015,391.41
2/2/2015,391.19
2/3/2015,404.87
2/4/2015,405.85
2/5/2015,406.72
2/6/2015,401.29
2/9/2015,402.66
2/10/2015,396.95
2/11/2015,397.23
2/12/2015,407.14
2/13/2015,406.82
2/17/2015,400.67
2/18/2015,407.5
2/19/2015,407.97
2/20/2015,403.99
2/23/2015,402.53
2/24/2015,410.69
2/25/2015,410.26
2/26/2015,418.38
2/27/2015,418.87
3/2/2015,419.33
3/3/2015,413.4
3/4/2015,414.8
3/5/2015,414.34
3/6/2015,407.84
3/9/2015,416.83
3/10/2015,409.19
3/11/2015,406.58
3/12/2015,414.55
3/13/2015,415.58
3/16/2015,414.8
3/17/2015,410.47
3/18/2015,402.61
3/19/2015,415.88
3/20/2015,429.65
3/23/2015,435.07
3/24/2015,436.84
3/25/2015,435.25
3/26/2015,438.65
3/27/2015,430.07
3/30/2015,432.09
3/31/2015,429.19
4/1/2015,429.47
4/2/2015,424.83
4/6/2015,424.83
4/7/2015,430.71
4/8/2015,426.66
4/9/2015,425.56
4/10/2015,428.63
4/13/2015,425.04
4/14/2015,421.74
4/15/2015,422.42
4/16/2015,430
4/17/2015,430
4/20/2015,424.19
4/21/2015,421.25
4/22/2015,418.55
4/23/2015,420.89
4/24/2015,427.2
4/27/2015,430
4/28/2015,433.94
4/29/2015,435.96
4/30/2015,449.92
5/1/2015,454.17
5/4/2015,454.17
5/5/2015,459.43
5/6/2015,453.09
5/7/2015,453.85
5/8/2015,452.9
5/11/2015,451.35
5/12/2015,456.73
5/13/2015,454.17
5/14/2015,453.85
5/15/2015,454.74
5/18/2015,452.15
5/19/2015,440.78
5/20/2015,440.92
5/21/2015,443.19
5/22/2015,436.66
5/26/2015,432.66
5/27/2015,430.82
5/28/2015,431.77
5/29/2015,426.01
6/1/2015,426.67
6/2/2015,427.73
6/3/2015,425.64
6/4/2015,418.86
6/5/2015,420.44
6/8/2015,421.29
6/9/2015,422.59
6/10/2015,427.29
6/11/2015,416.46
6/12/2015,418.73
6/15/2015,411.61
6/16/2015,407.11
6/17/2015,407
6/18/2015,407.71
6/19/2015,400.89
6/22/2015,400.48
6/23/2015,409.39
6/24/2015,406.49
6/25/2015,408.59
6/26/2015,407.67
6/29/2015,410.23
6/30/2015,408.35
7/1/2015,409.04
7/2/2015,410.19
7/6/2015,395.84
7/7/2015,378.33
7/8/2015,391.34
7/9/2015,398.88
7/10/2015,396.11
7/13/2015,396.1
7/14/2015,394.28
7/15/2015,391.83
7/16/2015,393.83
7/17/2015,388.16
7/20/2015,388.11
7/21/2015,386.29
7/22/2015,379.71
7/23/2015,373.4
7/24/2015,372.76
7/27/2015,367.38
7/28/2015,375.25
7/29/2015,377.3
7/30/2015,372.52
7/31/2015,370.35
8/3/2015,369.65
8/4/2015,370.92
8/5/2015,366.81
8/6/2015,367.2
8/7/2015,366.37
8/10/2015,375.94
8/11/2015,362.93
8/12/2015,367.63
8/13/2015,367.45
8/14/2015,366.03
8/17/2015,362.49
8/18/2015,357.03
8/19/2015,354.26
8/20/2015,363.2
8/21/2015,358.71
8/24/2015,351.68
8/25/2015,360.29
8/26/2015,350.97
8/27/2015,365.53
8/28/2015,364.54
8/31/2015,364.54
9/1/2015,359.99
9/2/2015,363.69
9/3/2015,372.66
9/4/2015,363.53
9/8/2015,379.88
9/9/2015,380.98
9/10/2015,383.18
9/11/2015,381.11
9/14/2015,376.66
9/15/2015,379.36
9/16/2015,381.62
9/17/2015,382.65
9/18/2015,373.12
9/21/2015,373.97
9/22/2015,360.52
9/23/2015,359.05
9/24/2015,358.62
9/25/2015,356.71
9/28/2015,352.63
9/29/2015,353.04
9/30/2015,366.63
10/1/2015,361.85
10/2/2015,362.11
10/5/2015,367.59
10/6/2015,368.19
10/7/2015,368.21
10/8/2015,364.53
10/9/2015,375.99
10/12/2015,377.26
10/13/2015,374.25
10/14/2015,376.17
10/15/2015,376.7
10/16/2015,375.14
10/19/2015,369.33
10/20/2015,369.01
10/21/2015,367.32
10/22/2015,371.52
10/23/2015,367.43
10/26/2015,368.72
10/27/2015,370.78
10/28/2015,369.54
10/29/2015,364.38
10/30/2015,363.16
11/2/2015,364.01
11/3/2015,364.12
11/4/2015,364.61
11/5/2015,355.79
11/6/2015,353.88
11/9/2015,352.21
11/10/2015,349.54
11/11/2015,350.73
11/12/2015,342.23
11/13/2015,342.3
11/16/2015,332.72
11/17/2015,332.43
11/18/2015,327.38
11/19/2015,328.82
11/20/2015,325.29
11/23/2015,318.97
11/24/2015,327.29
11/25/2015,323.01
11/27/2015,324.87
11/30/2015,325.68
12/1/2015,328.84
12/2/2015,323.79
12/3/2015,323.32
12/4/2015,327.08
12/7/2015,323.13
12/8/2015,325.39
12/9/2015,324.84
12/10/2015,325.49
12/11/2015,333.57
12/14/2015,331.23
12/15/2015,323.68
12/16/2015,326.94
12/17/2015,322.58
12/18/2015,332.57
12/21/2015,336.23
12/22/2015,330.84
12/23/2015,334.84
12/24/2015,333
12/28/2015,333
12/29/2015,335.66
12/30/2015,336.1
12/31/2015,333.94
1/4/2016,327.17
1/5/2016,329.44
1/6/2016,327.68
1/7/2016,320.84
1/8/2016,317.97
1/11/2016,310.87
1/12/2016,308.35
1/13/2016,311.27
1/14/2016,312.99
1/15/2016,306.95
1/19/2016,312.48
1/20/2016,309.01
1/21/2016,314.25
1/22/2016,315.32
1/25/2016,313.31
1/26/2016,322.08
1/27/2016,325.72
1/28/2016,321.46
1/29/2016,323.64
2/1/2016,323.57
2/2/2016,322.74
2/3/2016,328.8
2/4/2016,332.54
2/5/2016,328.39
2/8/2016,327.01
2/9/2016,319.88
2/10/2016,315.28
2/11/2016,315.3
2/12/2016,319.14
2/16/2016,323.15
2/17/2016,325.42
2/18/2016,324.48
2/19/2016,327.84
2/22/2016,333.11
2/23/2016,329.54
2/24/2016,329.4
2/25/2016,326.55
2/26/2016,334.01
2/29/2016,333.21
3/1/2016,334.72
3/2/2016,339.89
3/3/2016,344.54
3/4/2016,356.8
3/7/2016,354.7
3/8/2016,345.33
3/9/2016,350.05
3/10/2016,346.84
3/11/2016,352.6
3/14/2016,350.93
3/15/2016,351.18
3/16/2016,350.3
3/17/2016,359.93
3/18/2016,358.02
3/21/2016,359.44
3/22/2016,359.62
3/23/2016,351.46
3/24/2016,351.25
3/28/2016,351.25
3/29/2016,347.32
3/30/2016,346.18
3/31/2016,344.38
4/1/2016,343.3
4/4/2016,337.87
4/5/2016,338.94
4/6/2016,339.77
4/7/2016,329.93
4/8/2016,329.81
4/11/2016,330.72
4/12/2016,338.1
4/13/2016,342.5
4/14/2016,342.64
4/15/2016,341.01
4/18/2016,342.43
4/19/2016,350.15
4/20/2016,353.34
4/21/2016,354.62
4/22/2016,357.14
4/25/2016,354.64
4/26/2016,352.17
4/27/2016,347.99
4/28/2016,350.86
4/29/2016,358.46
5/2/2016,358.46
5/3/2016,349.04
5/4/2016,345.35
5/5/2016,339.7
5/6/2016,341.35
5/9/2016,332.43
5/10/2016,331.95
5/11/2016,333.87
5/12/2016,327.12
5/13/2016,328.09
5/16/2016,329.26
5/17/2016,330.16
5/18/2016,327.21
5/19/2016,324.94
5/20/2016,324.74
5/23/2016,323.61
5/24/2016,326.46
5/25/2016,330.22
5/26/2016,330.71
5/27/2016,333.18
5/31/2016,331.44
6/1/2016,327.58
6/2/2016,326.87
6/3/2016,332.56
6/6/2016,332.33
6/7/2016,323.73
6/8/2016,324.38
6/9/2016,319.77
6/10/2016,319.49
6/13/2016,322.9
6/14/2016,319.6
6/15/2016,328.8
6/16/2016,321.59
6/17/2016,322.76
6/20/2016,329.26
6/21/2016,331.05
6/22/2016,333.39
6/23/2016,339.13
6/24/2016,333.18
6/27/2016,333.89
6/28/2016,341.61
6/29/2016,343.05
6/30/2016,343.56
7/1/2016,348.06
7/5/2016,341.03
7/6/2016,336.28
7/7/2016,331.8
7/8/2016,333.53
7/11/2016,336.13
7/12/2016,344.65
7/13/2016,349.67
7/14/2016,349.94
7/15/2016,348.33
7/18/2016,349.82
7/19/2016,353.01
7/20/2016,351.89
7/21/2016,352.62
7/22/2016,348.66
7/25/2016,347.07
7/26/2016,349.23
7/27/2016,343.49
7/28/2016,346.77
7/29/2016,348.82
8/1/2016,345.62
8/2/2016,346.36
8/3/2016,345.03
8/4/2016,341.86
8/5/2016,338.98
8/8/2016,340.51
8/9/2016,338.36
8/10/2016,341.43
8/11/2016,343.3
8/12/2016,337.09
8/15/2016,337.59
8/16/2016,340.73
8/17/2016,338.09
8/18/2016,340.51
8/19/2016,339.79
8/22/2016,336.23
8/23/2016,333.39
8/24/2016,327.91
8/25/2016,327.54
8/26/2016,326.69
8/29/2016,326.69
8/30/2016,326.09
8/31/2016,326.83
9/1/2016,327.72
9/2/2016,327.52
9/6/2016,326.9
9/7/2016,329.01
9/8/2016,330.06
9/9/2016,327.9
9/12/2016,329.02
9/13/2016,329.33
9/14/2016,338
9/15/2016,338.62
9/16/2016,339.11
9/19/2016,338.19
9/20/2016,339.31
9/21/2016,337.16
9/22/2016,343.69
9/23/2016,343.74
9/26/2016,342.78
9/27/2016,339.04
9/28/2016,341.26
9/29/2016,342.87
9/30/2016,344.48
10/3/2016,341.08
10/4/2016,340
10/5/2016,339.61
10/6/2016,336.54
10/7/2016,338.1
10/10/2016,343.15
10/11/2016,340.67
10/12/2016,340.88
10/13/2016,333.76
10/14/2016,331.12
10/17/2016,331.05
10/18/2016,331.46
10/19/2016,330.79
10/20/2016,329.44
10/21/2016,328.2
10/24/2016,328.39
10/25/2016,335.3
10/26/2016,335.76
10/27/2016,339.29
10/28/2016,343.03
10/31/2016,343.7
11/1/2016,348.47
11/2/2016,348.54
11/3/2016,351.39
11/4/2016,353.52
11/7/2016,361
11/8/2016,370.86
11/9/2016,383.53
11/10/2016,396.88
11/11/2016,393.28
11/14/2016,393.87
11/15/2016,391.48
11/16/2016,384.99
11/17/2016,389.33
11/18/2016,384.25
11/21/2016,393.85
11/22/2016,397.61
11/23/2016,406.57
11/25/2016,416.29
11/28/2016,416.37
11/29/2016,403.9
11/30/2016,412.48
12/1/2016,410.14
12/2/2016,407.92
12/5/2016,421.28
12/6/2016,416.52
12/7/2016,409.59
12/8/2016,409.48
12/9/2016,412.6
12/12/2016,408.44
12/13/2016,403
12/14/2016,405.3
12/15/2016,406.01
12/16/2016,399.24
12/19/2016,389.28
12/20/2016,389.71
12/21/2016,390.61
12/22/2016,390.82
12/23/2016,387.35
12/27/2016,387.35
12/28/2016,392.68
12/29/2016,388.46
12/30/2016,391.99
1/3/2017,389.37
1/4/2017,399.59
1/5/2017,394.88
1/6/2017,395.61
1/9/2017,395.69
1/10/2017,407.59
1/11/2017,404.49
1/12/2017,413.49
1/13/2017,418.41
1/17/2017,407.43
1/18/2017,408.42
1/19/2017,406.36
1/20/2017,407.11
1/23/2017,410.37
1/24/2017,420.95
1/25/2017,420.77
1/26/2017,414.76
1/27/2017,417.77
1/30/2017,412.28
1/31/2017,424.53
2/1/2017,421.07
2/2/2017,416.71
2/3/2017,408.65
2/6/2017,413.89
2/7/2017,410.22
2/8/2017,417.48
2/9/2017,412.46
2/10/2017,431.58
2/13/2017,432.59
2/14/2017,426.44
2/15/2017,429.72
2/16/2017,424.93
2/17/2017,422.24
2/21/2017,429.36
2/22/2017,427.89
2/23/2017,414.99
2/24/2017,419.88
2/27/2017,420.33
2/28/2017,423.13
3/1/2017,426.1
3/2/2017,419.99
3/3/2017,419.05
3/6/2017,414.74
3/7/2017,408.69
3/8/2017,408.21
3/9/2017,402.94
3/10/2017,406.02
3/13/2017,410.58
3/14/2017,412.26
3/15/2017,415.42
3/16/2017,418.62
3/17/2017,420.49
3/20/2017,416.36
3/21/2017,408.91
3/22/2017,411.29
3/23/2017,412.49
3/24/2017,411
3/27/2017,407.92
3/28/2017,416
3/29/2017,418.45
3/30/2017,421.96
3/31/2017,413.45
4/3/2017,407.37
4/4/2017,409.11
4/5/2017,417.19
4/6/2017,414.34
4/7/2017,412.58
4/10/2017,406.43
4/11/2017,408.08
4/12/2017,398.47
4/13/2017,403.12
4/17/2017,403.12
4/18/2017,394.45
4/19/2017,393.32
4/20/2017,398.19
4/21/2017,398.07
4/24/2017,400.21
4/25/2017,403.88
4/26/2017,404.63
4/27/2017,403.1
4/28/2017,406.08
5/1/2017,406.08
5/2/2017,410.47
5/3/2017,396.16
5/4/2017,392.26
5/5/2017,395.3
5/8/2017,388.3
5/9/2017,390.14
5/10/2017,389.43
5/11/2017,392.54
5/12/2017,393.73
5/15/2017,397.38
5/16/2017,397.24
5/17/2017,397.38
5/18/2017,395.29
5/19/2017,402.61
5/22/2017,404.13
5/23/2017,404.73
5/24/2017,402.41
5/25/2017,405.42
5/26/2017,400.64
5/30/2017,400.34
5/31/2017,402.14
6/1/2017,403.37
6/2/2017,400.89
6/5/2017,398
6/6/2017,397.11
6/7/2017,397.54
6/8/2017,405.42
6/9/2017,410.82
6/12/2017,408.57
6/13/2017,404.7
6/14/2017,403.35
6/15/2017,400.67
6/16/2017,400.82
6/19/2017,405.03
6/20/2017,400.25
6/21/2017,406.43
6/22/2017,406.57
6/23/2017,410.69
6/26/2017,410.19
6/27/2017,414.73
6/28/2017,416.37
6/29/2017,420.59
6/30/2017,420.43
7/3/2017,419.51
7/5/2017,413.1
7/6/2017,413.79
7/7/2017,412.16
7/10/2017,411.81
7/11/2017,415.54
7/12/2017,417.88
7/13/2017,416
7/14/2017,419.65
7/17/2017,424.44
7/18/2017,425.13
7/19/2017,422.28
7/20/2017,421.76
7/21/2017,425
7/24/2017,426.63
7/25/2017,440.88
7/26/2017,448.04
7/27/2017,448
7/28/2017,447.62
7/31/2017,450.56
8/1/2017,448.87
8/2/2017,449.37
8/3/2017,449.4
8/4/2017,450.86
8/7/2017,453.69
8/8/2017,458.51
8/9/2017,456.83
8/10/2017,454.64
8/11/2017,453.99
8/14/2017,452.91
8/15/2017,451.51
8/16/2017,462.36
8/17/2017,459.4
8/18/2017,459.12
8/21/2017,466.08
8/22/2017,465.69
8/23/2017,464.63
8/24/2017,473.34
8/25/2017,471.84
8/28/2017,471.84
8/29/2017,480.65
8/30/2017,478.87
8/31/2017,480.18
9/1/2017,483.45
9/5/2017,487.88
9/6/2017,488
9/7/2017,487.72
9/8/2017,473.16
9/11/2017,477.09
9/12/2017,471.46
9/13/2017,463.58
9/14/2017,459.84
9/15/2017,460.44
9/18/2017,461.63
9/19/2017,462.48
9/20/2017,461.68
9/21/2017,458.5
9/22/2017,456.78
9/25/2017,456
9/26/2017,453.04
9/27/2017,455.09
9/28/2017,461.05
9/29/2017,458.12
10/2/2017,458.99
10/3/2017,460.83
10/4/2017,460.91
10/5/2017,473.68
10/6/2017,471.14
10/9/2017,471.19
10/10/2017,477.99
10/11/2017,481.23
10/12/2017,487.84
10/13/2017,487.45
10/16/2017,505.28
10/17/2017,497.27
10/18/2017,494.75
10/19/2017,493.37
10/20/2017,492.2
10/23/2017,495.97
10/24/2017,498.17
10/25/2017,496.38
10/26/2017,494.68
10/27/2017,483.5
10/30/2017,486.14
10/31/2017,484.21
11/1/2017,490.25
11/2/2017,490.14
11/3/2017,487.73
11/6/2017,492.84
11/7/2017,482.73
11/8/2017,485
11/9/2017,481.77
11/10/2017,480.28
11/13/2017,488.05
11/14/2017,478.27
11/15/2017,479.3
11/16/2017,476.75
11/17/2017,479.58
11/20/2017,483.22
11/21/2017,488.94
11/22/2017,492.16
11/24/2017,495.81
11/27/2017,491.31
11/28/2017,481.5
11/29/2017,478.27
11/30/2017,478.41
12/1/2017,483.46
12/4/2017,482.84
12/5/2017,462.73
12/6/2017,463.16
12/7/2017,464.14
12/8/2017,464.81
12/11/2017,471.91
12/12/2017,471.54
12/13/2017,476.39
12/14/2017,480.96
12/15/2017,487.52
12/18/2017,488.8
12/19/2017,491.38
12/20/2017,498.4
12/21/2017,501.38
12/22/2017,504.36
12/26/2017,504.36
12/27/2017,512.6
12/28/2017,516
12/29/2017,512.79
1/2/2018,509.55
1/3/2018,505.24
1/4/2018,508.2
1/5/2018,503.38
1/8/2018,503.64
1/9/2018,502.25
1/10/2018,506.06
1/11/2018,505.33
1/12/2018,503.31
1/16/2018,500.76
1/17/2018,497.6
1/18/2018,500.6
1/19/2018,498.28
1/22/2018,500.14
1/23/2018,490
1/24/2018,506.06
1/25/2018,505.19
1/26/2018,501.27
1/29/2018,501.06
1/30/2018,498.61
1/31/2018,503.49
2/1/2018,503.36
2/2/2018,498.15
2/5/2018,506.82
2/6/2018,499.93
2/7/2018,486.14
2/8/2018,483.98
2/9/2018,477.73
2/12/2018,483.26
2/13/2018,494.5
2/14/2018,506.91
2/15/2018,508.22
2/16/2018,511.73
2/20/2018,501.66
2/21/2018,503.72
2/22/2018,506.8
2/23/2018,501.98
2/26/2018,502.97
2/27/2018,496.56
2/28/2018,490.2
3/1/2018,489.51
3/2/2018,487.84
3/5/2018,488.55
3/6/2018,495.09
3/7/2018,491.35
3/8/2018,483.24
3/9/2018,492.65
3/12/2018,489.13
3/13/2018,491.61
3/14/2018,494.63
3/15/2018,489.68
3/16/2018,487.43
3/19/2018,484.9
3/20/2018,477.95
3/21/2018,480.82
3/22/2018,473.77
3/23/2018,471.34
3/26/2018,467.05
3/27/2018,470.35
3/28/2018,471.57
3/29/2018,475.03
4/2/2018,475.03
4/3/2018,480.73
4/4/2018,475.6
4/5/2018,482.01
4/6/2018,478.65
4/9/2018,483.09
4/10/2018,491.51
4/11/2018,491.98
4/12/2018,482.97
4/13/2018,483.53
4/16/2018,489.03
4/17/2018,486.56
4/18/2018,496.98
4/19/2018,494.43
4/20/2018,495
4/23/2018,491.31
4/24/2018,496.26
4/25/2018,496.08
4/26/2018,492.96
4/27/2018,480.84
4/30/2018,481.5
5/1/2018,476.96
5/2/2018,482.24
5/3/2018,482.61
5/4/2018,482.54
5/7/2018,482.54
5/8/2018,476.91
5/9/2018,481.72
5/10/2018,489.48
5/11/2018,491.42
5/14/2018,487.27
5/15/2018,481.82
5/16/2018,483.34
5/17/2018,487.24
5/18/2018,485.41
5/21/2018,486.9
5/22/2018,494.15
5/23/2018,486.17
5/24/2018,487.13
5/25/2018,487.57
5/29/2018,485.82
5/30/2018,484.54
5/31/2018,485.32
6/1/2018,488.27
6/4/2018,494.24
6/5/2018,503.04
6/6/2018,511.43
6/7/2018,519.45
6/8/2018,518.52
6/11/2018,514.17
6/12/2018,511.56
6/13/2018,514.05
6/14/2018,508.36
6/15/2018,497.23
6/18/2018,493.09
6/19/2018,484.44
6/20/2018,479.88
6/21/2018,481.21
6/22/2018,481.39
6/25/2018,478.77
6/26/2018,476.14
6/27/2018,474.8
6/28/2018,469.91
6/29/2018,469.94
7/2/2018,462.39
7/3/2018,459.72
7/5/2018,449.25
7/6/2018,444.64
7/9/2018,452.26
7/10/2018,448.17
7/11/2018,434.97
7/12/2018,440.88
7/13/2018,441.59
7/16/2018,438.29
7/17/2018,435.42
7/18/2018,435.67
7/19/2018,429.61
7/20/2018,435.58
7/23/2018,434.2
7/24/2018,445.9
7/25/2018,445.49
7/26/2018,445.52
7/27/2018,446
7/30/2018,442.48
7/31/2018,446.13
8/1/2018,436.88
8/2/2018,434.43
8/3/2018,439.14
8/6/2018,433.83
8/7/2018,436.87
8/8/2018,436.88
8/9/2018,440.69
8/10/2018,438.28
8/13/2018,435.78
8/14/2018,427.87
8/15/2018,410.61
8/16/2018,420.4
8/17/2018,419.53
8/20/2018,424.37
8/21/2018,428.18
8/22/2018,425.5
8/23/2018,424.22
8/24/2018,432.84
8/27/2018,432.84
8/28/2018,435.74
8/29/2018,431.31
8/30/2018,430.07
8/31/2018,423.53
9/4/2018,411.89
9/5/2018,415.81
9/6/2018,419.44
9/7/2018,419.97
9/10/2018,418.42
9/11/2018,415.01
9/12/2018,424.8
9/13/2018,427.34
9/14/2018,423.09
9/17/2018,421.03
9/18/2018,431.17
9/19/2018,433.58
9/20/2018,431.17
9/21/2018,451.66
9/24/2018,450.56
9/25/2018,448.09
9/26/2018,445.38
9/27/2018,438.68
9/28/2018,443.82
10/1/2018,443.11
10/2/2018,445.63
10/3/2018,444.18
10/4/2018,445.91
10/5/2018,437.49
10/8/2018,437.95
10/9/2018,446.27
10/10/2018,442.49
10/11/2018,442.58
10/12/2018,446.87
10/15/2018,446.76
10/16/2018,440.58
10/17/2018,441.13
10/18/2018,436.81
10/19/2018,441.52
10/22/2018,442.97
10/23/2018,439.57
10/24/2018,438.54
10/25/2018,442.09
10/26/2018,437.62
10/29/2018,437.44
10/30/2018,428.3
10/31/2018,425.36
11/1/2018,432.2
11/2/2018,446.02
11/5/2018,439.36
11/6/2018,437.2
11/7/2018,436.5
11/8/2018,436.72
11/9/2018,429.63
11/12/2018,429.07
11/13/2018,430.6
11/14/2018,431.84
11/15/2018,438.51
11/16/2018,440.03
11/19/2018,444.07
11/20/2018,438.75
11/21/2018,442.72
11/23/2018,440.76
11/26/2018,439.53
11/27/2018,434.77
11/28/2018,440.49
11/29/2018,441.34
11/30/2018,440.39
12/3/2018,447.08
12/4/2018,440.46
12/5/2018,438.08
12/6/2018,430.96
12/7/2018,436
12/10/2018,431.71
12/11/2018,437.38
12/12/2018,435.28
12/13/2018,436.31
12/14/2018,434.48
12/17/2018,433.65
12/18/2018,422.82
12/19/2018,426.24
12/20/2018,425.29
12/21/2018,424.72
12/24/2018,422.15
12/26/2018,422.15
12/27/2018,424.44
12/28/2018,425.43
12/31/2018,423
1/2/2019,413.84
1/3/2019,406.27
1/4/2019,419.17
1/7/2019,419.55
1/8/2019,418.17
1/9/2019,421.8
1/10/2019,419.77
1/11/2019,420.72
1/14/2019,417.42
1/15/2019,419.05
1/16/2019,422.66
1/17/2019,424.33
1/18/2019,428.87
1/22/2019,420.22
1/23/2019,421.3
1/24/2019,419.26
1/25/2019,429.04
1/28/2019,425.07
1/29/2019,428.73
1/30/2019,434.82
1/31/2019,437.16
2/1/2019,434.84
2/4/2019,436.95
2/5/2019,441.59
2/6/2019,444.92
2/7/2019,442.56
2/8/2019,439.99
2/11/2019,435.81
2/12/2019,432.66
2/13/2019,434.11
2/14/2019,434.94
2/15/2019,438.54
2/19/2019,448.25
2/20/2019,454.49
2/21/2019,452.65
2/22/2019,459.95
2/25/2019,459.98
2/26/2019,460.69
2/27/2019,461.76
2/28/2019,461.9
3/1/2019,459.74
3/4/2019,454.63
3/5/2019,459.63
3/6/2019,458.35
3/7/2019,455.27
3/8/2019,453.21
3/11/2019,454.1
3/12/2019,458.64
3/13/2019,458.71
3/14/2019,453.68
3/15/2019,455.73
3/18/2019,455.34
3/19/2019,457.75
3/20/2019,457.89
3/21/2019,455.23
3/22/2019,447.4
3/25/2019,449.25
3/26/2019,448.93
3/27/2019,449.1
3/28/2019,451.02
3/29/2019,459.77
4/1/2019,458.53
4/2/2019,455.2
4/3/2019,460.05
4/4/2019,456.95
4/5/2019,453.34
4/8/2019,458.57
4/9/2019,459.58
4/10/2019,457.89
4/11/2019,453.96
4/12/2019,459.35
4/15/2019,458.85
4/16/2019,459.98
4/17/2019,464.41
4/18/2019,458.87
4/22/2019,458.87
4/23/2019,453.94
4/24/2019,457.06
4/25/2019,451.02
4/26/2019,453.59
4/29/2019,453.25
4/30/2019,454.74
5/1/2019,441.47
5/2/2019,436.56
5/3/2019,441.43
5/6/2019,441.43
5/7/2019,437.31
5/8/2019,435.12
5/9/2019,432.04
5/10/2019,433.67
5/13/2019,425.61
5/14/2019,426.67
5/15/2019,430.92
5/16/2019,432.06
5/17/2019,428.94
5/20/2019,426.99
5/21/2019,424.6
5/22/2019,419.86
5/23/2019,419.72
5/24/2019,421.81
5/28/2019,422.24
5/29/2019,416.6
5/30/2019,414.27
5/31/2019,412.99
6/3/2019,413.7
6/4/2019,416.27
6/5/2019,411.18
6/6/2019,411.32
6/7/2019,410.57
6/10/2019,416.11
6/11/2019,416.11
6/12/2019,414.36
6/13/2019,414.83
6/14/2019,412.28
6/17/2019,413.95
6/18/2019,421.42
6/19/2019,419.44
6/20/2019,423.46
6/21/2019,423.25
6/24/2019,422.35
6/25/2019,428.35
6/26/2019,424.49
6/27/2019,424.47
6/28/2019,424.86
7/1/2019,421.81
7/2/2019,416.85
7/3/2019,419.24
7/5/2019,417.93
7/8/2019,417.01
7/9/2019,412.13
7/10/2019,420.57
7/11/2019,421.68
7/12/2019,420.34
7/15/2019,423.78
7/16/2019,425.85
7/17/2019,423.75
7/18/2019,424.05
7/19/2019,429.97
7/22/2019,426.39
7/23/2019,422.91
7/24/2019,425.11
7/25/2019,425.61
7/26/2019,422.43
7/29/2019,426.39
7/30/2019,421.32
7/31/2019,419.74
8/1/2019,417.7
8/2/2019,405.48
8/5/2019,402.25
8/6/2019,402.09
8/7/2019,403.74
8/8/2019,410.38
8/9/2019,407.44
8/12/2019,406.55
8/13/2019,412.81
8/14/2019,408.33
8/15/2019,407.34
8/16/2019,406.81
8/19/2019,408.95
8/20/2019,404.45
8/21/2019,406.11
8/22/2019,402.66
8/23/2019,399.13
8/26/2019,399.13
8/27/2019,402.61
8/28/2019,403.35
8/29/2019,405.97
8/30/2019,402.2
9/3/2019,397.24
9/4/2019,407.14
9/5/2019,414.05
9/6/2019,413.04
9/9/2019,411.72
9/10/2019,412.42
9/11/2019,408.63
9/12/2019,413.09
9/13/2019,423.3
9/16/2019,415.75
9/17/2019,412.21
9/18/2019,411.75
9/19/2019,410.05
9/20/2019,410.76
9/23/2019,409.25
9/24/2019,409.5
9/25/2019,409.84
9/26/2019,405.19
9/27/2019,408.31
9/30/2019,405.3
10/1/2019,402.43
10/2/2019,401.7
10/3/2019,400.5
10/4/2019,399.06
10/7/2019,404.67
10/8/2019,401.54
10/9/2019,402.26
10/10/2019,409.19
10/11/2019,410.42
10/14/2019,412.03
10/15/2019,408.83
10/16/2019,405.88
10/17/2019,406.57
10/18/2019,411.38
10/21/2019,412.85
10/22/2019,412.07
10/23/2019,416.68
10/24/2019,416.64
10/25/2019,419.76
10/28/2019,418.41
10/29/2019,419.83
10/30/2019,418.31
10/31/2019,410.24
11/1/2019,414.07
11/4/2019,415.98
11/5/2019,420.41
11/6/2019,418.31
11/7/2019,423.34
11/8/2019,419.63
11/11/2019,416.23
11/12/2019,415.6
11/13/2019,413.29
11/14/2019,411.64
11/15/2019,414.25
11/18/2019,412.88
11/19/2019,416.13
11/20/2019,416.36
11/21/2019,413.1
11/22/2019,414.99
11/25/2019,415.88
11/26/2019,419.78
11/27/2019,421.18
11/29/2019,415.28
12/2/2019,416.57
12/3/2019,411.52
12/4/2019,416.43
12/5/2019,416.53
12/6/2019,423.87
12/9/2019,429.98
12/10/2019,431.84
12/11/2019,435.92
12/12/2019,436.01
12/13/2019,434.15
12/16/2019,439.04
12/17/2019,439.06
12/18/2019,437.23
12/19/2019,440.35
12/20/2019,437.5
12/23/2019,438.47
12/24/2019,440.24
12/26/2019,440.24
12/27/2019,440.12
12/30/2019,440.54
12/31/2019,437.23
1/2/2020,438.06
1/3/2020,433.81
1/6/2020,434.4
1/7/2020,435.18
1/8/2020,437.2
1/9/2020,437.36
1/10/2020,438.78
1/13/2020,445.34
1/14/2020,446.27
1/15/2020,445.19
1/16/2020,444.73
1/17/2020,444.41
1/21/2020,436.27
1/22/2020,432.41
1/23/2020,423.82
1/24/2020,419.63
1/27/2020,406.52
1/28/2020,403.74
1/29/2020,399.33
1/30/2020,395.71
1/31/2020,394.12
2/3/2020,390.87
2/4/2020,397.47
2/5/2020,405.05
2/6/2020,406.13
2/7/2020,400.9
2/10/2020,401.24
2/11/2020,406.77
2/12/2020,408.09
2/13/2020,409.91
2/14/2020,407.78
2/18/2020,408.65
2/19/2020,408.51
2/20/2020,405.58
2/21/2020,408.31
2/24/2020,402.76
2/25/2020,402.53
2/26/2020,401.49
2/27/2020,397.87
2/28/2020,399.2
3/2/2020,403.67
3/3/2020,401.17
3/4/2020,402.32
3/5/2020,401.54
3/6/2020,396.86
3/9/2020,391.78
3/10/2020,394.06
3/11/2020,391.56
3/12/2020,385.27
3/13/2020,386.69
3/16/2020,374.61
3/17/2020,364.26
3/18/2020,335.92
3/19/2020,341.74
3/20/2020,340.81
3/23/2020,327.99
3/24/2020,341.22
3/25/2020,344.09
3/26/2020,340.3
3/27/2020,339.41
3/30/2020,337.78
3/31/2020,350.61
4/1/2020,339.86
4/2/2020,346.61
4/3/2020,342.57
4/6/2020,345.71
4/7/2020,356.61
4/8/2020,353.92
4/9/2020,355.25
4/13/2020,355.25
4/14/2020,365.57
4/15/2020,361.9
4/16/2020,364.05
4/17/2020,369.1
4/20/2020,366.93
4/21/2020,355.82
4/22/2020,363.3
4/23/2020,365.22
4/24/2020,363.85
4/27/2020,367.8
4/28/2020,369.57
4/29/2020,372.25
4/30/2020,367.09
5/1/2020,361.44
5/4/2020,362.31
5/5/2020,364.65
5/6/2020,367.4
5/7/2020,372.81
5/8/2020,372.81
5/11/2020,371.75
5/12/2020,371.94
5/13/2020,369.65
5/14/2020,368.05
5/15/2020,366.6
5/18/2020,376.31
5/19/2020,379
5/20/2020,385.4
5/21/2020,381.64
5/22/2020,374.35
5/26/2020,379.29
5/27/2020,371.98
5/28/2020,377.21
5/29/2020,380.37
6/1/2020,387.86
6/2/2020,391.03
6/3/2020,390.68
6/4/2020,391.35
6/5/2020,402.65
6/8/2020,403.39
6/9/2020,408.76
6/10/2020,418.28
6/11/2020,408.24
6/12/2020,409.64
6/15/2020,404.02
6/16/2020,405.55
6/17/2020,408.58
6/18/2020,411.27
6/19/2020,414.44
6/22/2020,416.6
6/23/2020,418.41
6/24/2020,415.74
6/25/2020,417.61
6/26/2020,422.42
6/29/2020,422.47
6/30/2020,426.26
7/1/2020,429.45
7/2/2020,430.46
7/6/2020,434.73
7/7/2020,438.68
7/8/2020,441.83
7/9/2020,446.62
7/10/2020,454.73
7/13/2020,465.94
7/14/2020,460.52
7/15/2020,452.51
7/16/2020,456.3
7/17/2020,457.22
7/20/2020,459.97
7/21/2020,463.33
7/22/2020,460.09
7/23/2020,464.38
7/24/2020,455.02
7/27/2020,455.15
7/28/2020,459.31
7/29/2020,459.03
7/30/2020,455.96
7/31/2020,454.72
8/3/2020,460.23
8/4/2020,457.47
8/5/2020,460.5
8/6/2020,459.24
8/7/2020,446.91
8/10/2020,453.19
8/11/2020,452.41
8/12/2020,455.76
8/13/2020,443.29
8/14/2020,451.18
8/17/2020,456.76
8/18/2020,465.55
8/19/2020,474.09
8/20/2020,468.26
8/21/2020,460.37
8/24/2020,462.07
8/25/2020,462.98
8/26/2020,467.67
8/27/2020,469.59
8/28/2020,472.92
8/31/2020,472.92
9/1/2020,474.39
9/2/2020,474.9
9/3/2020,465.42
9/4/2020,476
9/8/2020,472.95
9/9/2020,477.62
9/10/2020,472.92
9/11/2020,477.93
9/14/2020,481.89
9/15/2020,479.48
9/16/2020,480.7
9/17/2020,481.23
9/18/2020,483.68
9/21/2020,475.05
9/22/2020,481.35
9/23/2020,468.57
9/24/2020,462.66
9/25/2020,464.06
9/28/2020,465.8
9/29/2020,466.54
9/30/2020,473.17
10/1/2020,452.54
10/2/2020,464.61
10/5/2020,462.48
10/6/2020,462.48
10/7/2020,473.14
10/8/2020,473.63
10/9/2020,479.58
10/12/2020,477.59
10/13/2020,474.37
10/14/2020,475.95
10/15/2020,478.36
10/16/2020,477.7
10/19/2020,480.29
10/20/2020,488.81
10/21/2020,495.62
10/22/2020,490.57
10/23/2020,486.64
10/26/2020,480.36
10/27/2020,481.6
10/28/2020,478.06
10/29/2020,476.75
10/30/2020,475.95
11/2/2020,479.09
11/3/2020,482.91
11/4/2020,484.44
11/5/2020,485.41
11/6/2020,492.02
11/9/2020,489.85
11/10/2020,490.96
11/11/2020,487.69
11/12/2020,491.26
11/13/2020,494.7
11/16/2020,503.59
11/17/2020,500.69
11/18/2020,502.3
11/19/2020,502.64
11/20/2020,515.75
11/23/2020,508.61
11/24/2020,516.85
11/25/2020,517.29
11/27/2020,531.52
11/30/2020,537.19
12/1/2020,545.25
12/2/2020,543.71
12/3/2020,543.82
12/4/2020,549.74
12/7/2020,546.02
12/8/2020,545.19
12/9/2020,547.01
12/10/2020,558.12
12/11/2020,550.68
12/14/2020,549.08
12/15/2020,551.35
12/16/2020,555.11
12/17/2020,561.08
12/18/2020,565.88
12/21/2020,555.98
12/22/2020,548.87
12/23/2020,555.92
12/24/2020,551.93
12/28/2020,551.93
12/29/2020,557.07
12/30/2020,556.05
12/31/2020,550.16
1/4/2021,556.77
1/5/2021,566.98
1/6/2021,569.5
1/7/2021,579.29
1/8/2021,575.87
1/11/2021,557.05
1/12/2021,565.15
1/13/2021,567.52
1/14/2021,570.45
1/15/2021,563.36
1/19/2021,563.79
1/20/2021,570.2
1/21/2021,568.59
1/22/2021,567.12
1/25/2021,565.05
1/26/2021,567.88
1/27/2021,554.81
1/28/2021,558.46
1/29/2021,557.11
2/1/2021,552.88
2/2/2021,551.47
2/3/2021,556.15
2/4/2021,554.68
2/5/2021,561.16
2/8/2021,570.06
2/9/2021,577.79
2/10/2021,588.41
2/11/2021,587.06
2/12/2021,590.87
2/16/2021,596.08
2/17/2021,594.89
2/18/2021,606.51
2/19/2021,631.96
2/22/2021,645.41
2/23/2021,653.1
2/24/2021,660.47
2/25/2021,667.75
2/26/2021,643.9
3/1/2021,641.55
3/2/2021,650.85
3/3/2021,645.71
3/4/2021,631.89
3/5/2021,630.9
3/8/2021,638.34
3/9/2021,622.68
3/10/2021,628.37
3/11/2021,642.17
3/12/2021,644.17
3/15/2021,648.6
3/16/2021,635.41
3/17/2021,643.19
3/18/2021,642.61
3/19/2021,642.8
3/22/2021,646.31
3/23/2021,637.01
3/24/2021,636.71
3/25/2021,622.8
3/26/2021,635.73
3/29/2021,628.8
3/30/2021,622.16
3/31/2021,622.98
4/1/2021,623.4
4/5/2021,623.4
4/6/2021,641.74
4/7/2021,632.26
4/8/2021,638.8
4/9/2021,632.91
4/12/2021,628.17
4/13/2021,630.9
4/14/2021,643.34
4/15/2021,658.26
4/16/2021,653.12
4/19/2021,664.78
4/20/2021,660.88
4/21/2021,669.76
4/22/2021,666.78
4/23/2021,677.54
4/26/2021,691.61
4/27/2021,698.78
4/28/2021,700.36
4/29/2021,701
4/30/2021,696.67
5/3/2021,696.67
5/4/2021,706.63
5/5/2021,705.45
5/6/2021,715.67
5/7/2021,738.6
5/10/2021,735.93
5/11/2021,741.4
5/12/2021,740.37
5/13/2021,732.93
5/14/2021,725.43
5/17/2021,734.77
5/18/2021,737.08
5/19/2021,708.78
5/20/2021,712.25
5/21/2021,700.52
5/24/2021,704.93
5/25/2021,702.89
5/26/2021,707.22
5/27/2021,724.36
5/28/2021,727.08
6/1/2021,726.07
6/2/2021,718.95
6/3/2021,693.34
6/4/2021,705.25
6/7/2021,701.33
6/8/2021,705.71
6/9/2021,706.77
6/10/2021,700.5
6/11/2021,708.62
6/14/2021,706.19
6/15/2021,677.75
6/16/2021,684.84
6/17/2021,659.99
6/18/2021,648
6/21/2021,650.44
6/22/2021,659.02
6/23/2021,671.69
6/24/2021,667.2
6/25/2021,666.9
6/28/2021,664.97
6/29/2021,661.36
6/30/2021,664.23
7/1/2021,660.12
7/2/2021,663.94
7/6/2021,659.19
7/7/2021,669.18
7/8/2021,659.8
7/9/2021,673.79
7/12/2021,666.07
7/13/2021,666.35
7/14/2021,661.46
7/15/2021,671.74
7/16/2021,667.47
7/19/2021,652.99
7/20/2021,661.14
7/21/2021,662.1
7/22/2021,668.91
7/23/2021,674.24
7/26/2021,695.13
7/27/2021,691.39
7/28/2021,686.06
7/29/2021,695.7
7/30/2021,688.81
8/2/2021,686.8
8/3/2021,675.41
8/4/2021,670.04
8/5/2021,671.85
8/6/2021,670.18
8/9/2021,663.16
8/10/2021,674.11
8/11/2021,673.53
8/12/2021,670.43
8/13/2021,677.68
8/16/2021,668.48
8/17/2021,654.96
8/18/2021,640.62
8/19/2021,630.4
8/20/2021,640.73
8/23/2021,657.92
8/24/2021,664.44
8/25/2021,663.16
8/26/2021,659.37
8/27/2021,667.13
8/30/2021,667.13
8/31/2021,675.04
9/1/2021,661.64
9/2/2021,664.16
9/3/2021,668.06
9/7/2021,662.06
9/8/2021,654.85
9/9/2021,664.77
9/10/2021,686.79
9/13/2021,677.42
9/14/2021,668.91
9/15/2021,682.04
9/16/2021,663.59
9/17/2021,659.87
9/20/2021,640.22
9/21/2021,636.16
9/22/2021,658.58
9/23/2021,657.67
9/24/2021,661.87
9/27/2021,663.8
9/28/2021,657.04
9/29/2021,649.2
9/30/2021,633.48
10/1/2021,647
10/4/2021,655.62
10/5/2021,650.16
10/6/2021,641.1
10/7/2021,657.75
10/8/2021,663.58
10/11/2021,676.73
10/12/2021,670.99
10/13/2021,684.32
10/14/2021,708.17
10/15/2021,729.58
10/18/2021,723.7
10/19/2021,721.18
10/20/2021,724.57
10/21/2021,700.2
10/22/2021,690.38
10/25/2021,701.56
10/26/2021,696.09
10/27/2021,678.33
10/28/2021,689
10/29/2021,677.52
11/1/2021,686.34
11/2/2021,679.43
11/3/2021,674.54
11/4/2021,674.72
11/5/2021,678.48
11/8/2021,687.09
11/9/2021,679.47
11/10/2021,676.91
11/11/2021,683.9
11/12/2021,689.04
11/15/2021,686.31
11/16/2021,678.16
11/17/2021,667.59
11/18/2021,672.06
11/19/2021,687.69
11/22/2021,692.97
11/23/2021,690.81
11/24/2021,698.85
11/26/2021,672.88
11/29/2021,680.99
11/30/2021,671.42
12/1/2021,671.12
12/2/2021,677.06
12/3/2021,670.47
12/6/2021,676.77
12/7/2021,681.33
12/8/2021,684.75
12/9/2021,676.45
12/10/2021,674.19
12/13/2021,669.79
12/14/2021,667.45
12/15/2021,652.64
12/16/2021,674.97
12/17/2021,670.54
12/20/2021,670.89
12/21/2021,677.48
12/22/2021,683.22
12/23/2021,682.87
12/27/2021,679.89
12/28/2021,679.89
12/29/2021,688.65
12/30/2021,688.97
12/31/2021,690.35
1/3/2022,690.35
1/4/2022,693.71
1/5/2022,688.45
1/6/2022,676.51
1/7/2022,685.24
1/10/2022,678.61
1/11/2022,689.87
1/12/2022,714.6
1/13/2022,706.79
1/14/2022,689.69
1/18/2022,686.52
1/19/2022,698.41
1/20/2022,709.17
1/21/2022,706.4
1/24/2022,691.23
1/25/2022,696.34
1/26/2022,704.88
1/27/2022,695.68
1/28/2022,675.96
1/31/2022,675.78
2/1/2022,689
2/2/2022,699.56
2/3/2022,698.92
2/4/2022,699.17
2/7/2022,694.61
2/8/2022,694.85
2/9/2022,714.64
2/10/2022,728.39
2/11/2022,699.99
2/14/2022,704.56
2/15/2022,707.75
2/16/2022,709.43
2/17/2022,704.77
2/18/2022,707
2/22/2022,704.56
2/23/2022,701.12
2/24/2022,701.09
2/25/2022,701.69
2/28/2022,702.36
3/1/2022,714.77
3/2/2022,722.39
3/3/2022,735.8
3/4/2022,758.18
3/7/2022,728.38
3/8/2022,722.93
3/9/2022,708.81
3/10/2022,717.25
3/11/2022,721.89
3/14/2022,704.2
3/15/2022,702.01
3/16/2022,713.42
3/17/2022,726.67
3/18/2022,732.98
3/21/2022,730.12
3/22/2022,727.84
3/23/2022,740.39
3/24/2022,733.12
3/25/2022,727.45
3/28/2022,733.09
3/29/2022,731.39
3/30/2022,735
3/31/2022,735.36
4/1/2022,733.73
4/4/2022,741.7
4/5/2022,740.43
4/6/2022,729.9
4/7/2022,730.36
4/8/2022,731.27
4/11/2022,722.53
4/12/2022,732.7
4/13/2022,729.69
4/14/2022,730.8
4/18/2022,730.8
4/19/2022,729.86
4/20/2022,724.03
4/21/2022,728.84
4/22/2022,716.52
4/25/2022,692.42
4/26/2022,698.89
4/27/2022,698.92
4/28/2022,687.3
4/29/2022,692.47
5/2/2022,692.47
5/3/2022,666.69
5/4/2022,671.1
5/5/2022,673.48
5/6/2022,667.29
5/9/2022,654.88
5/10/2022,654.38
5/11/2022,662.39
5/12/2022,644.38
5/13/2022,649.2
5/16/2022,654.91
5/17/2022,664.23
5/18/2022,655.02
5/19/2022,668.23
5/20/2022,668.48
5/23/2022,677.31
5/24/2022,670.29
5/25/2022,664.41
5/26/2022,662.67
5/27/2022,670.32
5/31/2022,669.65
6/1/2022,673.48
6/2/2022,673.48
6/3/2022,673.48
6/6/2022,690.91
6/7/2022,687.67
6/8/2022,690.08
6/9/2022,681.75
6/10/2022,669.78
6/13/2022,658.72
6/14/2022,654.11
6/15/2022,654.16
6/16/2022,643.21
6/17/2022,635.24
6/21/2022,637.75
6/22/2022,622.16
6/23/2022,596.18
6/24/2022,594.48
6/27/2022,597.26
6/28/2022,593.35
6/29/2022,595.97
6/30/2022,585.66
7/1/2022,570.54
7/5/2022,543.46
7/6/2022,532.94
7/7/2022,554.72
7/8/2022,553.21
7/11/2022,537.52
7/12/2022,521
7/13/2022,519.29
7/14/2022,508.32
7/15/2022,509.72
7/18/2022,526.51
7/19/2022,515.84
7/20/2022,523.28
7/21/2022,519.2
7/22/2022,528.35
7/25/2022,530.46
7/26/2022,534.48
7/27/2022,541.66
7/28/2022,550.66
7/29/2022,561.77
8/1/2022,554.56
8/2/2022,553.74
8/3/2022,544.42
8/4/2022,547.7
8/5/2022,557.98
8/8/2022,566.59
8/9/2022,566.25
8/10/2022,573.39
8/11/2022,579.49
8/12/2022,573.66
8/15/2022,565.74
8/16/2022,565.83
8/17/2022,562.18
8/18/2022,570.15
8/19/2022,573.69
8/22/2022,570.91
8/23/2022,577.52
8/24/2022,570.77
8/25/2022,577.82
8/26/2022,579.97
8/29/2022,579.97
8/30/2022,558.76
8/31/2022,555.21
9/1/2022,541.23
9/2/2022,544.08
9/6/2022,548.12
9/7/2022,544.12
9/8/2022,557.39
9/9/2022,558.99
9/12/2022,566.56
9/13/2022,559.67
9/14/2022,554.15
9/15/2022,549.47
9/16/2022,551.95
9/19/2022,551.28
9/20/2022,552.09
9/21/2022,547.49
9/22/2022,546.99
9/23/2022,531.4
9/26/2022,524.63
9/27/2022,524.66
9/28/2022,530.58
9/29/2022,539.69
9/30/2022,541.25
10/3/2022,536.61
10/4/2022,551.6
10/5/2022,547.24
10/6/2022,541.85
10/7/2022,531.39
10/10/2022,539.96
10/11/2022,541.17
10/12/2022,537.63
10/13/2022,538.91
10/14/2022,536.64
10/17/2022,538.52
10/18/2022,528.42
10/19/2022,526.28
10/20/2022,539.58
10/21/2022,544.31
10/24/2022,540.4
10/25/2022,537.49
10/26/2022,556.56
10/27/2022,554.24
10/28/2022,538.63
10/31/2022,531.54
11/1/2022,545.68
11/2/2022,542.86
11/3/2022,538.34
11/4/2022,576.69
11/7/2022,561.97
11/8/2022,576.11
11/9/2022,575.15
11/10/2022,587
11/11/2022,602.7
11/14/2022,593.84
11/15/2022,593.72
11/16/2022,587.84
11/17/2022,574.67
11/18/2022,572.37
11/21/2022,558.28
11/22/2022,567.67
11/23/2022,566.94
11/25/2022,567.12
11/28/2022,563.79
11/29/2022,569.92
11/30/2022,584.19
12/1/2022,590.62
12/2/2022,598.98