Effective date ,Dow Jones Commodity Index Cotton
11/30/2012,124.55
12/3/2012,124.67
12/4/2012,122.87
12/5/2012,123.09
12/6/2012,123.95
12/7/2012,124.35
12/10/2012,123.69
12/11/2012,126.22
12/12/2012,126.59
12/13/2012,125.65
12/14/2012,126.54
12/17/2012,127.82
12/18/2012,127.99
12/19/2012,127.89
12/20/2012,127.79
12/21/2012,128.38
12/24/2012,128.75
12/26/2012,129.86
12/27/2012,128.09
12/28/2012,125.82
12/31/2012,126.63
1/2/2013,127
1/3/2013,127.05
1/4/2013,126.47
1/7/2013,127.59
1/8/2013,126.59
1/9/2013,126.04
1/10/2013,126.73
1/11/2013,127.44
1/14/2013,127.27
1/15/2013,128.43
1/16/2013,130.32
1/17/2013,131.08
1/18/2013,132.37
1/22/2013,134.7
1/23/2013,135.63
1/24/2013,139.69
1/25/2013,135.69
1/28/2013,136.59
1/29/2013,138.84
1/30/2013,139.8
1/31/2013,139.79
2/1/2013,139.84
2/4/2013,137.75
2/5/2013,137.36
2/6/2013,137.71
2/7/2013,137.47
2/8/2013,139.74
2/11/2013,140.75
2/12/2013,139.61
2/13/2013,138.54
2/14/2013,139.52
2/15/2013,140.19
2/19/2013,141.78
2/20/2013,142.33
2/21/2013,140.26
2/22/2013,140.11
2/25/2013,137.71
2/26/2013,137.9
2/27/2013,142.2
2/28/2013,143.73
3/1/2013,143.92
3/4/2013,145.37
3/5/2013,146.58
3/6/2013,147.02
3/7/2013,145.77
3/8/2013,146.41
3/11/2013,146.14
3/12/2013,147.17
3/13/2013,149.33
3/14/2013,153.12
3/15/2013,155.88
3/18/2013,153.07
3/19/2013,153.57
3/20/2013,150.15
3/21/2013,148.63
3/22/2013,147.1
3/25/2013,145.92
3/26/2013,148.37
3/27/2013,149.19
3/28/2013,149.07
4/1/2013,147.27
4/2/2013,149.76
4/3/2013,150.35
4/4/2013,148.85
4/5/2013,146.86
4/8/2013,145.15
4/9/2013,144.63
4/10/2013,146.71
4/11/2013,146.17
4/12/2013,147.66
4/15/2013,145.13
4/16/2013,143.95
4/17/2013,146.02
4/18/2013,144.05
4/19/2013,143.85
4/22/2013,145.18
4/23/2013,143.41
4/24/2013,139.79
4/25/2013,140.26
4/26/2013,141.98
4/29/2013,144.49
4/30/2013,147.4
5/1/2013,141.34
5/2/2013,144.39
5/3/2013,145.65
5/6/2013,147.27
5/7/2013,146.87
5/8/2013,147.76
5/9/2013,148.16
5/10/2013,145.74
5/13/2013,144.99
5/14/2013,146.48
5/15/2013,145.69
5/16/2013,144.98
5/17/2013,145.62
5/20/2013,144.56
5/21/2013,141.32
5/22/2013,140.58
5/23/2013,137.82
5/24/2013,137.33
5/28/2013,137.21
5/29/2013,136
5/30/2013,135.04
5/31/2013,133.74
6/3/2013,138.79
6/4/2013,142.5
6/5/2013,140.75
6/6/2013,143.02
6/7/2013,143.11
6/10/2013,145.5
6/11/2013,145.49
6/12/2013,149.09
6/13/2013,150.24
6/14/2013,150.72
6/17/2013,149.97
6/18/2013,147.15
6/19/2013,145.94
6/20/2013,143.85
6/21/2013,142.64
6/24/2013,140.18
6/25/2013,143.16
6/26/2013,141.05
6/27/2013,141.35
6/28/2013,141.57
7/1/2013,144.15
7/2/2013,142.77
7/3/2013,144.49
7/5/2013,143.29
7/8/2013,143.8
7/9/2013,144.89
7/10/2013,146.26
7/11/2013,142.8
7/12/2013,143.38
7/15/2013,143.41
7/16/2013,142.18
7/17/2013,141
7/18/2013,142.99
7/19/2013,145.23
7/22/2013,145.25
7/23/2013,144.37
7/24/2013,144.49
7/25/2013,144.91
7/26/2013,143.44
7/29/2013,142.75
7/30/2013,143.48
7/31/2013,143.55
8/1/2013,143.97
8/2/2013,143.21
8/5/2013,143.58
8/6/2013,144.41
8/7/2013,148.85
8/8/2013,150.4
8/9/2013,149.87
8/12/2013,151.8
8/13/2013,154.57
8/14/2013,154.28
8/15/2013,154.68
8/16/2013,157.26
8/19/2013,156.49
8/20/2013,149.75
8/21/2013,141.96
8/22/2013,141.86
8/23/2013,141.69
8/26/2013,143.07
8/27/2013,141.81
8/28/2013,141.14
8/29/2013,140.28
8/30/2013,140.7
9/3/2013,139.38
9/4/2013,139.45
9/5/2013,138.69
9/6/2013,140.23
9/9/2013,140.71
9/10/2013,142.35
9/11/2013,142.15
9/12/2013,142.82
9/13/2013,142.33
9/16/2013,141.56
9/17/2013,142.3
9/18/2013,144.15
9/19/2013,142.77
9/20/2013,142.43
9/23/2013,142.01
9/24/2013,142.2
9/25/2013,142.65
9/26/2013,144.03
9/27/2013,145.99
9/30/2013,146.97
10/1/2013,145.94
10/2/2013,146.39
10/3/2013,147.35
10/4/2013,146.92
10/7/2013,141.59
10/8/2013,141.03
10/9/2013,140.21
10/10/2013,140.16
10/11/2013,140.5
10/14/2013,140.9
10/15/2013,141.07
10/16/2013,140.14
10/17/2013,141.25
10/18/2013,140.06
10/21/2013,139.97
10/22/2013,138.95
10/23/2013,135.98
10/24/2013,133.49
10/25/2013,133.27
10/28/2013,132.54
10/29/2013,132.02
10/30/2013,131.18
10/31/2013,130.06
11/1/2013,129.05
11/4/2013,127.99
11/5/2013,127.97
11/6/2013,129.88
11/7/2013,130.06
11/8/2013,130.74
11/11/2013,130.95
11/12/2013,131.7
11/13/2013,132.44
11/14/2013,130.54
11/15/2013,131.78
11/18/2013,130.96
11/19/2013,130.7
11/20/2013,131.68
11/21/2013,132.04
11/22/2013,130.15
11/25/2013,132.22
11/26/2013,133.37
11/27/2013,132.19
11/29/2013,133.72
12/2/2013,132.49
12/3/2013,132.47
12/4/2013,133.22
12/5/2013,132.88
12/6/2013,135.51
12/9/2013,135.42
12/10/2013,135.98
12/11/2013,139.01
12/12/2013,139.97
12/13/2013,140.24
12/16/2013,140.51
12/17/2013,139.79
12/18/2013,139.87
12/19/2013,140.43
12/20/2013,140.12
12/23/2013,138.59
12/24/2013,140.18
12/26/2013,139.69
12/27/2013,141.76
12/30/2013,142.67
12/31/2013,142.64
1/2/2014,141.62
1/3/2014,139.77
1/6/2014,140.93
1/7/2014,142.69
1/8/2014,140.11
1/9/2014,139.55
1/10/2014,139.18
1/13/2014,141.02
1/14/2014,141.1
1/15/2014,142.89
1/16/2014,145.25
1/17/2014,146.28
1/21/2014,148.52
1/22/2014,148.03
1/23/2014,147.17
1/24/2014,146.97
1/27/2014,141.98
1/28/2014,142.15
1/29/2014,144.17
1/30/2014,144.98
1/31/2014,144.64
2/3/2014,143.26
2/4/2014,143.92
2/5/2014,144.12
2/6/2014,145.45
2/7/2014,147.53
2/10/2014,147.59
2/11/2014,149.96
2/12/2014,149.57
2/13/2014,149.28
2/14/2014,150.05
2/18/2014,150.79
2/19/2014,148.15
2/20/2014,147.71
2/21/2014,148.89
2/24/2014,150.49
2/25/2014,147.2
2/26/2014,145.55
2/27/2014,147.98
2/28/2014,146.85
3/3/2014,148.85
3/4/2014,150.35
3/5/2014,149.33
3/6/2014,154.38
3/7/2014,153.81
3/10/2014,154.3
3/11/2014,154.45
3/12/2014,155.38
3/13/2014,154.5
3/14/2014,155.36
3/17/2014,155.09
3/18/2014,156.61
3/19/2014,156.08
3/20/2014,155.34
3/21/2014,157.25
3/24/2014,152.73
3/25/2014,158.59
3/26/2014,154.47
3/27/2014,155.98
3/28/2014,157.97
3/31/2014,157.6
4/1/2014,155.16
4/2/2014,154.21
4/3/2014,153.32
4/4/2014,155.71
4/7/2014,152.9
4/8/2014,155.1
4/9/2014,153.41
4/10/2014,151.73
4/11/2014,152.43
4/14/2014,155.51
4/15/2014,153.84
4/16/2014,156
4/17/2014,155.61
4/21/2014,155.39
4/22/2014,157.15
4/23/2014,156.12
4/24/2014,157.06
4/25/2014,157.15
4/28/2014,155.43
4/29/2014,158.51
4/30/2014,158.9
5/1/2014,158.75
5/2/2014,158.95
5/5/2014,159.67
5/6/2014,158.38
5/7/2014,155.97
5/8/2014,156.81
5/9/2014,155.65
5/12/2014,153.86
5/13/2014,153.24
5/14/2014,152.85
5/15/2014,152.28
5/16/2014,151.37
5/19/2014,150.24
5/20/2014,149.98
5/21/2014,150.47
5/22/2014,147.93
5/23/2014,145.45
5/27/2014,143.19
5/28/2014,143.02
5/29/2014,145.18
5/30/2014,145.38
6/2/2014,145.74
6/3/2014,147.22
6/4/2014,145.06
6/5/2014,144.08
6/6/2014,140.59
6/9/2014,137.59
6/10/2014,136.28
6/11/2014,132.89
6/12/2014,131.16
6/13/2014,131.02
6/16/2014,129.96
6/17/2014,128.61
6/18/2014,130.08
6/19/2014,129.98
6/20/2014,129.9
6/23/2014,130.91
6/24/2014,128.9
6/25/2014,126.83
6/26/2014,125.77
6/27/2014,126.14
6/30/2014,123.88
7/1/2014,123.69
7/2/2014,122.13
7/3/2014,121.44
7/7/2014,118.32
7/8/2014,118.13
7/9/2014,117.41
7/10/2014,115.52
7/11/2014,114.8
7/14/2014,115.1
7/15/2014,114.17
7/16/2014,113.99
7/17/2014,114
7/18/2014,114.16
7/21/2014,114.07
7/22/2014,114.44
7/23/2014,114.73
7/24/2014,111.31
7/25/2014,110.13
7/28/2014,111.02
7/29/2014,109.56
7/30/2014,107.85
7/31/2014,105.95
8/1/2014,106.62
8/4/2014,108.26
8/5/2014,107.41
8/6/2014,108.44
8/7/2014,107.89
8/8/2014,108.21
8/11/2014,108.53
8/12/2014,106.79
8/13/2014,109.07
8/14/2014,108.98
8/15/2014,108.44
8/18/2014,107.58
8/19/2014,108.12
8/20/2014,110.9
8/21/2014,111.09
8/22/2014,111.53
8/25/2014,111.48
8/26/2014,112.72
8/27/2014,113.68
8/28/2014,112.2
8/29/2014,112.18
9/2/2014,110.06
9/3/2014,111.16
9/4/2014,110.3
9/5/2014,108.38
9/8/2014,109.62
9/9/2014,110.87
9/10/2014,113.14
9/11/2014,114.75
9/12/2014,114.59
9/15/2014,110.95
9/16/2014,110.47
9/17/2014,110.68
9/18/2014,109.62
9/19/2014,108.51
9/22/2014,105.48
9/23/2014,105.88
9/24/2014,103.76
9/25/2014,103.47
9/26/2014,104.3
9/29/2014,103.59
9/30/2014,103.42
10/1/2014,104.75
10/2/2014,104.23
10/3/2014,105.27
10/6/2014,108.49
10/7/2014,109.89
10/8/2014,109.35
10/9/2014,107.75
10/10/2014,108.02
10/13/2014,109.57
10/14/2014,108.12
10/15/2014,107.36
10/16/2014,107.11
10/17/2014,106.17
10/20/2014,104.97
10/21/2014,105.81
10/22/2014,105.63
10/23/2014,106.24
10/24/2014,107.53
10/27/2014,107.3
10/28/2014,108.65
10/29/2014,110.13
10/30/2014,108.7
10/31/2014,108.61
11/3/2014,108.27
11/4/2014,105.83
11/5/2014,105.68
11/6/2014,106.49
11/7/2014,107.33
11/10/2014,104.46
11/11/2014,104.88
11/12/2014,102.22
11/13/2014,99.01
11/14/2014,100.49
11/17/2014,99.6
11/18/2014,100.88
11/19/2014,99.6
11/20/2014,99.19
11/21/2014,100.3
11/24/2014,99.11
11/25/2014,99.95
11/26/2014,101.16
11/28/2014,101.25
12/1/2014,99.73
12/2/2014,100.07
12/3/2014,100.51
12/4/2014,101.82
12/5/2014,100.51
12/8/2014,99.95
12/9/2014,100.91
12/10/2014,100.39
12/11/2014,101.92
12/12/2014,102.02
12/15/2014,102.21
12/16/2014,100.74
12/17/2014,102.21
12/18/2014,102.49
12/19/2014,102.61
12/22/2014,104.55
12/23/2014,104.18
12/24/2014,104.11
12/26/2014,103.86
12/29/2014,104.5
12/30/2014,104.45
12/31/2014,101.57
1/2/2015,100.4
1/5/2015,102.31
1/6/2015,101.45
1/7/2015,101.84
1/8/2015,102.06
1/9/2015,102.39
1/12/2015,100.66
1/13/2015,101.37
1/14/2015,99.39
1/15/2015,100.25
1/16/2015,99.81
1/20/2015,97.39
1/21/2015,97.76
1/22/2015,97.34
1/23/2015,96.56
1/26/2015,98.79
1/27/2015,99.06
1/28/2015,100.17
1/29/2015,100.39
1/30/2015,100.03
2/2/2015,100.93
2/3/2015,103.56
2/4/2015,103.19
2/5/2015,104.13
2/6/2015,103.81
2/9/2015,105.28
2/10/2015,105.73
2/11/2015,104.71
2/12/2015,105.85
2/13/2015,106.71
2/17/2015,108.75
2/18/2015,110.08
2/19/2015,109.02
2/20/2015,108.97
2/23/2015,108.19
2/24/2015,109.39
2/25/2015,110.47
2/26/2015,109.89
2/27/2015,109.42
3/2/2015,109.29
3/3/2015,107.23
3/4/2015,107.18
3/5/2015,106.56
3/6/2015,106.12
3/9/2015,104.9
3/10/2015,102.58
3/11/2015,101.67
3/12/2015,103.17
3/13/2015,101.95
3/16/2015,101.94
3/17/2015,101.47
3/18/2015,105.29
3/19/2015,106.08
3/20/2015,105.86
3/23/2015,107.94
3/24/2015,107.7
3/25/2015,106.44
3/26/2015,106.3
3/27/2015,107.09
3/30/2015,105.36
3/31/2015,106.34
4/1/2015,105.46
4/2/2015,107.33
4/6/2015,110.11
4/7/2015,111.93
4/8/2015,112.36
4/9/2015,111.53
4/10/2015,109.98
4/13/2015,110.2
4/14/2015,109.57
4/15/2015,109.54
4/16/2015,108.83
4/17/2015,106.66
4/20/2015,106.83
4/21/2015,106.15
4/22/2015,106.03
4/23/2015,110.3
4/24/2015,111.8
4/27/2015,111.61
4/28/2015,111.88
4/29/2015,113.06
4/30/2015,114.39
5/1/2015,112.25
5/4/2015,112.35
5/5/2015,112.49
5/6/2015,110.99
5/7/2015,110.43
5/8/2015,111.49
5/11/2015,110.2
5/12/2015,109.57
5/13/2015,110.84
5/14/2015,112.12
5/15/2015,112.64
5/18/2015,109.4
5/19/2015,108.44
5/20/2015,108.11
5/21/2015,107.4
5/22/2015,106.67
5/26/2015,106.69
5/27/2015,106.25
5/28/2015,108.41
5/29/2015,108.44
6/1/2015,107.43
6/2/2015,107.18
6/3/2015,109.94
6/4/2015,109.74
6/5/2015,108.05
6/8/2015,109.57
6/9/2015,109.61
6/10/2015,110.57
6/11/2015,108.49
6/12/2015,108.97
6/15/2015,107.23
6/16/2015,109.49
6/17/2015,108.73
6/18/2015,109.07
6/19/2015,107.68
6/22/2015,109.2
6/23/2015,108.78
6/24/2015,108.85
6/25/2015,110.18
6/26/2015,113.77
6/29/2015,113.3
6/30/2015,114.44
7/1/2015,113.82
7/2/2015,113.57
7/6/2015,112.82
7/7/2015,111.16
7/8/2015,110.04
7/9/2015,110.99
7/10/2015,110.41
7/13/2015,110.41
7/14/2015,111.44
7/15/2015,109.32
7/16/2015,109.94
7/17/2015,109.91
7/20/2015,108.98
7/21/2015,108.26
7/22/2015,108.76
7/23/2015,109.1
7/24/2015,108.93
7/27/2015,107.52
7/28/2015,108.86
7/29/2015,107.67
7/30/2015,107.09
7/31/2015,108.21
8/3/2015,107.85
8/4/2015,107.25
8/5/2015,107.04
8/6/2015,104.92
8/7/2015,104.13
8/10/2015,104.42
8/11/2015,104.18
8/12/2015,109.02
8/13/2015,110.87
8/14/2015,111.14
8/17/2015,112.1
8/18/2015,112.29
8/19/2015,112.12
8/20/2015,112.79
8/21/2015,112.76
8/24/2015,107.94
8/25/2015,106.44
8/26/2015,105.34
8/27/2015,106.76
8/28/2015,106.17
8/31/2015,106.17
9/1/2015,105.66
9/2/2015,105.31
9/3/2015,105.76
9/4/2015,105.53
9/8/2015,106.64
9/9/2015,106.03
9/10/2015,106.25
9/11/2015,106.39
9/14/2015,105.41
9/15/2015,105.36
9/16/2015,105.68
9/17/2015,105.16
9/18/2015,102.04
9/21/2015,102.44
9/22/2015,101.11
9/23/2015,101.06
9/24/2015,101.63
9/25/2015,102.19
9/28/2015,102.38
9/29/2015,102.8
9/30/2015,101.85
10/1/2015,102.12
10/2/2015,101.35
10/5/2015,104.26
10/6/2015,104.62
10/7/2015,104.57
10/8/2015,104.01
10/9/2015,103.83
10/12/2015,103.96
10/13/2015,107.62
10/14/2015,107.45
10/15/2015,106.91
10/16/2015,107.6
10/19/2015,106.57
10/20/2015,107.48
10/21/2015,108.24
10/22/2015,105.36
10/23/2015,105.76
10/26/2015,104.7
10/27/2015,105.06
10/28/2015,105.61
10/29/2015,105.02
10/30/2015,106.71
11/2/2015,106.66
11/3/2015,105.44
11/4/2015,104.38
11/5/2015,104.4
11/6/2015,103.94
11/9/2015,104.46
11/10/2015,104.43
11/11/2015,104.96
11/12/2015,104.75
11/13/2015,104.47
11/16/2015,105.51
11/17/2015,105.61
11/18/2015,106.07
11/19/2015,106.37
11/20/2015,105.88
11/23/2015,103.81
11/24/2015,104.38
11/25/2015,106.64
11/27/2015,107.74
11/30/2015,105.56
12/1/2015,107.08
12/2/2015,107.01
12/3/2015,107.77
12/4/2015,109.05
12/7/2015,108.81
12/8/2015,108.59
12/9/2015,109.22
12/10/2015,107.47
12/11/2015,107.36
12/14/2015,106.81
12/15/2015,106.69
12/16/2015,106.59
12/17/2015,106.15
12/18/2015,107.33
12/21/2015,106.71
12/22/2015,106.44
12/23/2015,105.78
12/24/2015,107.28
12/28/2015,107.8
12/29/2015,107.63
12/30/2015,107.8
12/31/2015,106.64
1/4/2016,105.51
1/5/2016,105.63
1/6/2016,104.48
1/7/2016,103.52
1/8/2016,103.47
1/11/2016,103.64
1/12/2016,103.79
1/13/2016,104.72
1/14/2016,104.31
1/15/2016,103.49
1/19/2016,105.27
1/20/2016,104.43
1/21/2016,104.63
1/22/2016,105.24
1/25/2016,103.81
1/26/2016,103.49
1/27/2016,102.56
1/28/2016,103.4
1/29/2016,103.02
2/1/2016,104.13
2/2/2016,104.99
2/3/2016,104.38
2/4/2016,101.5
2/5/2016,101.27
2/8/2016,100.95
2/9/2016,99.43
2/10/2016,99.7
2/11/2016,98.94
2/12/2016,98.82
2/16/2016,100.67
2/17/2016,100.35
2/18/2016,100.61
2/19/2016,100.34
2/22/2016,98.9
2/23/2016,97.74
2/24/2016,96.75
2/25/2016,97.34
2/26/2016,96.95
2/29/2016,95.21
3/1/2016,94.56
3/2/2016,94.25
3/3/2016,95.06
3/4/2016,96.24
3/7/2016,96.7
3/8/2016,95.82
3/9/2016,95.37
3/10/2016,95.77
3/11/2016,96.31
3/14/2016,98.23
3/15/2016,98.15
3/16/2016,98.28
3/17/2016,98.35
3/18/2016,96.33
3/21/2016,98.03
3/22/2016,98.37
3/23/2016,98.4
3/24/2016,97.27
3/28/2016,97.4
3/29/2016,96.7
3/30/2016,97.19
3/31/2016,98.48
4/1/2016,99.76
4/4/2016,99.36
4/5/2016,99.26
4/6/2016,99.01
4/7/2016,99.32
4/8/2016,100.89
4/11/2016,101.83
4/12/2016,102.85
4/13/2016,103.29
4/14/2016,102.54
4/15/2016,101.15
4/18/2016,104.87
4/19/2016,106.29
4/20/2016,108
4/21/2016,107.87
4/22/2016,107.33
4/25/2016,107.92
4/26/2016,107.57
4/27/2016,108.11
4/28/2016,107.33
4/29/2016,107.47
5/2/2016,108.48
5/3/2016,106.27
5/4/2016,105.8
5/5/2016,104.13
5/6/2016,104.2
5/9/2016,103.35
5/10/2016,102.63
5/11/2016,102.12
5/12/2016,102.34
5/13/2016,102.16
5/16/2016,102.78
5/17/2016,104.82
5/18/2016,104.57
5/19/2016,102.92
5/20/2016,103.93
5/23/2016,103.56
5/24/2016,106.18
5/25/2016,106
5/26/2016,108.41
5/27/2016,108.32
5/31/2016,107.75
6/1/2016,106.45
6/2/2016,105.95
6/3/2016,107.72
6/6/2016,110.47
6/7/2016,110.97
6/8/2016,110.97
6/9/2016,109.81
6/10/2016,109.55
6/13/2016,107.99
6/14/2016,107.7
6/15/2016,107.21
6/16/2016,109.42
6/17/2016,111.09
6/20/2016,111.21
6/21/2016,108.51
6/22/2016,108.75
6/23/2016,110.25
6/24/2016,108.56
6/27/2016,108.49
6/28/2016,110.99
6/29/2016,110.97
6/30/2016,108.14
7/1/2016,109.52
7/5/2016,109.89
7/6/2016,110.04
7/7/2016,109.79
7/8/2016,110.9
7/11/2016,114.22
7/12/2016,119.28
7/13/2016,123.27
7/14/2016,124.49
7/15/2016,125.18
7/18/2016,124.62
7/19/2016,123.47
7/20/2016,121.92
7/21/2016,122.97
7/22/2016,122.48
7/25/2016,121.82
7/26/2016,124.62
7/27/2016,123.95
7/28/2016,123.09
7/29/2016,124.77
8/1/2016,125.35
8/2/2016,124.67
8/3/2016,125.19
8/4/2016,127.79
8/5/2016,129.32
8/8/2016,128.16
8/9/2016,123.1
8/10/2016,120.39
8/11/2016,121.1
8/12/2016,119.06
8/15/2016,116.04
8/16/2016,115.6
8/17/2016,115.96
8/18/2016,116.3
8/19/2016,114.64
8/22/2016,115.07
8/23/2016,115.34
8/24/2016,114.24
8/25/2016,114.66
8/26/2016,114.64
8/29/2016,112.82
8/30/2016,111.71
8/31/2016,110.52
9/1/2016,114.9
9/2/2016,114.24
9/6/2016,116.68
9/7/2016,117.19
9/8/2016,116.77
9/9/2016,116.41
9/12/2016,112.39
9/13/2016,112.74
9/14/2016,113.8
9/15/2016,114.12
9/16/2016,113.38
9/19/2016,115.44
9/20/2016,119.31
9/21/2016,120.69
9/22/2016,120.85
9/23/2016,118.08
9/26/2016,118.1
9/27/2016,117.53
9/28/2016,115.4
9/29/2016,114.14
9/30/2016,114.73
10/3/2016,115.47
10/4/2016,117.41
10/5/2016,114.29
10/6/2016,113.75
10/7/2016,112.87
10/10/2016,113.52
10/11/2016,113.14
10/12/2016,116.23
10/13/2016,116.8
10/14/2016,118.92
10/17/2016,119.97
10/18/2016,119.9
10/19/2016,119.82
10/20/2016,117.63
10/21/2016,116.4
10/24/2016,115.89
10/25/2016,115.42
10/26/2016,116.72
10/27/2016,117.56
10/28/2016,119.35
10/31/2016,116.04
11/1/2016,114.93
11/2/2016,115.6
11/3/2016,114.71
11/4/2016,115.49
11/7/2016,115.57
11/8/2016,116.26
11/9/2016,115.66
11/10/2016,117.47
11/11/2016,116.33
11/14/2016,116.8
11/15/2016,118.77
11/16/2016,120.81
11/17/2016,122.24
11/18/2016,121.87
11/21/2016,121.82
11/22/2016,121.74
11/23/2016,120.73
11/25/2016,120.07
11/28/2016,121.37
11/29/2016,120.16
11/30/2016,120.63
12/1/2016,119.48
12/2/2016,119.72
12/5/2016,119.67
12/6/2016,120.21
12/7/2016,119.73
12/8/2016,120.36
12/9/2016,119.31
12/12/2016,120.81
12/13/2016,121.4
12/14/2016,120.44
12/15/2016,120.78
12/16/2016,119.72
12/19/2016,117.24
12/20/2016,116.85
12/21/2016,118.18
12/22/2016,118.3
12/23/2016,117.75
12/27/2016,117.53
12/28/2016,117.54
12/29/2016,118.81
12/30/2016,119.06
1/3/2017,120.96
1/4/2017,124.84
1/5/2017,124.33
1/6/2017,124.69
1/9/2017,123
1/10/2017,123.34
1/11/2017,123.26
1/12/2017,121.91
1/13/2017,121.79
1/17/2017,121.52
1/18/2017,121.77
1/19/2017,122.5
1/20/2017,123.09
1/23/2017,125.77
1/24/2017,123.98
1/25/2017,124.5
1/26/2017,125.03
1/27/2017,126.14
1/30/2017,124.94
1/31/2017,126.29
2/1/2017,128.82
2/2/2017,129.61
2/3/2017,128.77
2/6/2017,127.45
2/7/2017,126.9
2/8/2017,127.61
2/9/2017,128.45
2/10/2017,129.48
2/13/2017,131.8
2/14/2017,131.36
2/15/2017,130.23
2/16/2017,129.37
2/17/2017,127.27
2/21/2017,127.5
2/22/2017,127.22
2/23/2017,128.24
2/24/2017,129.04
2/27/2017,128.28
2/28/2017,128.65
3/1/2017,131.21
3/2/2017,129.39
3/3/2017,131.43
3/6/2017,133.32
3/7/2017,131.5
3/8/2017,131.6
3/9/2017,131.14
3/10/2017,130.25
3/13/2017,129.54
3/14/2017,130.01
3/15/2017,131.58
3/16/2017,131.73
3/17/2017,132.05
3/20/2017,130.32
3/21/2017,129.49
3/22/2017,130.33
3/23/2017,130.22
3/24/2017,130.55
3/27/2017,129.66
3/28/2017,129.56
3/29/2017,128.31
3/30/2017,128.46
3/31/2017,130.32
4/3/2017,127.18
4/4/2017,126.14
4/5/2017,126.17
4/6/2017,125.56
4/7/2017,124.47
4/10/2017,127.76
4/11/2017,127.84
4/12/2017,127.96
4/13/2017,128.99
4/17/2017,131.73
4/18/2017,131.72
4/19/2017,131.99
4/20/2017,133.32
4/21/2017,133.69
4/24/2017,132.78
4/25/2017,133.74
4/26/2017,133.79
4/27/2017,131.38
4/28/2017,132.91
5/1/2017,133.05
5/2/2017,133.75
5/3/2017,132.74
5/4/2017,132.98
5/5/2017,131.06
5/8/2017,130.08
5/9/2017,130.49
5/10/2017,128.9
5/11/2017,133.43
5/12/2017,138.49
5/15/2017,143.78
5/16/2017,137.04
5/17/2017,135.1
5/18/2017,133.54
5/19/2017,133.89
5/22/2017,132.1
5/23/2017,130.13
5/24/2017,130.67
5/25/2017,130.03
5/26/2017,129.91
5/30/2017,130.2
5/31/2017,129.73
6/1/2017,130.82
6/2/2017,129.24
6/5/2017,128.6
6/6/2017,128.11
6/7/2017,126.67
6/8/2017,126.68
6/9/2017,124.32
6/12/2017,122.98
6/13/2017,121.03
6/14/2017,119.57
6/15/2017,117.07
6/16/2017,116.89
6/19/2017,116.35
6/20/2017,116.23
6/21/2017,114.88
6/22/2017,112.47
6/23/2017,112.94
6/26/2017,113.3
6/27/2017,114.11
6/28/2017,114
6/29/2017,113.31
6/30/2017,115.59
7/3/2017,113.67
7/5/2017,114.02
7/6/2017,115.18
7/7/2017,115.59
7/10/2017,113.4
7/11/2017,114.04
7/12/2017,113.36
7/13/2017,111.85
7/14/2017,112.2
7/17/2017,114.19
7/18/2017,114.96
7/19/2017,114.78
7/20/2017,116.25
7/21/2017,115.3
7/24/2017,115.08
7/25/2017,115.99
7/26/2017,115.27
7/27/2017,116.09
7/28/2017,115.94
7/31/2017,116.04
8/1/2017,116.8
8/2/2017,118.54
8/3/2017,118.23
8/4/2017,119.01
8/7/2017,118.89
8/8/2017,119.87
8/9/2017,119.83
8/10/2017,114.78
8/11/2017,115.02
8/14/2017,114.17
8/15/2017,113.18
8/16/2017,112.61
8/17/2017,112.76
8/18/2017,113.38
8/21/2017,113.85
8/22/2017,114.27
8/23/2017,116.09
8/24/2017,117.68
8/25/2017,114.85
8/28/2017,117.68
8/29/2017,117.93
8/30/2017,119.4
8/31/2017,119.53
9/1/2017,121.13
9/5/2017,126.19
9/6/2017,125.55
9/7/2017,125.16
9/8/2017,125.7
9/11/2017,121.52
9/12/2017,116.46
9/13/2017,116.43
9/14/2017,116.48
9/15/2017,116.4
9/18/2017,117.12
9/19/2017,116.73
9/20/2017,116.7
9/21/2017,115.02
9/22/2017,115.37
9/25/2017,117.05
9/26/2017,115.86
9/27/2017,115.69
9/28/2017,116.23
9/29/2017,115.35
10/2/2017,113.87
10/3/2017,113.78
10/4/2017,115.94
10/5/2017,115.05
10/6/2017,116.01
10/9/2017,116.19
10/10/2017,116.19
10/11/2017,115.82
10/12/2017,114.32
10/13/2017,115.64
10/16/2017,113.8
10/17/2017,114.21
10/18/2017,113.97
10/19/2017,113.43
10/20/2017,112.71
10/23/2017,117.49
10/24/2017,117.19
10/25/2017,116.8
10/26/2017,114.91
10/27/2017,114.93
10/30/2017,115.67
10/31/2017,115.23
11/1/2017,114.88
11/2/2017,116.41
11/3/2017,115.81
11/6/2017,116.03
11/7/2017,114.84
11/8/2017,115.81
11/9/2017,115.34
11/10/2017,116.48
11/13/2017,116.16
11/14/2017,115.69
11/15/2017,116.01
11/16/2017,116.58
11/17/2017,116.87
11/20/2017,119.4
11/21/2017,118.2
11/22/2017,119.89
11/24/2017,121.22
11/27/2017,120.36
11/28/2017,121.57
11/29/2017,123.74
11/30/2017,122.7
12/1/2017,123.49
12/4/2017,122.31
12/5/2017,122.19
12/6/2017,122.55
12/7/2017,125.09
12/8/2017,124.23
12/11/2017,123.02
12/12/2017,122.87
12/13/2017,124.92
12/14/2017,126.95
12/15/2017,127.94
12/18/2017,126.73
12/19/2017,126.44
12/20/2017,127.59
12/21/2017,131.34
12/22/2017,131.23
12/26/2017,130.49
12/27/2017,133.05
12/28/2017,132.79
12/29/2017,132.51
1/2/2018,130.6
1/3/2018,131.63
1/4/2018,133.55
1/5/2018,131.46
1/8/2018,131.68
1/9/2018,132.04
1/10/2018,134.23
1/11/2018,139.28
1/12/2018,137.65
1/16/2018,137.23
1/17/2018,138.42
1/18/2018,139.25
1/19/2018,140.58
1/22/2018,140.56
1/23/2018,138.62
1/24/2018,138.64
1/25/2018,137.98
1/26/2018,135.63
1/29/2018,132.05
1/30/2018,129.81
1/31/2018,130.23
2/1/2018,132.04
2/2/2018,130.27
2/5/2018,129.04
2/6/2018,128.4
2/7/2018,128.46
2/8/2018,129.75
2/9/2018,130.18
2/12/2018,130.18
2/13/2018,130.43
2/14/2018,129.71
2/15/2018,129.37
2/16/2018,130.03
2/20/2018,133.06
2/21/2018,135.47
2/22/2018,133.92
2/23/2018,137.07
2/26/2018,138.44
2/27/2018,138.61
2/28/2018,139.75
3/1/2018,137.87
3/2/2018,138.34
3/5/2018,143.63
3/6/2018,138.91
3/7/2018,139.64
3/8/2018,143.44
3/9/2018,142.43
3/12/2018,140.34
3/13/2018,139.84
3/14/2018,140.61
3/15/2018,140.77
3/16/2018,139.62
3/19/2018,136.89
3/20/2018,140.01
3/21/2018,139.18
3/22/2018,138.44
3/23/2018,137.9
3/26/2018,137.82
3/27/2018,138.22
3/28/2018,136.06
3/29/2018,137.28
4/2/2018,136.45
4/3/2018,138.22
4/4/2018,134.21
4/5/2018,139.15
4/6/2018,138.98
4/9/2018,139.62
4/10/2018,140.4
4/11/2018,140.7
4/12/2018,139.87
4/13/2018,140.46
4/16/2018,140.24
4/17/2018,139.79
4/18/2018,139.21
4/19/2018,139.57
4/20/2018,142.79
4/23/2018,141.76
4/24/2018,137.36
4/25/2018,141.46
4/26/2018,141.84
4/27/2018,142.42
4/30/2018,141.29
5/1/2018,142.37
5/2/2018,142.7
5/3/2018,142.4
5/4/2018,146.44
5/7/2018,144.91
5/8/2018,143.88
5/9/2018,144.69
5/10/2018,142.5
5/11/2018,142.6
5/14/2018,141.05
5/15/2018,141.15
5/16/2018,142.15
5/17/2018,143.29
5/18/2018,145.85
5/21/2018,149.01
5/22/2018,147.2
5/23/2018,146.55
5/24/2018,147.39
5/25/2018,150.34
5/29/2018,157.08
5/30/2018,155.86
5/31/2018,156.98
6/1/2018,157.23
6/4/2018,155.21
6/5/2018,151.4
6/6/2018,153.27
6/7/2018,157.62
6/8/2018,158.42
6/11/2018,156.57
6/12/2018,157.33
6/13/2018,156.61
6/14/2018,156.66
6/15/2018,151.42
6/18/2018,147.91
6/19/2018,141.25
6/20/2018,141.86
6/21/2018,142.05
6/22/2018,143.75
6/25/2018,143.11
6/26/2018,142.42
6/27/2018,143.02
6/28/2018,140.8
6/29/2018,141.42
7/2/2018,139.75
7/3/2018,139.55
7/5/2018,138.12
7/6/2018,142.32
7/9/2018,144.03
7/10/2018,145.57
7/11/2018,142.47
7/12/2018,149.21
7/13/2018,148.03
7/16/2018,147.91
7/17/2018,148.87
7/18/2018,148.43
7/19/2018,147.54
7/20/2018,146.75
7/23/2018,146.29
7/24/2018,146.11
7/25/2018,148.25
7/26/2018,148.69
7/27/2018,148.87
7/30/2018,150.32
7/31/2018,150.98
8/1/2018,148.87
8/2/2018,149.7
8/3/2018,148.5
8/6/2018,148.97
8/7/2018,148.13
8/8/2018,146.92
8/9/2018,147.05
8/10/2018,143.63
8/13/2018,139.47
8/14/2018,139.94
8/15/2018,136.06
8/16/2018,137.85
8/17/2018,137.16
8/20/2018,139.37
8/21/2018,140.29
8/22/2018,138.68
8/23/2018,137.33
8/24/2018,137.56
8/27/2018,140.44
8/28/2018,140.85
8/29/2018,139.47
8/30/2018,138.62
8/31/2018,138.56
9/4/2018,139.5
9/5/2018,137.7
9/6/2018,137.01
9/7/2018,138.17
9/10/2018,141.3
9/11/2018,139.69
9/12/2018,139.27
9/13/2018,137.36
9/14/2018,137.9
9/17/2018,137.02
9/18/2018,132.32
9/19/2018,132.66
9/20/2018,132.24
9/21/2018,133.35
9/24/2018,132.42
9/25/2018,133.11
9/26/2018,132.37
9/27/2018,130.97
9/28/2018,128.7
10/1/2018,128.6
10/2/2018,128.4
10/3/2018,128.85
10/4/2018,128.08
10/5/2018,128.24
10/8/2018,130.69
10/9/2018,129.78
10/10/2018,129.42
10/11/2018,129.44
10/12/2018,132.07
10/15/2018,132.66
10/16/2018,132
10/17/2018,131.31
10/18/2018,131.53
10/19/2018,131.31
10/22/2018,134.85
10/23/2018,133.11
10/24/2018,129.88
10/25/2018,130.91
10/26/2018,132.34
10/29/2018,130.05
10/30/2018,129.59
10/31/2018,129.52
11/1/2018,133.18
11/2/2018,132.78
11/5/2018,132.91
11/6/2018,130.49
11/7/2018,133.61
11/8/2018,134.18
11/9/2018,133.39
11/12/2018,131.24
11/13/2018,130.87
11/14/2018,132.04
11/15/2018,131.92
11/16/2018,131.93
11/19/2018,131.53
11/20/2018,130.49
11/21/2018,132.76
11/23/2018,130.13
11/26/2018,132.42
11/27/2018,131.24
11/28/2018,132.93
11/29/2018,132.59
11/30/2018,132.98
12/3/2018,134.73
12/4/2018,134.5
12/5/2018,136.75
12/6/2018,133.27
12/7/2018,135.2
12/10/2018,134.61
12/11/2018,134.85
12/12/2018,134.77
12/13/2018,133.82
12/14/2018,134.14
12/17/2018,132.36
12/18/2018,131.19
12/19/2018,129.27
12/20/2018,126.49
12/21/2018,123.32
12/24/2018,122.26
12/26/2018,123.86
12/27/2018,121.44
12/28/2018,121.65
12/31/2018,121.67
1/2/2019,119.38
1/3/2019,119.36
1/4/2019,122.21
1/7/2019,122.6
1/8/2019,120.78
1/9/2019,123.24
1/10/2019,122.77
1/11/2019,122.16
1/14/2019,123
1/15/2019,121.94
1/16/2019,123.47
1/17/2019,125.33
1/18/2019,124.52
1/22/2019,123.24
1/23/2019,123.9
1/24/2019,123.26
1/25/2019,124.92
1/28/2019,124.45
1/29/2019,124.96
1/30/2019,125.31
1/31/2019,125.38
2/1/2019,124.1
2/4/2019,122.62
2/5/2019,123.69
2/6/2019,124.13
2/7/2019,123.07
2/8/2019,123.03
2/11/2019,120.11
2/12/2019,119.39
2/13/2019,120.32
2/14/2019,120.85
2/15/2019,121.1
2/19/2019,121.65
2/20/2019,121.6
2/21/2019,124.72
2/22/2019,123.04
2/25/2019,123.19
2/26/2019,121.37
2/27/2019,121.94
2/28/2019,122.72
3/1/2019,124.45
3/4/2019,123.24
3/5/2019,125.73
3/6/2019,125.06
3/7/2019,123.21
3/8/2019,123.85
3/11/2019,123.36
3/12/2019,126.14
3/13/2019,127.6
3/14/2019,125.21
3/15/2019,127.23
3/18/2019,126.85
3/19/2019,127.49
3/20/2019,127.23
3/21/2019,130.06
3/22/2019,129.05
3/25/2019,130.99
3/26/2019,131.26
3/27/2019,129.68
3/28/2019,127.86
3/29/2019,130.79
4/1/2019,130.37
4/2/2019,130.22
4/3/2019,129.84
4/4/2019,130.3
4/5/2019,131.98
4/8/2019,133.05
4/9/2019,131.98
4/10/2019,131.94
4/11/2019,131.01
4/12/2019,132.9
4/15/2019,129.83
4/16/2019,132.39
4/17/2019,133.06
4/18/2019,131.9
4/22/2019,132.24
4/23/2019,131.29
4/24/2019,129.96
4/25/2019,131.99
4/26/2019,130.94
4/29/2019,129.68
4/30/2019,129.39
5/1/2019,129.27
5/2/2019,127.15
5/3/2019,127.54
5/6/2019,123.95
5/7/2019,123.32
5/8/2019,121.86
5/9/2019,118.35
5/10/2019,115.35
5/13/2019,110.3
5/14/2019,112.5
5/15/2019,111.81
5/16/2019,112.57
5/17/2019,111.21
5/20/2019,114.44
5/21/2019,113.45
5/22/2019,112.49
5/23/2019,113.72
5/24/2019,115.25
5/28/2019,117.07
5/29/2019,116.38
5/30/2019,116.85
5/31/2019,114.73
6/3/2019,116.99
6/4/2019,116.23
6/5/2019,115.84
6/6/2019,115.59
6/7/2019,110.53
6/10/2019,110.92
6/11/2019,110.02
6/12/2019,111.25
6/13/2019,111.95
6/14/2019,110.8
6/17/2019,111.93
6/18/2019,112.61
6/19/2019,113.18
6/20/2019,111.16
6/21/2019,110.48
6/24/2019,110.7
6/25/2019,110.75
6/26/2019,111.88
6/27/2019,111.38
6/28/2019,111.36
7/1/2019,112.2
7/2/2019,113.4
7/3/2019,113.33
7/5/2019,112.61
7/8/2019,110.62
7/9/2019,106.64
7/10/2019,107.55
7/11/2019,106.3
7/12/2019,105.63
7/15/2019,107.77
7/16/2019,106.27
7/17/2019,105.31
7/18/2019,103.99
7/19/2019,106.29
7/22/2019,106.77
7/23/2019,107.4
7/24/2019,108.39
7/25/2019,108.17
7/26/2019,108.76
7/29/2019,108.21
7/30/2019,106.77
7/31/2019,107.58
8/1/2019,105.11
8/2/2019,100.13
8/5/2019,98.55
8/6/2019,98.96
8/7/2019,99.14
8/8/2019,100.4
8/9/2019,99.26
8/12/2019,97.98
8/13/2019,100.12
8/14/2019,100.39
8/15/2019,100.47
8/16/2019,101.33
8/19/2019,99.83
8/20/2019,99.66
8/21/2019,101.01
8/22/2019,99.33
8/23/2019,98.1
8/26/2019,97.44
8/27/2019,97.61
8/28/2019,98.97
8/29/2019,99.43
8/30/2019,99.14
9/3/2019,97.51
9/4/2019,98.1
9/5/2019,99.63
9/6/2019,98.72
9/9/2019,99.39
9/10/2019,100
9/11/2019,100.05
9/12/2019,104.84
9/13/2019,104.95
9/16/2019,105.48
9/17/2019,103.44
9/18/2019,101.95
9/19/2019,101.67
9/20/2019,101.99
9/23/2019,102.65
9/24/2019,101.79
9/25/2019,101.87
9/26/2019,101.58
9/27/2019,102.63
9/30/2019,102.51
10/1/2019,102.76
10/2/2019,103.35
10/3/2019,103.81
10/4/2019,103.93
10/7/2019,104.2
10/8/2019,103.34
10/9/2019,104.63
10/10/2019,103.51
10/11/2019,107.65
10/14/2019,104.85
10/15/2019,107.06
10/16/2019,108.76
10/17/2019,109.52
10/18/2019,109.81
10/21/2019,108.8
10/22/2019,108.98
10/23/2019,109.45
10/24/2019,108.95
10/25/2019,109.37
10/28/2019,109.18
10/29/2019,109.07
10/30/2019,110.72
10/31/2019,108.59
11/1/2019,108.24
11/4/2019,107.28
11/5/2019,107.53
11/6/2019,107.33
11/7/2019,109.01
11/8/2019,110.31
11/11/2019,110.15
11/12/2019,111.47
11/13/2019,111.31
11/14/2019,111.36
11/15/2019,112.39
11/18/2019,111.17
11/19/2019,110.13
11/20/2019,108.32
11/21/2019,107.87
11/22/2019,109.29
11/25/2019,110.89
11/26/2019,111.14
11/27/2019,110.9
11/29/2019,110.14
12/2/2019,109.2
12/3/2019,107.94
12/4/2019,109.03
12/5/2019,108.71
12/6/2019,111.22
12/9/2019,110.18
12/10/2019,111.11
12/11/2019,111.02
12/12/2019,113.2
12/13/2019,112.57
12/16/2019,112.86
12/17/2019,111.96
12/18/2019,112.47
12/19/2019,113.89
12/20/2019,114.53
12/23/2019,115.62
12/24/2019,115.77
12/26/2019,115.77
12/27/2019,116.14
12/30/2019,117.22
12/31/2019,116.36
1/2/2020,116.73
1/3/2020,116.62
1/6/2020,118.03
1/7/2020,117.68
1/8/2020,117.9
1/9/2020,119.13
1/10/2020,120.17
1/13/2020,120.54
1/14/2020,120.29
1/15/2020,118.5
1/16/2020,118.34
1/17/2020,120.07
1/21/2020,116.68
1/22/2020,119.87
1/23/2020,118.01
1/24/2020,116.95
1/27/2020,117.14
1/28/2020,118.57
1/29/2020,118.07
1/30/2020,116.36
1/31/2020,113.75
2/3/2020,112.64
2/4/2020,113.5
2/5/2020,113.77
2/6/2020,114.44
2/7/2020,114.3
2/10/2020,115.28
2/11/2020,115.5
2/12/2020,116.46
2/13/2020,115.66
2/14/2020,115.28
2/18/2020,116.06
2/19/2020,117.37
2/20/2020,116.9
2/21/2020,116.28
2/24/2020,113.85
2/25/2020,111.73
2/26/2020,110.33
2/27/2020,105.33
2/28/2020,103.62
3/2/2020,106.81
3/3/2020,105.78
3/4/2020,106.13
3/5/2020,106.76
3/6/2020,105.81
3/9/2020,103.15
3/10/2020,103.49
3/11/2020,103.72
3/12/2020,100.61
3/13/2020,101.94
3/16/2020,99.09
3/17/2020,97.61
3/18/2020,95.45
3/19/2020,92.57
3/20/2020,90.46
3/23/2020,87.88
3/24/2020,89.13
3/25/2020,90.06
3/26/2020,88.95
3/27/2020,86.5
3/30/2020,85.44
3/31/2020,86.16
4/1/2020,81.58
4/2/2020,84.24
4/3/2020,85.91
4/6/2020,89.4
4/7/2020,89.23
4/8/2020,90.8
4/9/2020,91.65
4/13/2020,89.33
4/14/2020,89.62
4/15/2020,88.98
4/16/2020,89.35
4/17/2020,89.08
4/20/2020,91.03
4/21/2020,89.84
4/22/2020,94.61
4/23/2020,94.99
4/24/2020,93.75
4/27/2020,92.7
4/28/2020,94
4/29/2020,96.26
4/30/2020,96.61
5/1/2020,94.1
5/4/2020,91.56
5/5/2020,90.29
5/6/2020,91.86
5/7/2020,93.34
5/8/2020,94.83
5/11/2020,95.43
5/12/2020,98.31
5/13/2020,96.83
5/14/2020,97.49
5/15/2020,98.16
5/18/2020,97.4
5/19/2020,99.76
5/20/2020,98.1
5/21/2020,97.84
5/22/2020,97.08
5/26/2020,98.13
5/27/2020,98.31
5/28/2020,97.02
5/29/2020,97.05
6/1/2020,101.21
6/2/2020,101.74
6/3/2020,101.92
6/4/2020,101.11
6/5/2020,103.86
6/8/2020,102.18
6/9/2020,101.48
6/10/2020,101.72
6/11/2020,100.25
6/12/2020,99.48
6/15/2020,98.33
6/16/2020,99.56
6/17/2020,101.11
6/18/2020,100.3
6/19/2020,100.79
6/22/2020,100.86
6/23/2020,100.17
6/24/2020,99.78
6/25/2020,100.61
6/26/2020,100.27
6/29/2020,100.49
6/30/2020,102.6
7/1/2020,105.76
7/2/2020,106.08
7/6/2020,106.4
7/7/2020,106.2
7/8/2020,108.12
7/9/2020,107.67
7/10/2020,108.38
7/13/2020,106.76
7/14/2020,105.54
7/15/2020,104.7
7/16/2020,105.39
7/17/2020,104.38
7/20/2020,105.97
7/21/2020,106.08
7/22/2020,105.39
7/23/2020,104.35
7/24/2020,101.28
7/27/2020,103.07
7/28/2020,102.98
7/29/2020,103.83
7/30/2020,106.47
7/31/2020,105.59
8/3/2020,107.63
8/4/2020,107.87
8/5/2020,108.63
8/6/2020,109.29
8/7/2020,105.09
8/10/2020,105.83
8/11/2020,106.99
8/12/2020,104.82
8/13/2020,106.15
8/14/2020,105.92
8/17/2020,106.64
8/18/2020,106.05
8/19/2020,107.47
8/20/2020,108.73
8/21/2020,108.32
8/24/2020,110.92
8/25/2020,110.52
8/26/2020,110.52
8/27/2020,110.16
8/28/2020,109.67
8/31/2020,109.81
9/1/2020,110.21
9/2/2020,109.47
9/3/2020,108.32
9/4/2020,109.52
9/8/2020,107.89
9/9/2020,108.19
9/10/2020,109.22
9/11/2020,109.22
9/14/2020,112.27
9/15/2020,111.96
9/16/2020,111.85
9/17/2020,110.97
9/18/2020,110.65
9/21/2020,109.94
9/22/2020,110.45
9/23/2020,109.96
9/24/2020,110.31
9/25/2020,111.14
9/28/2020,110.7
9/29/2020,110.03
9/30/2020,110.87
10/1/2020,111.07
10/2/2020,110.92
10/5/2020,111.27
10/6/2020,112.67
10/7/2020,113.9
10/8/2020,113.73
10/9/2020,113.99
10/12/2020,115.22
10/13/2020,115.99
10/14/2020,116.16
10/15/2020,116.65
10/16/2020,117.83
10/19/2020,119.92
10/20/2020,119.68
10/21/2020,119.72
10/22/2020,121.23
10/23/2020,120.14
10/26/2020,121.52
10/27/2020,121.39
10/28/2020,118.25
10/29/2020,117.66
10/30/2020,116.14
11/2/2020,115.82
11/3/2020,118.37
11/4/2020,118.35
11/5/2020,118.08
11/6/2020,116.15
11/9/2020,119.1
11/10/2020,119.53
11/11/2020,119.58
11/12/2020,119.01
11/13/2020,118.64
11/16/2020,120.63
11/17/2020,120.16
11/18/2020,121.05
11/19/2020,120.78
11/20/2020,122.95
11/23/2020,124.37
11/24/2020,122.99
11/25/2020,121.94
11/27/2020,123.42
11/30/2020,121.59
12/1/2020,121.65
12/2/2020,120.66
12/3/2020,119.83
12/4/2020,120.61
12/7/2020,121.98
12/8/2020,121.3
12/9/2020,123.1
12/10/2020,125.14
12/11/2020,124.84
12/14/2020,125.83
12/15/2020,127.38
12/16/2020,127.49
12/17/2020,130.08
12/18/2020,130.03
12/21/2020,125.99
12/22/2020,126.09
12/23/2020,128.31
12/24/2020,128.41
12/28/2020,128.67
12/29/2020,129.78
12/30/2020,131.4
12/31/2020,131.65
1/4/2021,133.08
1/5/2021,135.41
1/6/2021,134.92
1/7/2021,134.41
1/8/2021,134.43
1/11/2021,135.54
1/12/2021,137.68
1/13/2021,136.37
1/14/2021,136.75
1/15/2021,136
1/19/2021,136.75
1/20/2021,137.5
1/21/2021,139.15
1/22/2021,137.45
1/25/2021,138.74
1/26/2021,137.7
1/27/2021,136.23
1/28/2021,134.7
1/29/2021,135.89
2/1/2021,134.87
2/2/2021,135.98
2/3/2021,136.48
2/4/2021,142.03
2/5/2021,139.87
2/8/2021,142.92
2/9/2021,147.71
2/10/2021,144.72
2/11/2021,148.08
2/12/2021,149.41
2/16/2021,150.99
2/17/2021,151.55
2/18/2021,152.17
2/19/2021,152.48
2/22/2021,155.73
2/23/2021,156.17
2/24/2021,157.89
2/25/2021,151.15
2/26/2021,149.7
3/1/2021,154.31
3/2/2021,153.34
3/3/2021,149.06
3/4/2021,146.85
3/5/2021,147.89
3/8/2021,148.84
3/9/2021,142.1
3/10/2021,143.61
3/11/2021,148.89
3/12/2021,147.56
3/15/2021,146.14
3/16/2021,146.48
3/17/2021,145.79
3/18/2021,144
3/19/2021,142.7
3/22/2021,142.6
3/23/2021,140.77
3/24/2021,138.93
3/25/2021,132.19
3/26/2021,135.46
3/29/2021,135.64
3/30/2021,135.89
3/31/2021,136.3
4/1/2021,131.36
4/5/2021,131.24
4/6/2021,133.5
4/7/2021,133.97
4/8/2021,137.61
4/9/2021,139.76
4/12/2021,136.44
4/13/2021,139.73
4/14/2021,144.12
4/15/2021,145.37
4/16/2021,143.29
4/19/2021,142.75
4/20/2021,143.53
4/21/2021,145.32
4/22/2021,145.01
4/23/2021,149.65
4/26/2021,150.35
4/27/2021,154.06
4/28/2021,150.86
4/29/2021,145.84
4/30/2021,148.43
5/3/2021,148.06
5/4/2021,146.9
5/5/2021,147.17
5/6/2021,152.65
5/7/2021,151.1
5/10/2021,149.09
5/11/2021,147.88
5/12/2021,148.69
5/13/2021,143.21
5/14/2021,138.91
5/17/2021,138.73
5/18/2021,141.57
5/19/2021,139.74
5/20/2021,137.39
5/21/2021,139.57
5/24/2021,139.57
5/25/2021,139.38
5/26/2021,138.93
5/27/2021,139.21
5/28/2021,138.39
6/1/2021,141.98
6/2/2021,141.17
6/3/2021,141.91
6/4/2021,144.59
6/7/2021,142.47
6/8/2021,144.05
6/9/2021,146.7
6/10/2021,148.37
6/11/2021,148.16
6/14/2021,145.15
6/15/2021,146.28
6/16/2021,144.84
6/17/2021,141.66
6/18/2021,143.55
6/21/2021,143.56
6/22/2021,144.32
6/23/2021,146.51
6/24/2021,146.16
6/25/2021,146.92
6/28/2021,147.34
6/29/2021,147.59
6/30/2021,143.07
7/1/2021,144.76
7/2/2021,146.56
7/6/2021,147.29
7/7/2021,147.67
7/8/2021,146.41
7/9/2021,147.81
7/12/2021,148.57
7/13/2021,149.07
7/14/2021,151.35
7/15/2021,150.07
7/16/2021,151.55
7/19/2021,146.12
7/20/2021,149.16
7/21/2021,149.46
7/22/2021,151.43
7/23/2021,151.1
7/26/2021,150.99
7/27/2021,152.06
7/28/2021,152.54
7/29/2021,152.19
7/30/2021,150.64
8/2/2021,151.04
8/3/2021,151.45
8/4/2021,152.19
8/5/2021,152.81
8/6/2021,154.53
8/9/2021,153.19
8/10/2021,155.58
8/11/2021,153.72
8/12/2021,157.26
8/13/2021,158.95
8/16/2021,158.93
8/17/2021,159.93
8/18/2021,159.81
8/19/2021,156.32
8/20/2021,156.89
8/23/2021,157.33
8/24/2021,158.71
8/25/2021,159.25
8/26/2021,158.68
8/27/2021,159.82
8/30/2021,158.8
8/31/2021,155.93
9/1/2021,155.54
9/2/2021,157.21
9/3/2021,158.44
9/7/2021,158.49
9/8/2021,158.54
9/9/2021,157.09
9/10/2021,157.57
9/13/2021,156.4
9/14/2021,157.84
9/15/2021,157.35
9/16/2021,155.9
9/17/2021,155.59
9/20/2021,150.02
9/21/2021,151.72
9/22/2021,153.13
9/23/2021,155.81
9/24/2021,161.76
9/27/2021,165.23
9/28/2021,168.57
9/29/2021,171.79
9/30/2021,178.29
10/1/2021,176.15
10/4/2021,176.83
10/5/2021,183.57
10/6/2021,187.16
10/7/2021,188.09
10/8/2021,186.38
10/11/2021,185.02
10/12/2021,179.27
10/13/2021,175.03
10/14/2021,180.49
10/15/2021,180.87
10/18/2021,180.38
10/19/2021,181.72
10/20/2021,186.6
10/21/2021,178.87
10/22/2021,182.44
10/25/2021,182.91
10/26/2021,183.2
10/27/2021,186.25
10/28/2021,191.66
10/29/2021,193.55
11/1/2021,201.95
11/2/2021,197.59
11/3/2021,200.24
11/4/2021,196.26
11/5/2021,195.73
11/8/2021,194.21
11/9/2021,196.94
11/10/2021,195.11
11/11/2021,194.49
11/12/2021,193.93
11/15/2021,193.19
11/16/2021,194.02
11/17/2021,197.03
11/18/2021,194.03
11/19/2021,196.21
11/22/2021,195.43
11/23/2021,194.91
11/24/2021,195.11
11/26/2021,188.37
11/29/2021,187.75
11/30/2021,179.32
12/1/2021,175.58
12/2/2021,174.76
12/3/2021,175.6
12/6/2021,180.33
12/7/2021,179.26
12/8/2021,179.84
12/9/2021,179.63
12/10/2021,179.02
12/13/2021,180
12/14/2021,178.46
12/15/2021,178.28
12/16/2021,184.83
12/17/2021,180.82
12/20/2021,177.86
12/21/2021,180.77
12/22/2021,183.4
12/23/2021,183.89
12/27/2021,189.21
12/28/2021,185.46
12/29/2021,190.41
12/30/2021,192.69
12/31/2021,189.75
1/3/2022,190.82
1/4/2022,196.14
1/5/2022,195.96
1/6/2022,193.33
1/7/2022,194
1/10/2022,194.17
1/11/2022,195.52
1/12/2022,198.25
1/13/2022,196.9
1/14/2022,201.72
1/18/2022,204.04
1/19/2022,208.88
1/20/2022,207.06
1/21/2022,203.49
1/24/2022,202.86
1/25/2022,203.77
1/26/2022,206.15
1/27/2022,204.97
1/28/2022,208.56
1/31/2022,214.98
2/1/2022,214.58
2/2/2022,212.89
2/3/2022,215.07
2/4/2022,213.58
2/7/2022,210.74
2/8/2022,212.18
2/9/2022,210.4
2/10/2022,208.45
2/11/2022,207.13
2/14/2022,203.25
2/15/2022,203.54
2/16/2022,201.37
2/17/2022,201.42
2/18/2022,204.18
2/22/2022,202.71
2/23/2022,204.42
2/24/2022,200.81
2/25/2022,199.92
2/28/2022,200.74
3/1/2022,206.86
3/2/2022,199.76
3/3/2022,201.89
3/4/2022,196.19
3/7/2022,197.07
3/8/2022,198.8
3/9/2022,197.96
3/10/2022,196.93
3/11/2022,203.96
3/14/2022,200.15
3/15/2022,199.87
3/16/2022,201.89
3/17/2022,205.36
3/18/2022,213.78
3/21/2022,219.09
3/22/2022,219.14
3/23/2022,219.13
3/24/2022,220.59
3/25/2022,229.02
3/28/2022,234.36
3/29/2022,230.55
3/30/2022,235.66
3/31/2022,228.67
4/1/2022,226.74
4/4/2022,232.46
4/5/2022,231.77
4/6/2022,228.67
4/7/2022,223.86
4/8/2022,222.23
4/11/2022,226.13
4/12/2022,231.99
4/13/2022,238.47
4/14/2022,237.13
4/18/2022,241.41
4/19/2022,233.11
4/20/2022,234.04
4/21/2022,232.37
4/22/2022,228.93
4/25/2022,228.19
4/26/2022,228.65
4/27/2022,237.07
4/28/2022,248.87
4/29/2022,245.42
5/2/2022,254.15
5/3/2022,252.92
5/4/2022,260.8
5/5/2022,250.69
5/6/2022,242.01
5/9/2022,240.87
5/10/2022,240.88
5/11/2022,242
5/12/2022,245.25
5/13/2022,244.69
5/16/2022,253.88
5/17/2022,250.19
5/18/2022,243.46
5/19/2022,248.9
5/20/2022,239.75
5/23/2022,240.56
5/24/2022,238.52
5/25/2022,244.62
5/26/2022,236.96
5/27/2022,234.95
5/31/2022,234.21
6/1/2022,229.29
6/2/2022,234.43
6/3/2022,232.86
6/6/2022,232.12
6/7/2022,225.04
6/8/2022,224.79
6/9/2022,225.08
6/10/2022,213.85
6/13/2022,206.96
6/14/2022,203.32
6/15/2022,198.72
6/16/2022,200.93
6/17/2022,199.34
6/21/2022,191.86
6/22/2022,182.12
6/23/2022,171.91
6/24/2022,165.23
6/27/2022,158.49
6/28/2022,157.53
6/29/2022,164.27
6/30/2022,166.57
7/1/2022,164.27
7/5/2022,157.53
7/6/2022,149.33
7/7/2022,154.84
7/8/2022,161.16
7/11/2022,159.82
7/12/2022,153.08
7/13/2022,147.81
7/14/2022,141.07
7/15/2022,149.49
7/18/2022,156.72
7/19/2022,155.68
7/20/2022,156.4
7/21/2022,154.36
7/22/2022,153.17
7/25/2022,153.45
7/26/2022,159.22
7/27/2022,160.21
7/28/2022,162.13
7/29/2022,163.03
8/1/2022,158.51
8/2/2022,159.77
8/3/2022,159.13
8/4/2022,159.45
8/5/2022,162
8/8/2022,161.09
8/9/2022,166.95
8/10/2022,170.1
8/11/2022,176.26
8/12/2022,183
8/15/2022,191.42
8/16/2022,196.92
8/17/2022,191.34
8/18/2022,189.92
8/19/2022,195.5
8/22/2022,192.35
8/23/2022,189.13
8/24/2022,192.23
8/25/2022,192.3
8/26/2022,198.31
8/29/2022,197.44
8/30/2022,189.28
8/31/2022,190.78
9/1/2022,182.36
9/2/2022,173.93
9/6/2022,174.5
9/7/2022,171.25
9/8/2022,174.99
9/9/2022,176.68
9/12/2022,178.14
9/13/2022,172.43
9/14/2022,173.09
9/15/2022,174.06
9/16/2022,167.32
9/19/2022,161.85
9/20/2022,157.28
9/21/2022,163.33
9/22/2022,162.69
9/23/2022,155.95
9/26/2022,148.92
9/27/2022,148.45
9/28/2022,149.12
9/29/2022,143.51
9/30/2022,143.82
10/3/2022,141.89
10/4/2022,148.63
10/5/2022,140.26
10/6/2022,139.7
10/7/2022,141.94
10/10/2022,148.69
10/11/2022,149.75
10/12/2022,143.11
10/13/2022,142.89
10/14/2022,140.12
10/17/2022,140.02
10/18/2022,138.68
10/19/2022,131.93
10/20/2022,130.43
10/21/2022,133.35
10/24/2022,128.29
10/25/2022,132.24
10/26/2022,131.14
10/27/2022,126.58
10/28/2022,121.52
10/31/2022,121.33
11/1/2022,126.39
11/2/2022,133.13
11/3/2022,139.87
11/4/2022,146.49
11/7/2022,146.88
11/8/2022,146.45
11/9/2022,143.98
11/10/2022,143.11
11/11/2022,145.48
11/14/2022,140.92
11/15/2022,146.56
11/16/2022,146.21
11/17/2022,143.71
11/18/2022,141.19
11/21/2022,134.45
11/22/2022,138.89
11/23/2022,139.7
11/25/2022,135.12
11/28/2022,133.05
11/29/2022,135.84
11/30/2022,142.59
12/1/2022,142.99
12/2/2022,140.21