Effective date ,Dow Jones Commodity Index Brent Crude
11/30/2012,1036.18
12/3/2012,1034.02
12/4/2012,1023.78
12/5/2012,1014.57
12/6/2012,998.68
12/7/2012,996.47
12/10/2012,994.98
12/11/2012,997.82
12/12/2012,1008.83
12/13/2012,992.48
12/14/2012,1008.27
12/17/2012,1003.29
12/18/2012,1014.57
12/19/2012,1028.85
12/20/2012,1027.82
12/21/2012,1016.45
12/24/2012,1014.29
12/26/2012,1034.96
12/27/2012,1032.24
12/28/2012,1029.04
12/31/2012,1032.8
1/2/2013,1045.02
1/3/2013,1042.39
1/4/2013,1034.77
1/7/2013,1037.78
1/8/2013,1042.07
1/9/2013,1039.3
1/10/2013,1040.47
1/11/2013,1027.22
1/14/2013,1035.62
1/15/2013,1023.4
1/16/2013,1023.4
1/17/2013,1036.37
1/18/2013,1042.2
1/22/2013,1046.71
1/23/2013,1049.72
1/24/2013,1054.79
1/25/2013,1054.14
1/28/2013,1056.2
1/29/2013,1064.66
1/30/2013,1070.49
1/31/2013,1076.5
2/1/2013,1088.35
2/4/2013,1078.01
2/5/2013,1086.18
2/6/2013,1088.72
2/7/2013,1091.64
2/8/2013,1104.12
2/11/2013,1096.8
2/12/2013,1100.43
2/13/2013,1099.62
2/14/2013,1100.85
2/15/2013,1097.37
2/19/2013,1095.86
2/20/2013,1078.1
2/21/2013,1059.02
2/22/2013,1064
2/25/2013,1066.82
2/26/2013,1051.22
2/27/2013,1042.95
2/28/2013,1037.78
3/1/2013,1028.29
3/4/2013,1025
3/5/2013,1040.23
3/6/2013,1034.87
3/7/2013,1035.71
3/8/2013,1033.55
3/11/2013,1027.65
3/12/2013,1022.76
3/13/2013,1013.16
3/14/2013,1018.89
3/15/2013,1026.88
3/18/2013,1024.72
3/19/2013,1005.36
3/20/2013,1017.01
3/21/2013,1006.02
3/22/2013,1007.99
3/25/2013,1013.44
3/26/2013,1025.28
3/27/2013,1028.48
3/28/2013,1031.86
4/1/2013,1041.45
4/2/2013,1038.82
4/3/2013,1005.17
4/4/2013,997.65
4/5/2013,978.68
4/8/2013,984.27
4/9/2013,996.24
4/10/2013,992.59
4/11/2013,979.98
4/12/2013,966.64
4/15/2013,944.92
4/16/2013,939.19
4/17/2013,918.23
4/18/2013,930.17
4/19/2013,934.87
4/22/2013,942.86
4/23/2013,941.92
4/24/2013,955.55
4/25/2013,970.21
4/26/2013,967.48
4/29/2013,972.56
4/30/2013,959.02
5/1/2013,935.43
5/2/2013,961.84
5/3/2013,974.72
5/6/2013,987.12
5/7/2013,977.59
5/8/2013,976.86
5/9/2013,978.31
5/10/2013,972.58
5/13/2013,962.97
5/14/2013,961.65
5/15/2013,969.83
5/16/2013,973.68
5/17/2013,981.77
5/20/2013,983.74
5/21/2013,975.38
5/22/2013,962.78
5/23/2013,961.18
5/24/2013,962.41
5/28/2013,977.35
5/29/2013,960.71
5/30/2013,958.74
5/31/2013,941.73
6/3/2013,956.86
6/4/2013,967.01
6/5/2013,965.51
6/6/2013,971.15
6/7/2013,980.13
6/10/2013,975.36
6/11/2013,965.9
6/12/2013,971.05
6/13/2013,983.27
6/14/2013,992.11
6/17/2013,988.16
6/18/2013,993.8
6/19/2013,994.55
6/20/2013,956.86
6/21/2013,944.92
6/24/2013,947.27
6/25/2013,948.4
6/26/2013,952.16
6/27/2013,962.69
6/28/2013,956.02
7/1/2013,963.25
7/2/2013,972.56
7/3/2013,989
7/5/2013,1005.45
7/8/2013,1001.24
7/9/2013,1003.97
7/10/2013,1007.99
7/11/2013,1001.35
7/12/2013,1008.18
7/15/2013,1008.55
7/16/2013,1009.02
7/17/2013,1013.82
7/18/2013,1014.38
7/19/2013,1007.61
7/22/2013,1007.61
7/23/2013,1010.53
7/24/2013,999.81
7/25/2013,1003.85
7/26/2013,998.97
7/29/2013,1001.6
7/30/2013,997.37
7/31/2013,1004.79
8/1/2013,1021.24
8/2/2013,1015.98
8/5/2013,1012.88
8/6/2013,1006.58
8/7/2013,996.64
8/8/2013,987.59
8/9/2013,1000.13
8/12/2013,1007.48
8/13/2013,1012.59
8/14/2013,1014.94
8/15/2013,1022.18
8/16/2013,1028.01
8/19/2013,1023.78
8/20/2013,1025.38
8/21/2013,1022.18
8/22/2013,1023.21
8/23/2013,1032.14
8/26/2013,1029.04
8/27/2013,1061.56
8/28/2013,1081.11
8/29/2013,1067.76
8/30/2013,1055.64
9/3/2013,1069.36
9/4/2013,1064.19
9/5/2013,1067.39
9/6/2013,1075.38
9/9/2013,1053.4
9/10/2013,1029.77
9/11/2013,1029.64
9/12/2013,1039.49
9/13/2013,1037.22
9/16/2013,1024.34
9/17/2013,1008.18
9/18/2013,1030.64
9/19/2013,1014.94
9/20/2013,1018.14
9/23/2013,1009.12
9/24/2013,1012.88
9/25/2013,1009.49
9/26/2013,1017.67
9/27/2013,1012.22
9/30/2013,1009.68
10/1/2013,1006.67
10/2/2013,1017.86
10/3/2013,1015.7
10/4/2013,1020.11
10/7/2013,1021.65
10/8/2013,1025.66
10/9/2013,1013.85
10/10/2013,1036.86
10/11/2013,1030.92
10/14/2013,1029.14
10/15/2013,1022.37
10/16/2013,1033.65
10/17/2013,1019.92
10/18/2013,1028.38
10/21/2013,1025.38
10/22/2013,1028.29
10/23/2013,1008.93
10/24/2013,1001.6
10/25/2013,1001.79
10/28/2013,1024.81
10/29/2013,1020.02
10/30/2013,1028.95
10/31/2013,1020.96
11/1/2013,995.21
11/4/2013,997.18
11/5/2013,989.47
11/6/2013,990.13
11/7/2013,973.53
11/8/2013,986.22
11/11/2013,996.13
11/12/2013,989.21
11/13/2013,1001.41
11/14/2013,1013.72
11/15/2013,1015.6
11/18/2013,1015.23
11/19/2013,1001.03
11/20/2013,1010.71
11/21/2013,1029.04
11/22/2013,1038.44
11/25/2013,1037.78
11/26/2013,1036.94
11/27/2013,1041.54
11/29/2013,1027.54
12/2/2013,1043.7
12/3/2013,1053.85
12/4/2013,1047.27
12/5/2013,1039.19
12/6/2013,1044.79
12/9/2013,1025.11
12/10/2013,1024.7
12/11/2013,1027.88
12/12/2013,1016.73
12/13/2013,1015.7
12/16/2013,1025.28
12/17/2013,1017.11
12/18/2013,1027.54
12/19/2013,1033.36
12/20/2013,1046.33
12/23/2013,1045.3
12/24/2013,1048.5
12/26/2013,1049.34
12/27/2013,1051.13
12/30/2013,1042.86
12/31/2013,1038.82
1/2/2014,1011.28
1/3/2014,1001.32
1/6/2014,1000.19
1/7/2014,1005.55
1/8/2014,1002.35
1/9/2014,994.89
1/10/2014,1000.11
1/13/2014,993.03
1/14/2014,989.19
1/15/2014,995.77
1/16/2014,989.76
1/17/2014,995.68
1/21/2014,996.71
1/22/2014,1010.43
1/23/2014,1004.89
1/24/2014,1007.42
1/27/2014,996.52
1/28/2014,1004.32
1/29/2014,1007.89
1/30/2014,1008.46
1/31/2014,994.45
2/3/2014,990.51
2/4/2014,988.44
2/5/2014,993.05
2/6/2014,1001.88
2/7/2014,1022.2
2/10/2014,1013.16
2/11/2014,1014.87
2/12/2014,1015.92
2/13/2014,1016.82
2/14/2014,1022.18
2/18/2014,1034.87
2/19/2014,1035.06
2/20/2014,1033.65
2/21/2014,1028.95
2/24/2014,1035.71
2/25/2014,1024.72
2/26/2014,1024.81
2/27/2014,1020.11
2/28/2014,1020.96
3/3/2014,1041.07
3/4/2014,1023.12
3/5/2014,1008.36
3/6/2014,1011
3/7/2014,1018.78
3/10/2014,1009.19
3/11/2014,1011.82
3/12/2014,1006.52
3/13/2014,1002.63
3/14/2014,1014.38
3/17/2014,996.15
3/18/2014,1001.32
3/19/2014,993.14
3/20/2014,998.5
3/21/2014,1002.44
3/24/2014,1001.97
3/25/2014,1003.85
3/26/2014,1004.89
3/27/2014,1012.41
3/28/2014,1014.66
3/31/2014,1011.75
4/1/2014,992.11
4/2/2014,984.68
4/3/2014,997.09
4/4/2014,1002.16
4/7/2014,994.29
4/8/2014,1010.79
4/9/2014,1013.72
4/10/2014,1009.62
4/11/2014,1008.08
4/14/2014,1022.46
4/15/2014,1024.72
4/16/2014,1026.79
4/17/2014,1025.94
4/21/2014,1029.98
4/22/2014,1024.25
4/23/2014,1022.93
4/24/2014,1033.36
4/25/2014,1025.66
4/28/2014,1011.65
4/29/2014,1019.17
4/30/2014,1010.62
5/1/2014,1007.61
5/2/2014,1014.76
5/5/2014,1006.77
5/6/2014,1000.85
5/7/2014,1010.41
5/8/2014,1008.18
5/9/2014,1004.89
5/12/2014,1008.7
5/13/2014,1013.91
5/14/2014,1020.39
5/15/2014,1018.61
5/16/2014,1023.87
5/19/2014,1020.58
5/20/2014,1023.59
5/21/2014,1031.39
5/22/2014,1029.7
5/23/2014,1031.95
5/27/2014,1027.44
5/28/2014,1025.47
5/29/2014,1026.22
5/30/2014,1021.43
6/2/2014,1016.54
6/3/2014,1016.26
6/4/2014,1012.41
6/5/2014,1016.07
6/6/2014,1012.41
6/9/2014,1023.06
6/10/2014,1019.29
6/11/2014,1022.8
6/12/2014,1049.25
6/13/2014,1049.62
6/16/2014,1054.98
6/17/2014,1060.34
6/18/2014,1067.58
6/19/2014,1075
6/20/2014,1073.68
6/23/2014,1068.8
6/24/2014,1071.71
6/25/2014,1066.82
6/26/2014,1059.49
6/27/2014,1060.62
6/30/2014,1053.29
7/1/2014,1053.57
7/2/2014,1045.11
7/3/2014,1042.11
7/7/2014,1035.53
7/8/2014,1024.79
7/9/2014,1019.23
7/10/2014,1024.81
7/11/2014,1010.56
7/14/2014,1016.82
7/15/2014,1008.36
7/16/2014,1009.87
7/17/2014,1015.04
7/18/2014,1010.15
7/21/2014,1015.79
7/22/2014,1011.47
7/23/2014,1017.48
7/24/2014,1009.96
7/25/2014,1021.62
7/28/2014,1013.82
7/29/2014,1015.51
7/30/2014,1005.55
7/31/2014,1001.22
8/1/2014,991.64
8/4/2014,996.05
8/5/2014,989.19
8/6/2014,989.38
8/7/2014,997.84
8/8/2014,994.21
8/11/2014,993.55
8/12/2014,981.45
8/13/2014,993.05
8/14/2014,965.41
8/15/2014,978.76
8/18/2014,961.47
8/19/2014,961.47
8/20/2014,967.58
8/21/2014,971.43
8/22/2014,968.42
8/25/2014,971.43
8/26/2014,970.49
8/27/2014,972.56
8/28/2014,969.17
8/29/2014,975.28
9/2/2014,948.87
9/3/2014,971.24
9/4/2014,961.47
9/5/2014,953.01
9/8/2014,949.15
9/9/2014,941.79
9/10/2014,932.5
9/11/2014,934.47
9/12/2014,927.91
9/15/2014,926.88
9/16/2014,937.31
9/17/2014,935.71
9/18/2014,924.44
9/19/2014,930.73
9/22/2014,918.23
9/23/2014,917.11
9/24/2014,917.48
9/25/2014,917.58
9/26/2014,917.58
9/29/2014,919.27
9/30/2014,895.86
10/1/2014,890.88
10/2/2014,883.46
10/3/2014,872.93
10/6/2014,877.16
10/7/2014,870.98
10/8/2014,864.49
10/9/2014,851.77
10/10/2014,855
10/13/2014,846.15
10/14/2014,807.52
10/15/2014,795.11
10/16/2014,811
10/17/2014,814.1
10/20/2014,806.86
10/21/2014,813.72
10/22/2014,799.62
10/23/2014,819.64
10/24/2014,812.97
10/27/2014,810.43
10/28/2014,812.88
10/29/2014,823.21
10/30/2014,814.85
10/31/2014,811.47
11/3/2014,801.69
11/4/2014,783.65
11/5/2014,784.96
11/6/2014,784.4
11/7/2014,790.3
11/10/2014,781.94
11/11/2014,778.06
11/12/2014,767.52
11/13/2014,734.3
11/14/2014,752.35
11/17/2014,751.32
11/18/2014,743.14
11/19/2014,738.44
11/20/2014,749.44
11/21/2014,759.87
11/24/2014,753.29
11/25/2014,740.23
11/26/2014,734.77
11/28/2014,663.35
12/1/2014,685.53
12/2/2014,666.64
12/3/2014,661.75
12/4/2014,658.65
12/5/2014,654.4
12/8/2014,628.95
12/9/2014,635.49
12/10/2014,611.73
12/11/2014,607.71
12/12/2014,590.7
12/15/2014,580.92
12/16/2014,569.64
12/17/2014,580.17
12/18/2014,562.78
12/19/2014,583.18
12/22/2014,572.18
12/23/2014,586.84
12/24/2014,573.4
12/26/2014,565.98
12/29/2014,551.32
12/30/2014,551.97
12/31/2014,547.09
1/2/2015,538.16
1/5/2015,509.12
1/6/2015,489.94
1/7/2015,490.32
1/8/2015,491.17
1/9/2015,486.84
1/12/2015,465.38
1/13/2015,459.59
1/14/2015,480.36
1/15/2015,465.79
1/16/2015,483.74
1/20/2015,462.03
1/21/2015,471.43
1/22/2015,467.01
1/23/2015,469.36
1/26/2015,464.1
1/27/2015,476.88
1/28/2015,466.07
1/29/2015,471.33
1/30/2015,507.05
2/2/2015,523.87
2/3/2015,554.51
2/4/2015,518.42
2/5/2015,540.51
2/6/2015,553.36
2/9/2015,561.86
2/10/2015,546.8
2/11/2015,534.44
2/12/2015,566.64
2/13/2015,585.81
2/17/2015,593.89
2/18/2015,575.85
2/19/2015,572.37
2/20/2015,571.15
2/23/2015,560.62
2/24/2015,558.65
2/25/2015,586
2/26/2015,570.58
2/27/2015,593.52
3/2/2015,565.7
3/3/2015,580.64
3/4/2015,575.28
3/5/2015,572.93
3/6/2015,567.11
3/9/2015,558.53
3/10/2015,539.74
3/11/2015,550.68
3/12/2015,546.43
3/13/2015,525.19
3/16/2015,516.64
3/17/2015,512.78
3/18/2015,535.62
3/19/2015,521.71
3/20/2015,530.36
3/23/2015,535.53
3/24/2015,528.29
3/25/2015,539.85
3/26/2015,564
3/27/2015,538.35
3/30/2015,538.35
3/31/2015,528.29
4/1/2015,546.9
4/2/2015,527.16
4/6/2015,557.24
4/7/2015,565.41
4/8/2015,534.34
4/9/2015,545.28
4/10/2015,558.61
4/13/2015,560.98
4/14/2015,570.02
4/15/2015,602.73
4/16/2015,608.65
4/17/2015,603.76
4/20/2015,603.67
4/21/2015,590.88
4/22/2015,596.62
4/23/2015,615.7
4/24/2015,620.02
4/27/2015,616.45
4/28/2015,614.19
4/29/2015,625.38
4/30/2015,633.93
5/1/2015,631.86
5/4/2015,631.86
5/5/2015,641.64
5/6/2015,643.52
5/7/2015,623.46
5/8/2015,623.91
5/11/2015,619.94
5/12/2015,636.8
5/13/2015,636.84
5/14/2015,632.05
5/15/2015,632.42
5/18/2015,627.35
5/19/2015,606.67
5/20/2015,615.79
5/21/2015,630.26
5/22/2015,619.64
5/26/2015,604.42
5/27/2015,588.91
5/28/2015,593.61
5/29/2015,621.62
6/1/2015,615.7
6/2/2015,622.18
6/3/2015,606.58
6/4/2015,589.19
6/5/2015,602.63
6/8/2015,596.37
6/9/2015,618.44
6/10/2015,628.52
6/11/2015,624.15
6/12/2015,613.44
6/15/2015,607.71
6/16/2015,606.11
6/17/2015,607.8
6/18/2015,610.81
6/19/2015,599.34
6/22/2015,602.44
6/23/2015,612.12
6/24/2015,603.01
6/25/2015,599.25
6/26/2015,600
6/29/2015,588.35
6/30/2015,602.82
7/1/2015,587.12
7/2/2015,588.06
7/6/2015,536
7/7/2015,539.1
7/8/2015,540.23
7/9/2015,554.77
7/10/2015,556.88
7/13/2015,549.98
7/14/2015,555.45
7/15/2015,540.04
7/16/2015,538.63
7/17/2015,540.13
7/20/2015,535.71
7/21/2015,539.94
7/22/2015,530.92
7/23/2015,523.03
7/24/2015,517.11
7/27/2015,506.86
7/28/2015,506.2
7/29/2015,507.89
7/30/2015,507.33
7/31/2015,496.71
8/3/2015,471.71
8/4/2015,475.85
8/5/2015,471.33
8/6/2015,470.77
8/7/2015,464.27
8/10/2015,482.44
8/11/2015,471.65
8/12/2015,477.41
8/13/2015,473.97
8/14/2015,470.39
8/17/2015,465.98
8/18/2015,465.98
8/19/2015,450.47
8/20/2015,445.02
8/21/2015,434.21
8/24/2015,408.74
8/25/2015,414.1
8/26/2015,412.88
8/27/2015,454.51
8/28/2015,478.01
8/31/2015,516.82
9/1/2015,473.31
9/2/2015,482.05
9/3/2015,484.3
9/4/2015,474.62
9/8/2015,475.32
9/9/2015,459.29
9/10/2015,473.48
9/11/2015,467.29
9/14/2015,453.48
9/15/2015,456.58
9/16/2015,474.81
9/17/2015,468.61
9/18/2015,453.29
9/21/2015,467.01
9/22/2015,468.7
9/23/2015,455.64
9/24/2015,459.21
9/25/2015,463.06
9/28/2015,451.22
9/29/2015,459.21
9/30/2015,461
10/1/2015,454.7
10/2/2015,458.55
10/5/2015,468.7
10/6/2015,492.95
10/7/2015,487.67
10/8/2015,503.83
10/9/2015,500.77
10/12/2015,477.39
10/13/2015,473.68
10/14/2015,473.78
10/15/2015,473.59
10/16/2015,480.36
10/19/2015,463.44
10/20/2015,464.29
10/21/2015,456.39
10/22/2015,458.93
10/23/2015,457.42
10/26/2015,453.48
10/27/2015,446.9
10/28/2015,468.33
10/29/2015,466.07
10/30/2015,472.84
11/2/2015,466.26
11/3/2015,482.52
11/4/2015,463.91
11/5/2015,458.36
11/6/2015,454.21
11/9/2015,453.38
11/10/2015,456.52
11/11/2015,444.23
11/12/2015,432.71
11/13/2015,425.75
11/16/2015,427.16
11/17/2015,417.67
11/18/2015,422.74
11/19/2015,422.93
11/20/2015,426.97
11/23/2015,428.1
11/24/2015,440.51
11/25/2015,440.79
11/27/2015,427.73
11/30/2015,425.19
12/1/2015,423.78
12/2/2015,405.64
12/3/2015,417.58
12/4/2015,408.83
12/7/2015,388.25
12/8/2015,383.82
12/9/2015,382.74
12/10/2015,382.27
12/11/2015,366.73
12/14/2015,364.76
12/15/2015,369.64
12/16/2015,357.05
12/17/2015,353.57
12/18/2015,351.22
12/21/2015,345.96
12/22/2015,343.7
12/23/2015,356.11
12/24/2015,361.09
12/28/2015,348.97
12/29/2015,359.21
12/30/2015,346.52
12/31/2015,354.04
1/4/2016,353.38
1/5/2016,346.71
1/6/2016,325.47
1/7/2016,320.39
1/8/2016,320.66
1/11/2016,303.12
1/12/2016,295.79
1/13/2016,291.05
1/14/2016,298.12
1/15/2016,279.04
1/19/2016,276.97
1/20/2016,268.98
1/21/2016,279.98
1/22/2016,308.65
1/25/2016,294.27
1/26/2016,306.11
1/27/2016,318.89
1/28/2016,327.07
1/29/2016,338.25
2/1/2016,321.8
2/2/2016,307.52
2/3/2016,329.32
2/4/2016,323.87
2/5/2016,321.43
2/8/2016,311.73
2/9/2016,288.68
2/10/2016,294.81
2/11/2016,289.29
2/12/2016,319.45
2/16/2016,308.65
2/17/2016,330.17
2/18/2016,327.82
2/19/2016,315.98
2/22/2016,331.67
2/23/2016,319.27
2/24/2016,329.61
2/25/2016,335.53
2/26/2016,333.08
2/29/2016,343.7
3/1/2016,345.96
3/2/2016,347.09
3/3/2016,348.4
3/4/2016,363.91
3/7/2016,385.04
3/8/2016,374.87
3/9/2016,389.27
3/10/2016,381.15
3/11/2016,386.18
3/14/2016,377.44
3/15/2016,370.21
3/16/2016,385.15
3/17/2016,396.43
3/18/2016,393.42
3/21/2016,396.9
3/22/2016,399.53
3/23/2016,386.18
3/24/2016,385.62
3/28/2016,384.12
3/29/2016,374.53
3/30/2016,376.41
3/31/2016,379.04
4/1/2016,363.44
4/4/2016,354.23
4/5/2016,355.92
4/6/2016,374.44
4/7/2016,370.7
4/8/2016,394.47
4/11/2016,403.21
4/12/2016,420.32
4/13/2016,415.51
4/14/2016,411.65
4/15/2016,404.7
4/18/2016,401.97
4/19/2016,412.12
4/20/2016,428.85
4/21/2016,417.2
4/22/2016,423.59
4/25/2016,416.54
4/26/2016,428.38
4/27/2016,441.07
4/28/2016,448.97
4/29/2016,445.21
5/2/2016,430.73
5/3/2016,422.65
5/4/2016,419.36
5/5/2016,423.03
5/6/2016,427.33
5/9/2016,412.16
5/10/2016,430.58
5/11/2016,450.6
5/12/2016,455.08
5/13/2016,452.44
5/16/2016,464.57
5/17/2016,467.48
5/18/2016,464.76
5/19/2016,463.72
5/20/2016,463.06
5/23/2016,459.87
5/24/2016,462.22
5/25/2016,472.09
5/26/2016,471.52
5/27/2016,469.45
5/31/2016,468.89
6/1/2016,467.29
6/2/2016,470.3
6/3/2016,466.54
6/6/2016,475.09
6/7/2016,484.3
6/8/2016,495.28
6/9/2016,490.9
6/10/2016,478.53
6/13/2016,477.63
6/14/2016,473.03
6/15/2016,465.51
6/16/2016,448.87
6/17/2016,467.58
6/20/2016,482.05
6/21/2016,481.77
6/22/2016,475.56
6/23/2016,485.06
6/24/2016,460.9
6/27/2016,448.97
6/28/2016,462.97
6/29/2016,482.33
6/30/2016,467.2
7/1/2016,473.21
7/5/2016,450.75
7/6/2016,458.65
7/7/2016,436.09
7/8/2016,440.64
7/11/2016,437.12
7/12/2016,458.82
7/13/2016,438.91
7/14/2016,450.47
7/15/2016,452.26
7/18/2016,445.96
7/19/2016,443.42
7/20/2016,447.84
7/21/2016,438.16
7/22/2016,433.18
7/25/2016,424.15
7/26/2016,425.09
7/27/2016,412.69
7/28/2016,406.3
7/29/2016,409.12
8/1/2016,396.05
8/2/2016,392.86
8/3/2016,405.08
8/4/2016,416.26
8/5/2016,416.71
8/8/2016,427.88
8/9/2016,424.83
8/10/2016,416.86
8/11/2016,435.71
8/12/2016,444.17
8/15/2016,456.86
8/16/2016,465.04
8/17/2016,470.68
8/18/2016,480.73
8/19/2016,481.11
8/22/2016,465.79
8/23/2016,472.93
8/24/2016,463.82
8/25/2016,469.17
8/26/2016,471.33
8/29/2016,464.76
8/30/2016,457.99
8/31/2016,440.7
9/1/2016,427.16
9/2/2016,440.13
9/6/2016,444.17
9/7/2016,450.94
9/8/2016,470.66
9/9/2016,452.95
9/12/2016,456.9
9/13/2016,446.28
9/14/2016,435.24
9/15/2016,442.29
9/16/2016,434.59
9/19/2016,436.28
9/20/2016,435.71
9/21/2016,444.45
9/22/2016,453.1
9/23/2016,436.84
9/26/2016,450.47
9/27/2016,437.22
9/28/2016,462.78
9/29/2016,468.14
9/30/2016,471.71
10/3/2016,478.29
10/4/2016,478.1
10/5/2016,487.41
10/6/2016,493.52
10/7/2016,489.21
10/10/2016,501.77
10/11/2016,496.07
10/12/2016,491.9
10/13/2016,495.3
10/14/2016,494.74
10/17/2016,490.98
10/18/2016,492.95
10/19/2016,502.07
10/20/2016,491.07
10/21/2016,495.21
10/24/2016,492.76
10/25/2016,486.75
10/26/2016,479.7
10/27/2016,484.96
10/28/2016,476.32
10/31/2016,456.86
11/1/2016,452.44
11/2/2016,440.41
11/3/2016,435.62
11/4/2016,428.38
11/7/2016,435.71
11/8/2016,436.99
11/9/2016,441.69
11/10/2016,438.95
11/11/2016,430.64
11/14/2016,427.44
11/15/2016,450.66
11/16/2016,447.56
11/17/2016,447.37
11/18/2016,450.85
11/21/2016,469.64
11/22/2016,470.96
11/23/2016,469.92
11/25/2016,453.38
11/28/2016,462.5
11/29/2016,444.74
11/30/2016,487.22
12/1/2016,506.95
12/2/2016,511.84
12/5/2016,516.35
12/6/2016,506.86
12/7/2016,499.59
12/8/2016,509.15
12/9/2016,514.74
12/12/2016,528.52
12/13/2016,529.98
12/14/2016,513.63
12/15/2016,514.19
12/16/2016,524.62
12/19/2016,521.99
12/20/2016,526.5
12/21/2016,518.98
12/22/2016,524.34
12/23/2016,525.38
12/27/2016,534.12
12/28/2016,535.34
12/29/2016,534.3
12/30/2016,534.02
1/3/2017,521.33
1/4/2017,530.64
1/5/2017,534.68
1/6/2017,536.65
1/9/2017,517.52
1/10/2017,506.47
1/11/2017,520.68
1/12/2017,530.02
1/13/2017,525.47
1/17/2017,525.75
1/18/2017,511.37
1/19/2017,514
1/20/2017,526.13
1/23/2017,522.84
1/24/2017,524.91
1/25/2017,520.86
1/26/2017,530.92
1/27/2017,523.5
1/30/2017,519.92
1/31/2017,522.37
2/1/2017,533.83
2/2/2017,531.58
2/3/2017,533.93
2/6/2017,523.68
2/7/2017,517.91
2/8/2017,519.36
2/9/2017,524.92
2/10/2017,535.6
2/13/2017,525.94
2/14/2017,529.04
2/15/2017,527.26
2/16/2017,526.32
2/17/2017,527.35
2/21/2017,533.46
2/22/2017,526.69
2/23/2017,534.02
2/24/2017,529.23
2/27/2017,530.26
2/28/2017,531.11
3/1/2017,529.7
3/2/2017,517.67
3/3/2017,525.38
3/6/2017,526.41
3/7/2017,525.96
3/8/2017,500.13
3/9/2017,492.03
3/10/2017,484.76
3/13/2017,484.87
3/14/2017,480.36
3/15/2017,488.44
3/16/2017,487.78
3/17/2017,488.25
3/20/2017,486.75
3/21/2017,481.11
3/22/2017,478.1
3/23/2017,476.13
3/24/2017,478.57
3/27/2017,478.38
3/28/2017,483.27
3/29/2017,493.8
3/30/2017,499.34
3/31/2017,503.1
4/3/2017,499.25
4/4/2017,509.12
4/5/2017,510.9
4/6/2017,515.88
4/7/2017,519.72
4/10/2017,527.41
4/11/2017,530.56
4/12/2017,528.31
4/13/2017,529.79
4/17/2017,525.19
4/18/2017,521.05
4/19/2017,502.16
4/20/2017,502.44
4/21/2017,492.86
4/24/2017,489.94
4/25/2017,494.08
4/26/2017,492.58
4/27/2017,487.03
4/28/2017,489.19
5/1/2017,484.21
5/2/2017,474.25
5/3/2017,477.35
5/4/2017,454.7
5/5/2017,462.18
5/8/2017,465.26
5/9/2017,460.13
5/10/2017,474.4
5/11/2017,479.79
5/12/2017,479.79
5/15/2017,488.82
5/16/2017,487.88
5/17/2017,492.86
5/18/2017,495.02
5/19/2017,505.26
5/22/2017,508.55
5/23/2017,511.37
5/24/2017,509.77
5/25/2017,486.56
5/26/2017,493.52
5/30/2017,490.98
5/31/2017,477.07
6/1/2017,475.85
6/2/2017,469.45
6/5/2017,464.94
6/6/2017,471.05
6/7/2017,452.39
6/8/2017,451.32
6/9/2017,454.68
6/12/2017,456.48
6/13/2017,461
6/14/2017,444.45
6/15/2017,443.52
6/16/2017,447.65
6/19/2017,442.95
6/20/2017,434.68
6/21/2017,423.4
6/22/2017,426.79
6/23/2017,429.98
6/26/2017,432.71
6/27/2017,440.98
6/28/2017,446.8
6/29/2017,447.65
6/30/2017,458.36
7/3/2017,466.92
7/5/2017,449.15
7/6/2017,452.16
7/7/2017,439
7/10/2017,441.15
7/11/2017,447.71
7/12/2017,450.32
7/13/2017,457.03
7/14/2017,462.12
7/17/2017,457.52
7/18/2017,461.28
7/19/2017,469.27
7/20/2017,465.41
7/21/2017,454.04
7/24/2017,458.83
7/25/2017,473.31
7/26/2017,480.26
7/27/2017,484.21
7/28/2017,490.79
7/31/2017,495.49
8/1/2017,486.65
8/2/2017,492.11
8/3/2017,488.82
8/4/2017,492.67
8/7/2017,492.29
8/8/2017,490.23
8/9/2017,495.02
8/10/2017,486.88
8/11/2017,488.16
8/14/2017,475.85
8/15/2017,475.85
8/16/2017,470.86
8/17/2017,476.97
8/18/2017,492.58
8/21/2017,481.95
8/22/2017,484.77
8/23/2017,490.98
8/24/2017,485.53
8/25/2017,488.53
8/28/2017,483.27
8/29/2017,485.53
8/30/2017,476.79
8/31/2017,496.8
9/1/2017,495.77
9/5/2017,501.69
9/6/2017,509.4
9/7/2017,512.12
9/8/2017,505.08
9/11/2017,505.45
9/12/2017,508.7
9/13/2017,516.39
9/14/2017,518.98
9/15/2017,520.86
9/18/2017,519.27
9/19/2017,515.98
9/20/2017,525.66
9/21/2017,527.16
9/22/2017,530.26
9/25/2017,549.15
9/26/2017,544.36
9/27/2017,541.07
9/28/2017,537.22
9/29/2017,533.74
10/2/2017,527.44
10/3/2017,526.32
10/4/2017,524.44
10/5/2017,535.71
10/6/2017,522.26
10/9/2017,523.4
10/10/2017,530.64
10/11/2017,533.57
10/12/2017,526.97
10/13/2017,535.24
10/16/2017,540.98
10/17/2017,540.79
10/18/2017,543.23
10/19/2017,535.53
10/20/2017,541.17
10/23/2017,538.25
10/24/2017,546.71
10/25/2017,547.27
10/26/2017,554.89
10/27/2017,565.13
10/30/2017,569.45
10/31/2017,572.74
11/1/2017,568.52
11/2/2017,569.74
11/3/2017,583.36
11/6/2017,604.04
11/7/2017,598.18
11/8/2017,595.92
11/9/2017,599.77
11/10/2017,596.17
11/13/2017,593.05
11/14/2017,583.27
11/15/2017,580.45
11/16/2017,576.03
11/17/2017,587.88
11/20/2017,583.27
11/21/2017,585.71
11/22/2017,592.01
11/24/2017,596.52
11/27/2017,595.68
11/28/2017,594.36
11/29/2017,587.69
11/30/2017,588.63
12/1/2017,598.97
12/4/2017,586.94
12/5/2017,590.79
12/6/2017,575.38
12/7/2017,584.12
12/8/2017,594.47
12/11/2017,604.1
12/12/2017,590.71
12/13/2017,580.92
12/14/2017,588.91
12/15/2017,588.82
12/18/2017,591.26
12/19/2017,595.86
12/20/2017,602.54
12/21/2017,605.55
12/22/2017,608.36
12/26/2017,624.62
12/27/2017,620.21
12/28/2017,621.8
12/29/2017,628.48
1/2/2018,625.66
1/3/2018,637.59
1/4/2018,639.76
1/5/2018,635.53
1/8/2018,636.15
1/9/2018,645
1/10/2018,647.73
1/11/2018,647.26
1/12/2018,652.07
1/16/2018,646.43
1/17/2018,648.5
1/18/2018,647.74
1/19/2018,641.35
1/22/2018,645.02
1/23/2018,653.57
1/24/2018,658.08
1/25/2018,657.61
1/26/2018,659.3
1/29/2018,650.38
1/30/2018,643.98
1/31/2018,647.46
2/1/2018,654.61
2/2/2018,644.55
2/5/2018,635.53
2/6/2018,628.38
2/7/2018,615.02
2/8/2018,607.91
2/9/2018,588.38
2/12/2018,586.3
2/13/2018,586.84
2/14/2018,601.69
2/15/2018,601.5
2/16/2018,606.48
2/20/2018,611.37
2/21/2018,612.31
2/22/2018,621.33
2/23/2018,630.08
2/26/2018,632.42
2/27/2018,625.19
2/28/2018,608.36
3/1/2018,599.91
3/2/2018,604.98
3/5/2018,615.98
3/6/2018,618.33
3/7/2018,604.34
3/8/2018,597.2
3/9/2018,614.27
3/12/2018,609.23
3/13/2018,606.39
3/14/2018,608.65
3/15/2018,610.43
3/16/2018,620.77
3/19/2018,618.61
3/20/2018,630.92
3/21/2018,649.15
3/22/2018,642.67
3/23/2018,656.11
3/26/2018,653.38
3/27/2018,652.82
3/28/2018,646.24
3/29/2018,651.69
4/2/2018,635.71
4/3/2018,640.23
4/4/2018,639.29
4/5/2018,642.2
4/6/2018,629.92
4/9/2018,643.44
4/10/2018,664.17
4/11/2018,672.74
4/12/2018,671.05
4/13/2018,676.03
4/16/2018,665.51
4/17/2018,667.01
4/18/2018,684.59
4/19/2018,687.12
4/20/2018,689.38
4/23/2018,695.58
4/24/2018,686.75
4/25/2018,688.25
4/26/2018,694.36
4/27/2018,693.52
4/30/2018,701.97
5/1/2018,687.31
5/2/2018,689.47
5/3/2018,691.92
5/4/2018,703.67
5/7/2018,715.24
5/8/2018,702.42
5/9/2018,724.08
5/10/2018,726.37
5/11/2018,723.12
5/14/2018,732.99
5/15/2018,735.62
5/16/2018,744.08
5/17/2018,744.83
5/18/2018,737.69
5/21/2018,744.92
5/22/2018,748.03
5/23/2018,750.38
5/24/2018,740.88
5/25/2018,718.7
5/29/2018,709.49
5/30/2018,730.45
5/31/2018,728.95
6/1/2018,721.71
6/4/2018,707.61
6/5/2018,708.46
6/6/2018,708.27
6/7/2018,726.05
6/8/2018,717.59
6/11/2018,717.09
6/12/2018,711.43
6/13/2018,718.8
6/14/2018,710.71
6/15/2018,686.84
6/18/2018,704.32
6/19/2018,701.5
6/20/2018,698.59
6/21/2018,684.21
6/22/2018,707.89
6/25/2018,700.66
6/26/2018,715.6
6/27/2018,728.01
6/28/2018,729.42
6/29/2018,744.64
7/2/2018,726.5
7/3/2018,730.83
7/5/2018,727.35
7/6/2018,724.72
7/9/2018,733.33
7/10/2018,740.26
7/11/2018,689.45
7/12/2018,699.64
7/13/2018,707.33
7/16/2018,675
7/17/2018,678.95
7/18/2018,686
7/19/2018,682.99
7/20/2018,687.41
7/23/2018,689.66
7/24/2018,693.61
7/25/2018,699.34
7/26/2018,706.02
7/27/2018,702.63
7/30/2018,710.06
7/31/2018,697.46
8/1/2018,680.36
8/2/2018,690.32
8/3/2018,688.06
8/6/2018,693.14
8/7/2018,702.24
8/8/2018,680.68
8/9/2018,679.15
8/10/2018,686.56
8/13/2018,685.34
8/14/2018,684.02
8/15/2018,668.23
8/16/2018,674.34
8/17/2018,677.35
8/20/2018,682.05
8/21/2018,685.24
8/22/2018,705.55
8/23/2018,705.73
8/24/2018,715.51
8/27/2018,718.98
8/28/2018,717.01
8/29/2018,728.01
8/30/2018,733.27
8/31/2018,729.7
9/4/2018,734.68
9/5/2018,726.22
9/6/2018,718.98
9/7/2018,722.09
9/10/2018,726.32
9/11/2018,741.17
9/12/2018,746.9
9/13/2018,731.54
9/14/2018,729.42
9/17/2018,729.23
9/18/2018,738.06
9/19/2018,741.73
9/20/2018,735.15
9/21/2018,735.34
9/24/2018,756.86
9/25/2018,763.72
9/26/2018,759.3
9/27/2018,764.85
9/28/2018,777.54
10/1/2018,798.68
10/2/2018,796.99
10/3/2018,811
10/4/2018,794.92
10/5/2018,790.28
10/8/2018,787.24
10/9/2018,796.28
10/10/2018,777.61
10/11/2018,750.66
10/12/2018,752.54
10/15/2018,755.92
10/16/2018,761.65
10/17/2018,748.4
10/18/2018,740.13
10/19/2018,744.92
10/22/2018,746.62
10/23/2018,715.7
10/24/2018,715.88
10/25/2018,722.56
10/26/2018,729.89
10/29/2018,727.16
10/30/2018,713.82
10/31/2018,705.26
11/1/2018,685.06
11/2/2018,684.49
11/5/2018,687.69
11/6/2018,677.91
11/7/2018,677.46
11/8/2018,664.94
11/9/2018,660.77
11/12/2018,661.05
11/13/2018,618.52
11/14/2018,624.72
11/15/2018,628.67
11/16/2018,629.98
11/19/2018,630.45
11/20/2018,590.6
11/21/2018,599.91
11/23/2018,554.89
11/26/2018,569.17
11/27/2018,567.67
11/28/2018,555.36
11/29/2018,563.06
11/30/2018,558.83
12/3/2018,579.79
12/4/2018,583.46
12/5/2018,578.57
12/6/2018,564.47
12/7/2018,579.94
12/10/2018,564.12
12/11/2018,566.64
12/12/2018,566.22
12/13/2018,578.76
12/14/2018,567.67
12/17/2018,560.71
12/18/2018,528.48
12/19/2018,539.94
12/20/2018,513.63
12/21/2018,508.46
12/24/2018,477.16
12/26/2018,514.66
12/27/2018,495.58
12/28/2018,500.09
12/31/2018,505.64
1/2/2019,516.07
1/3/2019,525.85
1/4/2019,536.28
1/7/2019,538.82
1/8/2019,552.2
1/9/2019,578.05
1/10/2019,580.43
1/11/2019,569.55
1/14/2019,556.2
1/15/2019,571.24
1/16/2019,576.5
1/17/2019,574.81
1/18/2019,588.25
1/22/2019,576.88
1/23/2019,573.59
1/24/2019,574.81
1/25/2019,578.85
1/28/2019,562.12
1/29/2019,575.19
1/30/2019,578.38
1/31/2019,571.8
2/1/2019,589.76
2/4/2019,587.5
2/5/2019,582.52
2/6/2019,589.19
2/7/2019,579.23
2/8/2019,583.38
2/11/2019,578.16
2/12/2019,586.5
2/13/2019,597.56
2/14/2019,606.39
2/15/2019,622.37
2/19/2019,624.72
2/20/2019,630.92
2/21/2019,631.48
2/22/2019,632.05
2/25/2019,610.06
2/26/2019,614.29
2/27/2019,625.75
2/28/2019,623.21
3/1/2019,611.56
3/4/2019,617.2
3/5/2019,618.98
3/6/2019,620.21
3/7/2019,623.05
3/8/2019,617.56
3/11/2019,625.19
3/12/2019,625.92
3/13/2019,634.02
3/14/2019,630.92
3/15/2019,630.08
3/18/2019,633.08
3/19/2019,633.65
3/20/2019,641.64
3/21/2019,636
3/22/2019,627.35
3/25/2019,627.91
3/26/2019,633.74
3/27/2019,631.95
3/28/2019,630.64
3/29/2019,635.15
4/1/2019,648.59
4/2/2019,651.97
4/3/2019,651.41
4/4/2019,652.26
4/5/2019,660.32
4/8/2019,666.39
4/9/2019,661.09
4/10/2019,670.92
4/11/2019,661.65
4/12/2019,667.86
4/15/2019,664.85
4/16/2019,669.27
4/17/2019,668.14
4/18/2019,671.33
4/22/2019,689.76
4/23/2019,694.45
4/24/2019,693.98
4/25/2019,692.01
4/26/2019,673.21
4/29/2019,672.37
4/30/2019,677.26
5/1/2019,678.38
5/2/2019,664.94
5/3/2019,665.88
5/6/2019,669.55
5/7/2019,655.24
5/8/2019,658.55
5/9/2019,656.43
5/10/2019,656.35
5/13/2019,651.41
5/14/2019,660.81
5/15/2019,666.35
5/16/2019,673.87
5/17/2019,669.74
5/20/2019,668.8
5/21/2019,670.21
5/22/2019,657.8
5/23/2019,625
5/24/2019,634.12
5/28/2019,645.39
5/29/2019,637.88
5/30/2019,614
5/31/2019,582.61
6/3/2019,575.94
6/4/2019,582.42
6/5/2019,569.83
6/6/2019,579.61
6/7/2019,592.74
6/10/2019,581.86
6/11/2019,580.7
6/12/2019,557.76
6/13/2019,568.14
6/14/2019,573.4
6/17/2019,563.82
6/18/2019,576.41
6/19/2019,573.68
6/20/2019,599.25
6/21/2019,605.73
6/24/2019,603.2
6/25/2019,604.14
6/26/2019,617.39
6/27/2019,617.2
6/28/2019,608.46
7/1/2019,611.47
7/2/2019,586.47
7/3/2019,599.81
7/5/2019,603.67
7/8/2019,601.99
7/9/2019,602.14
7/10/2019,627.99
7/11/2019,622.93
7/12/2019,623.5
7/15/2019,619.55
7/16/2019,600
7/17/2019,593.89
7/18/2019,578.85
7/19/2019,585.34
7/22/2019,592.39
7/23/2019,599.15
7/24/2019,592.86
7/25/2019,594.55
7/26/2019,595.58
7/29/2019,597.93
7/30/2019,607.42
7/31/2019,611.37
8/1/2019,568.61
8/2/2019,581.67
8/5/2019,562.12
8/6/2019,553.95
8/7/2019,527.91
8/8/2019,538.01
8/9/2019,548.18
8/12/2019,548.44
8/13/2019,572.56
8/14/2019,555.17
8/15/2019,543.14
8/16/2019,546.62
8/19/2019,556.58
8/20/2019,559.96
8/21/2019,562.59
8/22/2019,559.21
8/23/2019,552.63
8/26/2019,546.24
8/27/2019,554.79
8/28/2019,563.25
8/29/2019,568.52
8/30/2019,556.86
9/3/2019,547.56
9/4/2019,570.49
9/5/2019,572.84
9/6/2019,578.38
9/9/2019,586.45
9/10/2019,582.74
9/11/2019,566.62
9/12/2019,560.56
9/13/2019,556.86
9/16/2019,636.09
9/17/2019,597.37
9/18/2019,588.91
9/19/2019,595.21
9/20/2019,593.98
9/23/2019,598.97
9/24/2019,583.83
9/25/2019,577.35
9/26/2019,580.26
9/27/2019,573.68
9/30/2019,556.86
10/1/2019,553.48
10/2/2019,542.2
10/3/2019,542.39
10/4/2019,548.59
10/7/2019,547.41
10/8/2019,545.56
10/9/2019,545.41
10/10/2019,552.07
10/11/2019,565.04
10/14/2019,555.64
10/15/2019,550.19
10/16/2019,556.02
10/17/2019,558.83
10/18/2019,555.36
10/21/2019,551.5
10/22/2019,558.65
10/23/2019,572.09
10/24/2019,576.97
10/25/2019,580.17
10/28/2019,575.66
10/29/2019,575.47
10/30/2019,566.17
10/31/2019,560.34
11/1/2019,579.79
11/4/2019,583.93
11/5/2019,591.73
11/6/2019,580.26
11/7/2019,583.78
11/8/2019,584.15
11/11/2019,579.44
11/12/2019,577.11
11/13/2019,578.38
11/14/2019,577.16
11/15/2019,586.47
11/18/2019,578.29
11/19/2019,564.1
11/20/2019,577.73
11/21/2019,591.54
11/22/2019,586.18
11/25/2019,588.53
11/26/2019,594.08
11/27/2019,592.2
11/29/2019,568.52
12/2/2019,572.56
12/3/2019,571.62
12/4/2019,592.11
12/5/2019,595.77
12/6/2019,603.29
12/9/2019,600.21
12/10/2019,599.74
12/11/2019,592.11
12/12/2019,594.74
12/13/2019,603.85
12/16/2019,605.36
12/17/2019,612.31
12/18/2019,613.06
12/19/2019,616.45
12/20/2019,612.78
12/23/2019,614.85
12/24/2019,621.8
12/26/2019,627.44
12/27/2019,628.48
12/30/2019,626.6
12/31/2019,620.3
1/2/2020,622.65
1/3/2020,644.74
1/6/2020,647.65
1/7/2020,641.64
1/8/2020,613.82
1/9/2020,611.71
1/10/2020,606.6
1/13/2020,597.97
1/14/2020,598.78
1/15/2020,594.08
1/16/2020,599.72
1/17/2020,601.79
1/21/2020,599.91
1/22/2020,586.94
1/23/2020,575.94
1/24/2020,562.88
1/27/2020,550.56
1/28/2020,552.73
1/29/2020,553.67
1/30/2020,538.82
1/31/2020,532.14
2/3/2020,511.75
2/4/2020,507.14
2/5/2020,519.55
2/6/2020,516.26
2/7/2020,512.56
2/10/2020,501.79
2/11/2020,508.74
2/12/2020,525.24
2/13/2020,529.89
2/14/2020,537.59
2/18/2020,540.51
2/19/2020,551.88
2/20/2020,552.63
2/21/2020,544.55
2/24/2020,524.15
2/25/2020,509.96
2/26/2020,496.33
2/27/2020,486.18
2/28/2020,466.82
3/2/2020,487.78
3/3/2020,487.41
3/4/2020,480.55
3/5/2020,469.83
3/6/2020,425.94
3/9/2020,325.71
3/10/2020,354.72
3/11/2020,347.2
3/12/2020,330.83
3/13/2020,333.08
3/16/2020,297.84
3/17/2020,285.81
3/18/2020,250.85
3/19/2020,284.77
3/20/2020,272.56
3/23/2020,275.28
3/24/2020,279.51
3/25/2020,281.86
3/26/2020,269.27
3/27/2020,262.69
3/30/2020,248.31
3/31/2020,247.65
4/1/2020,232.52
4/2/2020,281.39
4/3/2020,320.58
4/6/2020,310.62
4/7/2020,304.45
4/8/2020,317.22
4/9/2020,311.09
4/13/2020,322.14
4/14/2020,315.51
4/15/2020,295.49
4/16/2020,296.52
4/17/2020,296.8
4/20/2020,274.53
4/21/2020,217.29
4/22/2020,226.13
4/23/2020,232.99
4/24/2020,233.18
4/27/2020,216.82
4/28/2020,213.72
4/29/2020,227.73
4/30/2020,248.87
5/1/2020,248.5
5/4/2020,255.64
5/5/2020,291.07
5/6/2020,279.32
5/7/2020,278.65
5/8/2020,295.24
5/11/2020,284.23
5/12/2020,288.01
5/13/2020,281.58
5/14/2020,297.37
5/15/2020,308.27
5/18/2020,329.42
5/19/2020,328.38
5/20/2020,338.53
5/21/2020,342.2
5/22/2020,335.15
5/26/2020,345.3
5/27/2020,333.18
5/28/2020,338.63
5/29/2020,355.64
6/1/2020,360.15
6/2/2020,371.9
6/3/2020,373.97
6/4/2020,375.85
6/5/2020,397.78
6/8/2020,384.21
6/9/2020,388.89
6/10/2020,393.78
6/11/2020,365.41
6/12/2020,366.35
6/15/2020,375.28
6/16/2020,386.56
6/17/2020,383.18
6/18/2020,389.76
6/19/2020,396.05
6/22/2020,404.79
6/23/2020,401.6
6/24/2020,380.92
6/25/2020,386.47
6/26/2020,384.68
6/29/2020,393.33
6/30/2020,387.88
7/1/2020,395.02
7/2/2020,405.45
7/6/2020,405.08
7/7/2020,404.89
7/8/2020,407.18
7/9/2020,398.78
7/10/2020,407.63
7/13/2020,403.31
7/14/2020,405.36
7/15/2020,412.88
7/16/2020,408.83
7/17/2020,406.95
7/20/2020,408.46
7/21/2020,418.7
7/22/2020,418.8
7/23/2020,410.43
7/24/2020,411.47
7/27/2020,412.59
7/28/2020,409.87
7/29/2020,414.38
7/30/2020,406.48
7/31/2020,409.02
8/3/2020,414.94
8/4/2020,417.58
8/5/2020,424.53
8/6/2020,423.78
8/7/2020,417.99
8/10/2020,424.34
8/11/2020,421
8/12/2020,430.58
8/13/2020,426.97
8/14/2020,426.03
8/17/2020,431.58
8/18/2020,432.42
8/19/2020,431.2
8/20/2020,427.44
8/21/2020,422.27
8/24/2020,428.95
8/25/2020,435.06
8/26/2020,433.83
8/27/2020,428.57
8/28/2020,430.55
8/31/2020,425.56
9/1/2020,428.38
9/2/2020,417.58
9/3/2020,414.19
9/4/2020,400.94
9/8/2020,374.96
9/9/2020,385.43
9/10/2020,379.72
9/11/2020,378.85
9/14/2020,378.57
9/15/2020,386.75
9/16/2020,402.16
9/17/2020,411.84
9/18/2020,410.53
9/21/2020,394.36
9/22/2020,396.52
9/23/2020,397.18
9/24/2020,399.06
9/25/2020,398.59
9/28/2020,402.91
9/29/2020,390.6
9/30/2020,397.56
10/1/2020,384.68
10/2/2020,369.08
10/5/2020,388.06
10/6/2020,400.85
10/7/2020,395.53
10/8/2020,408.95
10/9/2020,405.38
10/12/2020,395.71
10/13/2020,403.2
10/14/2020,410.71
10/15/2020,409.02
10/16/2020,406.67
10/19/2020,403.95
10/20/2020,409.12
10/21/2020,395.39
10/22/2020,402.07
10/23/2020,395.39
10/26/2020,383.55
10/27/2020,391.07
10/28/2020,372.56
10/29/2020,359.59
10/30/2020,356.58
11/2/2020,366.26
11/3/2020,373.21
11/4/2020,387.5
11/5/2020,384.68
11/6/2020,371.5
11/9/2020,399.81
11/10/2020,411.56
11/11/2020,413.76
11/12/2020,411.56
11/13/2020,403.76
11/16/2020,413.44
11/17/2020,413.16
11/18/2020,418.14
11/19/2020,417.01
11/20/2020,423.59
11/23/2020,432.71
11/24/2020,449.06
11/25/2020,456.11
11/27/2020,453.48
11/30/2020,450
12/1/2020,445.68
12/2/2020,453.48
12/3/2020,457.8
12/4/2020,462.88
12/7/2020,458.57
12/8/2020,458.91
12/9/2020,458.7
12/10/2020,471.3
12/11/2020,468.98
12/14/2020,472.27
12/15/2020,476.6
12/16/2020,479.89
12/17/2020,484.59
12/18/2020,491.17
12/21/2020,479.14
12/22/2020,471.43
12/23/2020,481.58
12/24/2020,482.52
12/28/2020,478.38
12/29/2020,481.48
12/30/2020,485.24
12/31/2020,486.84
1/4/2021,480.17
1/5/2021,503.76
1/6/2021,510.34
1/7/2021,511.09
1/8/2021,525.92
1/11/2021,522.86
1/12/2021,531.26
1/13/2021,526.73
1/14/2021,529.98
1/15/2021,518.14
1/19/2021,524.81
1/20/2021,526.03
1/21/2021,526.13
1/22/2021,519.27
1/25/2021,523.31
1/26/2021,522.93
1/27/2021,521.9
1/28/2021,517.86
1/29/2021,517.29
2/1/2021,529.61
2/2/2021,540.04
2/3/2021,549.44
2/4/2021,553.01
2/5/2021,557.22
2/8/2021,568.08
2/9/2021,572.01
2/10/2021,574.72
2/11/2021,570.58
2/12/2021,581.58
2/16/2021,589.85
2/17/2021,597.74
2/18/2021,593.52
2/19/2021,584.02
2/22/2021,604.89
2/23/2021,606.02
2/24/2021,621.99
2/25/2021,621.33
2/26/2021,605.45
3/1/2021,598.59
3/2/2021,589.29
3/3/2021,602.16
3/4/2021,627.26
3/5/2021,650.6
3/8/2021,639.32
3/9/2021,631.94
3/10/2021,634.25
3/11/2021,648.5
3/12/2021,645.49
3/15/2021,642.2
3/16/2021,637.88
3/17/2021,635.06
3/18/2021,592.39
3/19/2021,604.79
3/22/2021,606.39
3/23/2021,571.99
3/24/2021,603.85
3/25/2021,580.83
3/26/2021,605.55
3/29/2021,610.15
3/30/2021,603.1
3/31/2021,589.66
4/1/2021,609.59
4/5/2021,584.12
4/6/2021,589.66
4/7/2021,593.61
4/8/2021,593.06
4/9/2021,590.06
4/12/2021,592.37
4/13/2021,595.47
4/14/2021,621.71
4/15/2021,624.53
4/16/2021,623.03
4/19/2021,624.62
4/20/2021,619.55
4/21/2021,607.89
4/22/2021,608.55
4/23/2021,614.85
4/26/2021,611.18
4/27/2021,619.08
4/28/2021,627.63
4/29/2021,639.57
4/30/2021,627.44
5/3/2021,634.96
5/4/2021,647.37
5/5/2021,648.12
5/6/2021,639.94
5/7/2021,641.2
5/10/2021,641.24
5/11/2021,643.25
5/12/2021,650.15
5/13/2021,628.57
5/14/2021,642.67
5/17/2021,649.81
5/18/2021,643.98
5/19/2021,625.28
5/20/2021,611.56
5/21/2021,623.59
5/24/2021,642.58
5/25/2021,643.7
5/26/2021,645.96
5/27/2021,650.38
5/28/2021,645.86
6/1/2021,660.24
6/2/2021,670.58
6/3/2021,670.21
6/4/2021,675.66
6/7/2021,671.18
6/8/2021,677.22
6/9/2021,676.11
6/10/2021,677.52
6/11/2021,677.73
6/14/2021,679.42
6/15/2021,688.91
6/16/2021,691.64
6/17/2021,679.42
6/18/2021,683.55
6/21/2021,695.96
6/22/2021,696.24
6/23/2021,700.19
6/24/2021,703.1
6/25/2021,708.46
6/28/2021,696.8
6/29/2021,698.12
6/30/2021,701.32
7/1/2021,712.78
7/2/2021,715.88
7/6/2021,700.47
7/7/2021,690.13
7/8/2021,695.06
7/9/2021,707.01
7/12/2021,702.22
7/13/2021,713.03
7/14/2021,695.3
7/15/2021,683.93
7/16/2021,685.81
7/19/2021,639.57
7/20/2021,646.33
7/21/2021,673.21
7/22/2021,687.5
7/23/2021,690.23
7/26/2021,692.67
7/27/2021,690.98
7/28/2021,694.27
7/29/2021,705.83
7/30/2021,708.74
8/2/2021,685.06
8/3/2021,680.55
8/4/2021,661.47
8/5/2021,670.02
8/6/2021,663.76
8/9/2021,647.26
8/10/2021,661.5
8/11/2021,668.57
8/12/2021,666.45
8/13/2021,659.77
8/16/2021,649.81
8/17/2021,644.83
8/18/2021,636.94
8/19/2021,620.49
8/20/2021,608.55
8/23/2021,642.58
8/24/2021,661.75
8/25/2021,669.92
8/26/2021,659.59
8/27/2021,673.87
8/30/2021,678.85
8/31/2021,673.21
9/1/2021,672.84
9/2/2021,686.37
9/3/2021,682.42
9/7/2021,673.78
9/8/2021,680.86
9/9/2021,669.04
9/10/2021,681.62
9/13/2021,686.3
9/14/2021,685.81
9/15/2021,702.82
9/16/2021,704.7
9/17/2021,700.75
9/20/2021,686.75
9/21/2021,691.45
9/22/2021,708.55
9/23/2021,718.61
9/24/2021,725.85
9/27/2021,739.85
9/28/2021,736.37
9/29/2021,733.93
9/30/2021,736
10/1/2021,745.11
10/4/2021,763.72
10/5/2021,775.94
10/6/2021,762.03
10/7/2021,768.93
10/8/2021,771.71
10/11/2021,782.07
10/12/2021,778.83
10/13/2021,775.94
10/14/2021,783.27
10/15/2021,790.88
10/18/2021,786.28
10/19/2021,792.86
10/20/2021,800.28
10/21/2021,788.82
10/22/2021,795.49
10/25/2021,800.47
10/26/2021,804.98
10/27/2021,788.25
10/28/2021,786.28
10/29/2021,786.84
11/1/2021,796.15
11/2/2021,796.24
11/3/2021,770.58
11/4/2021,756.95
11/5/2021,775.64
11/8/2021,780.06
11/9/2021,789.92
11/10/2021,768.5
11/11/2021,769.27
11/12/2021,762.5
11/15/2021,761.75
11/16/2021,765.23
11/17/2021,745.68
11/18/2021,755.26
11/19/2021,734.21
11/22/2021,742.76
11/23/2021,764.38
11/24/2021,761.75
11/26/2021,672.84
11/29/2021,688.16
11/30/2021,650.66
12/1/2021,647.27
12/2/2021,654.79
12/3/2021,656.77
12/6/2021,686.84
12/7/2021,708.38
12/8/2021,711.73
12/9/2021,698.36
12/10/2021,704.49
12/13/2021,698.12
12/14/2021,692.01
12/15/2021,693.42
12/16/2021,704.14
12/17/2021,690.98
12/20/2021,672.65
12/21/2021,695.11
12/22/2021,707.52
12/23/2021,720.3
12/27/2021,735.15
12/28/2021,739.38
12/29/2021,744.45
12/30/2021,747.46
12/31/2021,731.02
1/3/2022,742.29
1/4/2022,751.88
1/5/2022,759.4
1/6/2022,770.58
1/7/2022,767.03
1/10/2022,757.91
1/11/2022,783.23
1/12/2022,790.58
1/13/2022,787.31
1/14/2022,802.16
1/18/2022,815.6
1/19/2022,823.21
1/20/2022,823.4
1/21/2022,818.42
1/24/2022,802.91
1/25/2022,819.36
1/26/2022,834.02
1/27/2022,828.67
1/28/2022,831.95
1/31/2022,838.91
2/1/2022,837.97
2/2/2022,840.88
2/3/2022,856.3
2/4/2022,876.6
2/7/2022,868.4
2/8/2022,847.93
2/9/2022,852.71
2/10/2022,848.74
2/11/2022,870.49
2/14/2022,887.31
2/15/2022,856.2
2/16/2022,869.27
2/17/2022,853.48
2/18/2022,858.93
2/22/2022,882.05
2/23/2022,883.93
2/24/2022,896.8
2/25/2022,884.59
2/28/2022,920.77
3/1/2022,986.56
3/2/2022,1061.37
3/3/2022,1038.16
3/4/2022,1110.06
3/7/2022,1149.83
3/8/2022,1185.9
3/9/2022,1021.37
3/10/2022,998.21
3/11/2022,1025.38
3/14/2022,971.8
3/15/2022,917.11
3/16/2022,898.87
3/17/2022,973.31
3/18/2022,987.5
3/21/2022,1051.88
3/22/2022,1051.03
3/23/2022,1106.67
3/24/2022,1083.65
3/25/2022,1103.1
3/28/2022,1029.04
3/29/2022,1012.31
3/30/2022,1047.37
3/31/2022,984.12
4/1/2022,981.11
4/4/2022,1010.62
4/5/2022,1002.26
4/6/2022,949.91
4/7/2022,944.3
4/8/2022,963.68
4/11/2022,924.38
4/12/2022,980.3
4/13/2022,1015.79
4/14/2022,1041.35
4/18/2022,1052.07
4/19/2022,1002.16
4/20/2022,999.34
4/21/2022,1014.66
4/22/2022,997.65
4/25/2022,960.15
4/26/2022,983.18
4/27/2022,986.37
4/28/2022,1008.08
4/29/2022,1006.95
5/2/2022,1011.09
5/3/2022,986.56
5/4/2022,1035.15
5/5/2022,1042.29
5/6/2022,1053.38
5/9/2022,990.64
5/10/2022,956.09
5/11/2022,999.83
5/12/2022,996.15
5/13/2022,1031.48
5/16/2022,1053.67
5/17/2022,1032.42
5/18/2022,1004.98
5/19/2022,1032.14
5/20/2022,1033.74
5/23/2022,1041.17
5/24/2022,1040.32
5/25/2022,1044.36
5/26/2022,1073.03
5/27/2022,1086.09
5/31/2022,1086.47
6/1/2022,1092.95
6/2/2022,1105.36
6/3/2022,1125.19
6/6/2022,1123.21
6/7/2022,1128.61
6/8/2022,1151.35
6/9/2022,1141.05
6/10/2022,1124.23
6/13/2022,1119.08
6/14/2022,1106.95
6/15/2022,1085.24
6/16/2022,1099.62
6/17/2022,1037.5
6/21/2022,1050.47
6/22/2022,1021.15
6/23/2022,1000.56
6/24/2022,1025.38
6/27/2022,1043.05
6/28/2022,1069.55
6/29/2022,1056.86
6/30/2022,1024.72
7/1/2022,1049.15
7/5/2022,965.88
7/6/2022,946.33
7/7/2022,983.55
7/8/2022,999.14
7/11/2022,993.61
7/12/2022,916.05
7/13/2022,911.15
7/14/2022,895.77
7/15/2022,913.06
7/18/2022,957.33
7/19/2022,966.92
7/20/2022,962.12
7/21/2022,934.96
7/22/2022,924.62
7/25/2022,941.64
7/26/2022,934.77
7/27/2022,955.55
7/28/2022,957.05
7/29/2022,977.16
8/1/2022,940.13
8/2/2022,944.92
8/3/2022,909.59
8/4/2022,884.59
8/5/2022,888.83
8/8/2022,902.61
8/9/2022,896.94
8/10/2022,906.62
8/11/2022,923.87
8/12/2022,910.71
8/15/2022,886.09
8/16/2022,862.22
8/17/2022,874.25
8/18/2022,900
8/19/2022,903.1
8/22/2022,900.47
8/23/2022,932.05
8/24/2022,943.05
8/25/2022,925.38
8/26/2022,930.55
8/29/2022,967.39
8/30/2022,919.55
8/31/2022,898.87
9/1/2022,868.05
9/2/2022,874.25
9/6/2022,872.46
9/7/2022,827.07
9/8/2022,836.18
9/9/2022,868.31
9/12/2022,877.42
9/13/2022,868.52
9/14/2022,875.19
9/15/2022,842.2
9/16/2022,846.33
9/19/2022,852.07
9/20/2022,840.23
9/21/2022,834.59
9/22/2022,841.45
9/23/2022,799.15
9/26/2022,778.76
9/27/2022,797.65
9/28/2022,827.54
9/29/2022,819.36
9/30/2022,800.19
10/3/2022,835.15
10/4/2022,862.78
10/5/2022,877.54
10/6/2022,887.41
10/7/2022,916.48
10/10/2022,897.16
10/11/2022,876.03
10/12/2022,856.64
10/13/2022,873.31
10/14/2022,847.27
10/17/2022,847.56
10/18/2022,832.71
10/19/2022,851.13
10/20/2022,850.09
10/21/2022,858.46
10/24/2022,857.24
10/25/2022,862.22
10/26/2022,881.48
10/27/2022,893.23
10/28/2022,881.3
10/31/2022,872.27
11/1/2022,889.57
11/2/2022,903.76
11/3/2022,889.76
11/4/2022,926.41
11/7/2022,917.37
11/8/2022,891.05
11/9/2022,862.65
11/10/2022,868.48
11/11/2022,887.31
11/14/2022,862.97
11/15/2022,871.71
11/16/2022,861.37
11/17/2022,834.77
11/18/2022,819.08
11/21/2022,818.52
11/22/2022,824.25
11/23/2022,800.19
11/25/2022,786.75
11/28/2022,788.44
11/29/2022,791.82
11/30/2022,817.39
12/1/2022,816.54
12/2/2022,804.23