Effective date ,Dow Jones Commodity Index Gold
11/30/2012,591.4
12/3/2012,594.3
12/4/2012,585.57
12/5/2012,584.88
12/6/2012,587.64
12/7/2012,588.92
12/10/2012,591.99
12/11/2012,590.33
12/12/2012,593.2
12/13/2012,585.91
12/14/2012,585.98
12/17/2012,586.4
12/18/2012,576.9
12/19/2012,575.86
12/20/2012,568.34
12/21/2012,573.24
12/24/2012,573.03
12/26/2012,573.45
12/27/2012,574.48
12/28/2012,571.79
12/31/2012,578.66
1/2/2013,583.15
1/3/2013,578.25
1/4/2013,569.37
1/7/2013,568.47
1/8/2013,574.11
1/9/2013,571.95
1/10/2013,579.88
1/11/2013,574.02
1/14/2013,577.21
1/15/2013,582.25
1/16/2013,581.98
1/17/2013,584.6
1/18/2013,583.29
1/22/2013,585.43
1/23/2013,583.18
1/24/2013,577.38
1/25/2013,572.79
1/28/2013,571.48
1/29/2013,574.14
1/30/2013,580.66
1/31/2013,573.9
2/1/2013,576.86
2/4/2013,578.87
2/5/2013,577.87
2/6/2013,579.7
2/7/2013,577.11
2/8/2013,575.59
2/11/2013,569.44
2/12/2013,569.61
2/13/2013,568.06
2/14/2013,564.74
2/15/2013,555.77
2/19/2013,553.94
2/20/2013,544.89
2/21/2013,545.1
2/22/2013,543.09
2/25/2013,547.86
2/26/2013,557.84
2/27/2013,551
2/28/2013,544.92
3/1/2013,542.92
3/4/2013,542.96
3/5/2013,543.82
3/6/2013,543.82
3/7/2013,544.03
3/8/2013,544.79
3/11/2013,545.32
3/12/2013,550.2
3/13/2013,549.21
3/14/2013,550
3/15/2013,550.66
3/18/2013,554.77
3/19/2013,557.08
3/20/2013,555.73
3/21/2013,557.91
3/22/2013,555.25
3/25/2013,554.73
3/26/2013,551.55
3/27/2013,554.97
3/28/2013,551
4/1/2013,552.8
4/2/2013,544.16
4/3/2013,536.43
4/4/2013,536.05
4/5/2013,544.16
4/8/2013,542.99
4/9/2013,547.89
4/10/2013,538.26
4/11/2013,540.37
4/12/2013,518.44
4/15/2013,469.99
4/16/2013,479.07
4/17/2013,477.45
4/18/2013,480.84
4/19/2013,481.91
4/22/2013,490.75
4/23/2013,486.46
4/24/2013,491.61
4/25/2013,504.83
4/26/2013,501.93
4/29/2013,506.7
4/30/2013,508.32
5/1/2013,499.38
5/2/2013,506.77
5/3/2013,505.59
5/6/2013,506.91
5/7/2013,500.39
5/8/2013,509.1
5/9/2013,507.4
5/10/2013,496.42
5/13/2013,495.72
5/14/2013,492.33
5/15/2013,482.56
5/16/2013,479.35
5/17/2013,471.69
5/20/2013,478.38
5/21/2013,476.1
5/22/2013,472.51
5/23/2013,480.94
5/24/2013,479.11
5/28/2013,476.42
5/29/2013,480.59
5/30/2013,487.57
5/31/2013,481.01
6/3/2013,487.53
6/4/2013,482.46
6/5/2013,482.91
6/6/2013,488.88
6/7/2013,477.56
6/10/2013,478.59
6/11/2013,475.48
6/12/2013,480.66
6/13/2013,475.76
6/14/2013,479.14
6/17/2013,477.59
6/18/2013,472
6/19/2013,474.45
6/20/2013,444.13
6/21/2013,446.13
6/24/2013,440.99
6/25/2013,440.3
6/26/2013,424.65
6/27/2013,418.37
6/28/2013,422.55
7/1/2013,433.6
7/2/2013,429.35
7/3/2013,432.29
7/5/2013,418.75
7/8/2013,426.57
7/9/2013,430.53
7/10/2013,431.19
7/11/2013,442.53
7/12/2013,441.85
7/15/2013,443.85
7/16/2013,446.13
7/17/2013,441.57
7/18/2013,443.89
7/19/2013,446.82
7/22/2013,461.77
7/23/2013,461.05
7/24/2013,455.84
7/25/2013,459.08
7/26/2013,456.46
7/29/2013,459.12
7/30/2013,457.46
7/31/2013,453.38
8/1/2013,452.76
8/2/2013,452.52
8/5/2013,449.72
8/6/2013,442.85
8/7/2013,443.82
8/8/2013,452.31
8/9/2013,453.11
8/12/2013,460.7
8/13/2013,455.97
8/14/2013,460.43
8/15/2013,469.92
8/16/2013,473.41
8/19/2013,471.58
8/20/2013,473.96
8/21/2013,473.1
8/22/2013,473.34
8/23/2013,481.98
8/26/2013,481.04
8/27/2013,490.4
8/28/2013,489.92
8/29/2013,487.88
8/30/2013,482.08
9/3/2013,487.57
9/4/2013,479.97
9/5/2013,474.1
9/6/2013,478.76
9/9/2013,478.83
9/10/2013,470.99
9/11/2013,470.93
9/12/2013,459.46
9/13/2013,451.86
9/16/2013,455.04
9/17/2013,452.14
9/18/2013,451.52
9/19/2013,472.82
9/20/2013,460.12
9/23/2013,458.22
9/24/2013,454.52
9/25/2013,461.4
9/26/2013,457.22
9/27/2013,462.43
9/30/2013,458.22
10/1/2013,444.1
10/2/2013,456.04
10/3/2013,454.97
10/4/2013,452.31
10/7/2013,457.56
10/8/2013,457.39
10/9/2013,451.38
10/10/2013,447.82
10/11/2013,437.91
10/14/2013,440.81
10/15/2013,439.64
10/16/2013,442.78
10/17/2013,456.84
10/18/2013,453.94
10/21/2013,454.35
10/22/2013,463.6
10/23/2013,460.64
10/24/2013,466.26
10/25/2013,467.02
10/28/2013,466.92
10/29/2013,464.61
10/30/2013,465.92
10/31/2013,457.08
11/1/2013,453.45
11/4/2013,453.97
11/5/2013,451.69
11/6/2013,455.04
11/7/2013,451.9
11/8/2013,443.73
11/11/2013,442.6
11/12/2013,439.25
11/13/2013,438.36
11/14/2013,444.51
11/15/2013,444.85
11/18/2013,439.64
11/19/2013,440.06
11/20/2013,434.7
11/21/2013,429.66
11/22/2013,429.77
11/25/2013,428.73
11/26/2013,428.69
11/27/2013,427.45
11/29/2013,431.77
12/2/2013,421.93
12/3/2013,421.55
12/4/2013,430.66
12/5/2013,425.38
12/6/2013,424.38
12/9/2013,426.17
12/10/2013,435.46
12/11/2013,434.12
12/12/2013,422.96
12/13/2013,426.31
12/16/2013,429.7
12/17/2013,424.76
12/18/2013,426.45
12/19/2013,412.15
12/20/2013,415.64
12/23/2013,413.33
12/24/2013,415.5
12/26/2013,418.61
12/27/2013,419.2
12/30/2013,415.68
12/31/2013,415.16
1/2/2014,423.07
1/3/2014,427.69
1/6/2014,427.49
1/7/2014,424.59
1/8/2014,423.21
1/9/2014,424.59
1/10/2014,430.68
1/13/2014,432.2
1/14/2014,430.25
1/15/2014,427.76
1/16/2014,428.38
1/17/2014,432.42
1/21/2014,428.87
1/22/2014,427.73
1/23/2014,435.95
1/24/2014,436.64
1/27/2014,436.29
1/28/2014,431.8
1/29/2014,435.84
1/30/2014,429.04
1/31/2014,428.11
2/3/2014,435.05
2/4/2014,432.04
2/5/2014,434.01
2/6/2014,434.12
2/7/2014,436.08
2/10/2014,440.16
2/11/2014,445.37
2/12/2014,447.17
2/13/2014,448.93
2/14/2014,455.32
2/18/2014,457.32
2/19/2014,455.94
2/20/2014,454.73
2/21/2014,457.04
2/24/2014,462.02
2/25/2014,463.64
2/26/2014,458.56
2/27/2014,459.88
2/28/2014,456.35
3/3/2014,466.26
3/4/2014,461.98
3/5/2014,462.81
3/6/2014,466.78
3/7/2014,462.11
3/10/2014,463.27
3/11/2014,465.08
3/12/2014,473.29
3/13/2014,473.96
3/14/2014,476.24
3/17/2014,474.14
3/18/2014,469.3
3/19/2014,463.23
3/20/2014,459.5
3/21/2014,461.33
3/24/2014,452.73
3/25/2014,452.83
3/26/2014,450.07
3/27/2014,447.1
3/28/2014,446.93
3/31/2014,443.3
4/1/2014,441.99
4/2/2014,445.72
4/3/2014,443.58
4/4/2014,450.1
4/7/2014,448.31
4/8/2014,452.04
4/9/2014,450.93
4/10/2014,455.97
4/11/2014,455.46
4/14/2014,458.39
4/15/2014,449
4/16/2014,450.1
4/17/2014,446.79
4/21/2014,444.92
4/22/2014,442.37
4/23/2014,443.58
4/24/2014,445.65
4/25/2014,449.17
4/28/2014,448.55
4/29/2014,447.62
4/30/2014,447.48
5/1/2014,443.16
5/2/2014,449.9
5/5/2014,452.11
5/6/2014,451.86
5/7/2014,445.09
5/8/2014,444.7
5/9/2014,444.68
5/12/2014,447.5
5/13/2014,447.2
5/14/2014,451.04
5/15/2014,446.79
5/16/2014,446.69
5/19/2014,446.82
5/20/2014,447.1
5/21/2014,444.85
5/22/2014,447.24
5/23/2014,446.1
5/27/2014,437.05
5/28/2014,434.98
5/29/2014,434.08
5/30/2014,430.25
6/2/2014,429.56
6/3/2014,429.73
6/4/2014,429.66
6/5/2014,432.77
6/6/2014,432.49
6/9/2014,432.98
6/10/2014,435.12
6/11/2014,435.5
6/12/2014,439.92
6/13/2014,439.95
6/16/2014,440.37
6/17/2014,439.23
6/18/2014,439.47
6/19/2014,453.76
6/20/2014,454.63
6/23/2014,455.25
6/24/2014,456.25
6/25/2014,456.7
6/26/2014,454.77
6/27/2014,455.8
6/30/2014,456.49
7/1/2014,458.08
7/2/2014,459.56
7/3/2014,456.01
7/7/2014,454.77
7/8/2014,454.68
7/9/2014,457.49
7/10/2014,462.72
7/11/2014,462.22
7/14/2014,451.69
7/15/2014,448.38
7/16/2014,449.34
7/17/2014,455.28
7/18/2014,452.69
7/21/2014,454.25
7/22/2014,451.66
7/23/2014,451.14
7/24/2014,446.37
7/25/2014,450.73
7/28/2014,450.9
7/29/2014,449.07
7/30/2014,447.82
7/31/2014,442.96
8/1/2014,447.1
8/4/2014,445.06
8/5/2014,443.82
8/6/2014,451.73
8/7/2014,453.21
8/8/2014,452.69
8/11/2014,452.52
8/12/2014,452.56
8/13/2014,453.9
8/14/2014,454.32
8/15/2014,451.04
8/18/2014,448.65
8/19/2014,447.76
8/20/2014,447.24
8/21/2014,440.4
8/22/2014,442.06
8/25/2014,441.61
8/26/2014,443.78
8/27/2014,443.16
8/28/2014,445.58
8/29/2014,444.54
9/2/2014,436.81
9/3/2014,438.64
9/4/2014,437.33
9/5/2014,437.6
9/8/2014,433.11
9/9/2014,431.11
9/10/2014,430.01
9/11/2014,427.83
9/12/2014,425.24
9/15/2014,426.48
9/16/2014,427.04
9/17/2014,426.76
9/18/2014,423.65
9/19/2014,420.1
9/22/2014,420.55
9/23/2014,421.96
9/24/2014,421.1
9/25/2014,421.93
9/26/2014,419.68
9/29/2014,420.86
9/30/2014,418.37
10/1/2014,419.72
10/2/2014,419.58
10/3/2014,411.91
10/6/2014,416.89
10/7/2014,418.65
10/8/2014,416.44
10/9/2014,423.1
10/10/2014,421.86
10/13/2014,424.72
10/14/2014,426.21
10/15/2014,429.83
10/16/2014,428.59
10/17/2014,427.83
10/20/2014,429.8
10/21/2014,432.22
10/22/2014,430.08
10/23/2014,424.41
10/24/2014,425.35
10/27/2014,424.48
10/28/2014,424.52
10/29/2014,422.96
10/30/2014,413.88
10/31/2014,404.56
11/3/2014,403.94
11/4/2014,403.21
11/5/2014,395.61
11/6/2014,394.54
11/7/2014,403.99
11/10/2014,400.61
11/11/2014,401.8
11/12/2014,400.46
11/13/2014,401.35
11/14/2014,409.63
11/17/2014,408.94
11/18/2014,413.6
11/19/2014,412.5
11/20/2014,411.43
11/21/2014,413.81
11/24/2014,413.19
11/25/2014,413.6
11/26/2014,413.5
11/28/2014,405.9
12/1/2014,420.61
12/2/2014,414.16
12/3/2014,417.37
12/4/2014,417.02
12/5/2014,411.05
12/8/2014,412.6
12/9/2014,425.41
12/10/2014,424.52
12/11/2014,423.2
12/12/2014,422.13
12/15/2014,417.02
12/16/2014,412.4
12/17/2014,412.47
12/18/2014,412.57
12/19/2014,412.98
12/22/2014,407.39
12/23/2014,406.77
12/24/2014,405.21
12/26/2014,412.74
12/29/2014,408.11
12/30/2014,414.5
12/31/2014,408.87
1/2/2015,409.6
1/5/2015,415.75
1/6/2015,421.06
1/7/2015,418.06
1/8/2015,417.35
1/9/2015,420.05
1/12/2015,425.88
1/13/2015,426.49
1/14/2015,426.59
1/15/2015,437.05
1/16/2015,441.26
1/20/2015,447.24
1/21/2015,447.06
1/22/2015,449.48
1/23/2015,446.69
1/26/2015,442.13
1/27/2015,446.44
1/28/2015,444.48
1/29/2015,433.67
1/30/2015,441.71
2/2/2015,440.92
2/3/2015,435.19
2/4/2015,436.64
2/5/2015,436.02
2/6/2015,426.31
2/9/2015,428.69
2/10/2015,425.48
2/11/2015,421.13
2/12/2015,421.51
2/13/2015,423.72
2/17/2015,417.33
2/18/2015,414.43
2/19/2015,416.99
2/20/2015,416.06
2/23/2015,414.64
2/24/2015,413.43
2/25/2015,414.88
2/26/2015,417.85
2/27/2015,418.89
3/2/2015,417.2
3/3/2015,415.88
3/4/2015,414.68
3/5/2015,413.05
3/6/2015,402.11
3/9/2015,402.95
3/10/2015,400.79
3/11/2015,397.58
3/12/2015,398.1
3/13/2015,398.24
3/16/2015,398.48
3/17/2015,396.75
3/18/2015,397.79
3/19/2015,403.94
3/20/2015,409.32
3/23/2015,410.36
3/24/2015,411.64
3/25/2015,413.67
3/26/2015,416.33
3/27/2015,414.61
3/30/2015,409.29
3/31/2015,408.56
4/1/2015,417.2
4/2/2015,414.68
4/6/2015,420.79
4/7/2015,418.02
4/8/2015,415.44
4/9/2015,412.15
4/10/2015,415.95
4/13/2015,414.12
4/14/2015,411.81
4/15/2015,414.81
4/16/2015,413.67
4/17/2015,415.44
4/20/2015,412.19
4/21/2015,415.44
4/22/2015,409.84
4/23/2015,412.4
4/24/2015,405.73
4/27/2015,415.47
4/28/2015,419.16
4/29/2015,417.82
4/30/2015,408.29
5/1/2015,405.56
5/4/2015,409.81
5/5/2015,412.02
5/6/2015,411.02
5/7/2015,408.29
5/8/2015,410.68
5/11/2015,408.7
5/12/2015,412.02
5/13/2015,420.99
5/14/2015,423.41
5/15/2015,423.45
5/18/2015,424.24
5/19/2015,417.02
5/20/2015,417.75
5/21/2015,416.13
5/22/2015,416.06
5/26/2015,410.15
5/27/2015,409.7
5/28/2015,410.5
5/29/2015,410.84
6/1/2015,410.46
6/2/2015,412.43
6/3/2015,409.15
6/4/2015,405.8
6/5/2015,403.35
6/8/2015,405.25
6/9/2015,406.63
6/10/2015,409.74
6/11/2015,407.6
6/12/2015,407.18
6/15/2015,409.46
6/16/2015,407.77
6/17/2015,406.35
6/18/2015,415.06
6/19/2015,415.02
6/22/2015,408.87
6/23/2015,406.28
6/24/2015,405.01
6/25/2015,404.63
6/26/2015,405.11
6/29/2015,407.11
6/30/2015,404.63
7/1/2015,403.76
7/2/2015,401.76
7/6/2015,405.11
7/7/2015,398
7/8/2015,401.92
7/9/2015,400.59
7/10/2015,400.3
7/13/2015,399.6
7/14/2015,399.07
7/15/2015,396.96
7/16/2015,395.72
7/17/2015,391.4
7/20/2015,382.67
7/21/2015,381.42
7/22/2015,377.28
7/23/2015,378.14
7/24/2015,375
7/27/2015,378.76
7/28/2015,378.69
7/29/2015,377.52
7/30/2015,375.93
7/31/2015,378.14
8/3/2015,376.17
8/4/2015,376.62
8/5/2015,374.86
8/6/2015,376.42
8/7/2015,377.8
8/10/2015,381.25
8/11/2015,382.49
8/12/2015,387.98
8/13/2015,385.22
8/14/2015,384.22
8/17/2015,386.19
8/18/2015,385.67
8/19/2015,389.47
8/20/2015,398.2
8/21/2015,400.41
8/24/2015,398.34
8/25/2015,393.06
8/26/2015,388.33
8/27/2015,387.64
8/28/2015,391.57
8/31/2015,391.06
9/1/2015,393.58
9/2/2015,391.44
9/3/2015,388.29
9/4/2015,387.22
9/8/2015,387.09
9/9/2015,380.52
9/10/2015,383.05
9/11/2015,380.97
9/14/2015,382.49
9/15/2015,380.73
9/16/2015,386.4
9/17/2015,385.7
9/18/2015,392.89
9/21/2015,391.16
9/22/2015,388.4
9/23/2015,390.71
9/24/2015,398.41
9/25/2015,395.58
9/28/2015,390.78
9/29/2015,389.09
9/30/2015,385.08
10/1/2015,384.56
10/2/2015,392.47
10/5/2015,392.82
10/6/2015,395.86
10/7/2015,396.65
10/8/2015,395.13
10/9/2015,399.14
10/12/2015,402.11
10/13/2015,402.42
10/14/2015,407.39
10/15/2015,410.05
10/16/2015,408.53
10/19/2015,404.97
10/20/2015,406.6
10/21/2015,403
10/22/2015,402.66
10/23/2015,401.52
10/26/2015,402.69
10/27/2015,402.56
10/28/2015,406.11
10/29/2015,396.17
10/30/2015,394.13
11/2/2015,392.23
11/3/2015,384.7
11/4/2015,381.98
11/5/2015,381.28
11/6/2015,375.66
11/9/2015,375.86
11/10/2015,376.05
11/11/2015,374.79
11/12/2015,373.45
11/13/2015,373.45
11/16/2015,374.34
11/17/2015,369.13
11/18/2015,369.1
11/19/2015,372.27
11/20/2015,371.65
11/23/2015,368.3
11/24/2015,370.61
11/25/2015,369.37
11/27/2015,364.71
11/30/2015,367.85
12/1/2015,367.23
12/2/2015,363.88
12/3/2015,366.44
12/4/2015,374.34
12/7/2015,371.27
12/8/2015,371.31
12/9/2015,371.72
12/10/2015,370.17
12/11/2015,371.44
12/14/2015,367.2
12/15/2015,366.57
12/16/2015,371.82
12/17/2015,362.43
12/18/2015,367.75
12/21/2015,373.14
12/22/2015,370.89
12/23/2015,368.89
12/24/2015,371.51
12/28/2015,368.89
12/29/2015,368.78
12/30/2015,365.95
12/31/2015,366.09
1/4/2016,371.27
1/5/2016,372.38
1/6/2016,377.04
1/7/2016,382.53
1/8/2016,379.16
1/11/2016,378.58
1/12/2016,374.77
1/13/2016,375.46
1/14/2016,370.75
1/15/2016,376.66
1/19/2016,376.07
1/20/2016,381.94
1/21/2016,379.11
1/22/2016,378.56
1/25/2016,381.77
1/26/2016,386.95
1/27/2016,385.46
1/28/2016,385.39
1/29/2016,385.5
2/1/2016,389.5
2/2/2016,389.23
2/3/2016,394.1
2/4/2016,399.69
2/5/2016,399.76
2/8/2016,413.64
2/9/2016,413.88
2/10/2016,412.5
2/11/2016,430.87
2/12/2016,427.97
2/16/2016,417.2
2/17/2016,418.3
2/18/2016,423.45
2/19/2016,425
2/22/2016,417.85
2/23/2016,422.17
2/24/2016,427.87
2/25/2016,427.76
2/26/2016,421.41
2/29/2016,426.24
3/1/2016,425
3/2/2016,428.8
3/3/2016,434.46
3/4/2016,438.78
3/7/2016,436.54
3/8/2016,436.25
3/9/2016,434.41
3/10/2016,439.83
3/11/2016,435.32
3/14/2016,430.39
3/15/2016,425.48
3/16/2016,425.07
3/17/2016,437.26
3/18/2016,433.53
3/21/2016,430.15
3/22/2016,431.73
3/23/2016,423.2
3/24/2016,422.48
3/28/2016,421.96
3/29/2016,427.31
3/30/2016,424.24
3/31/2016,426.66
4/1/2016,422.48
4/4/2016,421.03
4/5/2016,424.59
4/6/2016,422.58
4/7/2016,427.31
4/8/2016,429.49
4/11/2016,434.39
4/12/2016,435.39
4/13/2016,431.04
4/14/2016,423.52
4/15/2016,426.31
4/18/2016,426.45
4/19/2016,433.11
4/20/2016,433.15
4/21/2016,431.73
4/22/2016,424.72
4/25/2016,428.25
4/26/2016,429.35
4/27/2016,431.77
4/28/2016,437.29
4/29/2016,445.61
5/2/2016,447.44
5/3/2016,446.06
5/4/2016,440.06
5/5/2016,439.33
5/6/2016,446.99
5/9/2016,437.71
5/10/2016,437.26
5/11/2016,441.15
5/12/2016,439.74
5/13/2016,440.26
5/16/2016,440.81
5/17/2016,441.82
5/18/2016,440.99
5/19/2016,434.25
5/20/2016,433.7
5/23/2016,433.32
5/24/2016,425.48
5/25/2016,423.55
5/26/2016,422.2
5/27/2016,420.13
5/31/2016,420.41
6/1/2016,419.44
6/2/2016,418.72
6/3/2016,429.18
6/6/2016,430.73
6/7/2016,430.59
6/8/2016,435.88
6/9/2016,439.47
6/10/2016,440.57
6/13/2016,444.37
6/14/2016,444.79
6/15/2016,444.85
6/16/2016,448.34
6/17/2016,447.1
6/20/2016,446.17
6/21/2016,439.4
6/22/2016,438.54
6/23/2016,436.15
6/24/2016,456.63
6/27/2016,457.42
6/28/2016,455.08
6/29/2016,458.18
6/30/2016,456.01
7/1/2016,462.36
7/5/2016,469.16
7/6/2016,472.06
7/7/2016,470.34
7/8/2016,469.56
7/11/2016,469.46
7/12/2016,462.64
7/13/2016,466.05
7/14/2016,462.6
7/15/2016,460.95
7/18/2016,461.6
7/19/2016,462.67
7/20/2016,458.18
7/21/2016,462.33
7/22/2016,459.77
7/25/2016,458.29
7/26/2016,458.67
7/27/2016,460.81
7/28/2016,463.12
7/29/2016,468.75
8/1/2016,469.48
8/2/2016,473.96
8/3/2016,471.24
8/4/2016,472.17
8/5/2016,464.23
8/8/2016,463.16
8/9/2016,465.02
8/10/2016,466.82
8/11/2016,466.16
8/12/2016,463.81
8/15/2016,465.3
8/16/2016,468.54
8/17/2016,465.75
8/18/2016,468.65
8/19/2016,464.85
8/22/2016,463.88
8/23/2016,464.81
8/24/2016,459.15
8/25/2016,457.39
8/26/2016,457.84
8/29/2016,458.25
8/30/2016,454.59
8/31/2016,452.83
9/1/2016,454.8
9/2/2016,458.11
9/6/2016,467.54
9/7/2016,465.88
9/8/2016,463.26
9/9/2016,460.81
9/12/2016,457.73
9/13/2016,457.08
9/14/2016,457.91
9/15/2016,455.11
9/16/2016,452.42
9/19/2016,455.04
9/20/2016,455.18
9/21/2016,459.74
9/22/2016,464.33
9/23/2016,463.29
9/26/2016,464.12
9/27/2016,459.39
9/28/2016,457.08
9/29/2016,457.87
9/30/2016,454.8
10/3/2016,453.28
10/4/2016,438.43
10/5/2016,438.05
10/6/2016,432.67
10/7/2016,432.29
10/10/2016,435.22
10/11/2016,433.67
10/12/2016,432.94
10/13/2016,434.25
10/14/2016,433.53
10/17/2016,433.91
10/18/2016,436.08
10/19/2016,438.5
10/20/2016,437.67
10/21/2016,437.74
10/24/2016,436.36
10/25/2016,439.78
10/26/2016,437.36
10/27/2016,438.36
10/28/2016,440.88
10/31/2016,439.61
11/1/2016,444.75
11/2/2016,451.73
11/3/2016,450.03
11/4/2016,450.45
11/7/2016,442.06
11/8/2016,440.61
11/9/2016,440.53
11/10/2016,438.2
11/11/2016,423.65
11/14/2016,422.82
11/15/2016,423.83
11/16/2016,423.65
11/17/2016,421.13
11/18/2016,418.37
11/21/2016,418.75
11/22/2016,419.23
11/23/2016,411.74
11/25/2016,407.8
11/28/2016,412.22
11/29/2016,411.19
11/30/2016,405.35
12/1/2016,403.8
12/2/2016,406.7
12/5/2016,406.25
12/6/2016,404.04
12/7/2016,406.6
12/8/2016,404.83
12/9/2016,401.21
12/12/2016,402.56
12/13/2016,400.21
12/14/2016,401.83
12/15/2016,390.12
12/16/2016,392.75
12/19/2016,394.58
12/20/2016,391.44
12/21/2016,391.3
12/22/2016,390.44
12/23/2016,391.44
12/27/2016,393.23
12/28/2016,393.96
12/29/2016,399.9
12/30/2016,397.69
1/3/2017,401.24
1/4/2017,402.38
1/5/2017,407.91
1/6/2017,405.18
1/9/2017,409.36
1/10/2017,409.77
1/11/2017,413.83
1/12/2017,415.15
1/13/2017,414.05
1/17/2017,419.85
1/18/2017,419.54
1/19/2017,415.85
1/20/2017,417.02
1/23/2017,420.75
1/24/2017,419.06
1/25/2017,414.54
1/26/2017,411.77
1/27/2017,411.29
1/30/2017,412.98
1/31/2017,418.3
2/1/2017,417.23
2/2/2017,421.06
2/3/2017,421.55
2/6/2017,425.45
2/7/2017,426.83
2/8/2017,428
2/9/2017,427.07
2/10/2017,426.76
2/13/2017,423.27
2/14/2017,423.14
2/15/2017,425.79
2/16/2017,428.73
2/17/2017,427.87
2/21/2017,427.8
2/22/2017,425.86
2/23/2017,432.11
2/24/2017,434.5
2/27/2017,434.67
2/28/2017,432.98
3/1/2017,431.63
3/2/2017,425.73
3/3/2017,423.52
3/6/2017,423.17
3/7/2017,420.16
3/8/2017,418.08
3/9/2017,416.17
3/10/2017,415.76
3/13/2017,416.61
3/14/2017,416.37
3/15/2017,415.68
3/16/2017,424.79
3/17/2017,425.83
3/20/2017,427.21
3/21/2017,431.49
3/22/2017,432.6
3/23/2017,431.66
3/24/2017,432.22
3/27/2017,434.67
3/28/2017,434.67
3/29/2017,433.98
3/30/2017,430.94
3/31/2017,432.04
4/3/2017,433.01
4/4/2017,434.53
4/5/2017,431.11
4/6/2017,432.77
4/7/2017,434.15
4/10/2017,432.98
4/11/2017,439.99
4/12/2017,441.33
4/13/2017,444.92
4/17/2017,446.1
4/18/2017,446.86
4/19/2017,443.16
4/20/2017,443.3
4/21/2017,445.13
4/24/2017,441.13
4/25/2017,437.57
4/26/2017,436.53
4/27/2017,437.12
4/28/2017,437.95
5/1/2017,433.53
5/2/2017,434.05
5/3/2017,431.11
5/4/2017,424.24
5/5/2017,423.9
5/8/2017,424.21
5/9/2017,420.65
5/10/2017,421.86
5/11/2017,423.93
5/12/2017,425.1
5/15/2017,425.9
5/16/2017,428.07
5/17/2017,435.77
5/18/2017,433.74
5/19/2017,433.98
5/22/2017,436.74
5/23/2017,434.7
5/24/2017,433.87
5/25/2017,435.01
5/26/2017,439.02
5/30/2017,437.05
5/31/2017,440.4
6/1/2017,438.57
6/2/2017,442.06
6/5/2017,442.92
6/6/2017,448.03
6/7/2017,446.55
6/8/2017,441.82
6/9/2017,439.02
6/12/2017,438.16
6/13/2017,438.05
6/14/2017,440.57
6/15/2017,433.22
6/16/2017,433.87
6/19/2017,430.49
6/20/2017,429.39
6/21/2017,430.18
6/22/2017,431.42
6/23/2017,433.84
6/26/2017,430.39
6/27/2017,430.56
6/28/2017,431.32
6/29/2017,430.18
6/30/2017,428.97
7/3/2017,420.99
7/5/2017,421.86
7/6/2017,422.41
7/7/2017,417.71
7/10/2017,419.42
7/11/2017,420.44
7/12/2017,422.45
7/13/2017,422.27
7/14/2017,426.28
7/17/2017,428.42
7/18/2017,431.22
7/19/2017,431.22
7/20/2017,432.35
7/21/2017,435.43
7/24/2017,435.32
7/25/2017,434.56
7/26/2017,433.56
7/27/2017,437.33
7/28/2017,440.37
7/31/2017,439.71
8/1/2017,441.78
8/2/2017,441.44
8/3/2017,440.06
8/4/2017,436.67
8/7/2017,436.71
8/8/2017,435.98
8/9/2017,441.75
8/10/2017,445.48
8/11/2017,446.82
8/14/2017,445.58
8/15/2017,441.89
8/16/2017,442.99
8/17/2017,446.27
8/18/2017,445.99
8/21/2017,447.76
8/22/2017,445.79
8/23/2017,447.06
8/24/2017,446.13
8/25/2017,448.17
8/28/2017,454.18
8/29/2017,455.42
8/30/2017,453.76
8/31/2017,456.56
9/1/2017,459.39
9/5/2017,464.26
9/6/2017,462.36
9/7/2017,466.26
9/8/2017,466.57
9/11/2017,461.22
9/12/2017,460.19
9/13/2017,458.56
9/14/2017,459.01
9/15/2017,457.6
9/18/2017,452.62
9/19/2017,452.56
9/20/2017,454.56
9/21/2017,447.1
9/22/2017,448.03
9/25/2017,452.87
9/26/2017,449.48
9/27/2017,444.68
9/28/2017,444.99
9/29/2017,443.65
10/2/2017,440.54
10/3/2017,440.12
10/4/2017,440.88
10/5/2017,439.64
10/6/2017,440.23
10/9/2017,443.72
10/10/2017,446.75
10/11/2017,445.06
10/12/2017,447.69
10/13/2017,450.48
10/16/2017,449.93
10/17/2017,444.13
10/18/2017,443.02
10/19/2017,445.44
10/20/2017,442.16
10/23/2017,442.3
10/24/2017,441.4
10/25/2017,441.64
10/26/2017,438.4
10/27/2017,439.16
10/30/2017,441.19
10/31/2017,438.71
11/1/2017,441.06
11/2/2017,441.33
11/3/2017,438.26
11/6/2017,442.54
11/7/2017,440.84
11/8/2017,443.86
11/9/2017,445.47
11/10/2017,441.17
11/13/2017,443.13
11/14/2017,444.51
11/15/2017,442.71
11/16/2017,442.89
11/17/2017,449.21
11/20/2017,441.89
11/21/2017,444.13
11/22/2017,447.79
11/24/2017,446.06
11/27/2017,448.52
11/28/2017,448.62
11/29/2017,444.13
11/30/2017,440.85
12/1/2017,442.78
12/4/2017,441.19
12/5/2017,436.77
12/6/2017,437.19
12/7/2017,432.7
12/8/2017,431.08
12/11/2017,430.56
12/12/2017,428.76
12/13/2017,431.15
12/14/2017,434.08
12/15/2017,434.22
12/18/2017,436.98
12/19/2017,436.53
12/20/2017,438.4
12/21/2017,438.74
12/22/2017,441.57
12/26/2017,444.58
12/27/2017,445.93
12/28/2017,447.93
12/29/2017,452.11
1/2/2018,454.45
1/3/2018,455.28
1/4/2018,456.35
1/5/2018,456.6
1/8/2018,456.27
1/9/2018,454.29
1/10/2018,456.55
1/11/2018,457.99
1/12/2018,462.64
1/16/2018,463.4
1/17/2018,464.09
1/18/2018,459.94
1/19/2018,462.02
1/22/2018,461.64
1/23/2018,463.29
1/24/2018,470.1
1/25/2018,472.38
1/26/2018,468.65
1/29/2018,464.47
1/30/2018,462.71
1/31/2018,463.78
2/1/2018,465.44
2/2/2018,461.77
2/5/2018,461.5
2/6/2018,459.08
2/7/2018,453.94
2/8/2018,455.46
2/9/2018,454.32
2/12/2018,458.01
2/13/2018,459.39
2/14/2018,468.92
2/15/2018,467.99
2/16/2018,468.3
2/20/2018,459.67
2/21/2018,459.98
2/22/2018,460.19
2/23/2018,459.36
2/26/2018,460.22
2/27/2018,455.32
2/28/2018,455.08
3/1/2018,450.69
3/2/2018,456.98
3/5/2018,455.77
3/6/2018,461.05
3/7/2018,458.83
3/8/2018,457.2
3/9/2018,458.4
3/12/2018,457.71
3/13/2018,460.29
3/14/2018,459.74
3/15/2018,457.01
3/16/2018,455.11
3/19/2018,456.98
3/20/2018,454.97
3/21/2018,458.32
3/22/2018,460.36
3/23/2018,468.13
3/26/2018,469.92
3/27/2018,465.44
3/28/2018,459.25
3/29/2018,458.32
4/2/2018,465.09
4/3/2018,461.77
4/4/2018,462.78
4/5/2018,458.74
4/6/2018,461.36
4/9/2018,462.74
4/10/2018,464.74
4/11/2018,469.61
4/12/2018,463.36
4/13/2018,465.44
4/16/2018,466.4
4/17/2018,465.99
4/18/2018,467.37
4/19/2018,465.75
4/20/2018,462.12
4/23/2018,457.18
4/24/2018,460.29
4/25/2018,456.77
4/26/2018,455.08
4/27/2018,456.98
4/30/2018,455.52
5/1/2018,451.24
5/2/2018,450.83
5/3/2018,453.28
5/4/2018,453.97
5/7/2018,454.2
5/8/2018,454.5
5/9/2018,454.69
5/10/2018,458.34
5/11/2018,458.22
5/14/2018,457.29
5/15/2018,447.58
5/16/2018,448
5/17/2018,447.24
5/18/2018,447.82
5/21/2018,447.65
5/22/2018,448
5/23/2018,447.1
5/24/2018,452.28
5/25/2018,452
5/29/2018,450.31
5/30/2018,451.14
5/31/2018,450.52
6/1/2018,448.65
6/4/2018,447.96
6/5/2018,449.65
6/6/2018,449.38
6/7/2018,449.93
6/8/2018,449.83
6/11/2018,450
6/12/2018,448.69
6/13/2018,449.34
6/14/2018,451.76
6/15/2018,441.47
6/18/2018,442.02
6/19/2018,441.51
6/20/2018,440.09
6/21/2018,438.71
6/22/2018,438.78
6/25/2018,438.16
6/26/2018,435.05
6/27/2018,433.74
6/28/2018,431.98
6/29/2018,433.18
7/2/2018,428.76
7/3/2018,432.84
7/5/2018,434.67
7/6/2018,433.63
7/9/2018,435.74
7/10/2018,435.08
7/11/2018,432.02
7/12/2018,433.47
7/13/2018,432.29
7/16/2018,431.73
7/17/2018,427.42
7/18/2018,427.62
7/19/2018,426.1
7/20/2018,428.31
7/23/2018,426.24
7/24/2018,426.31
7/25/2018,428.52
7/26/2018,426.55
7/27/2018,425.66
7/30/2018,425.24
7/31/2018,425.97
8/1/2018,423.9
8/2/2018,421.31
8/3/2018,422.38
8/6/2018,420.48
8/7/2018,420.68
8/8/2018,421.62
8/9/2018,421.24
8/10/2018,420.93
8/13/2018,413.98
8/14/2018,414.61
8/15/2018,409.19
8/16/2018,408.84
8/17/2018,408.91
8/20/2018,412.5
8/21/2018,414.36
8/22/2018,415.5
8/23/2018,412.29
8/24/2018,418.96
8/27/2018,419.89
8/28/2018,419.34
8/29/2018,418.34
8/30/2018,416.09
8/31/2018,416.68
9/4/2018,414.05
9/5/2018,414.81
9/6/2018,415.85
9/7/2018,414.5
9/10/2018,414.3
9/11/2018,415.12
9/12/2018,418.13
9/13/2018,417.2
9/14/2018,414.74
9/17/2018,416.37
9/18/2018,415.37
9/19/2018,417.23
9/20/2018,418.27
9/21/2018,414.81
9/24/2018,415.88
9/25/2018,416.13
9/26/2018,414.05
9/27/2018,410.01
9/28/2018,413.05
10/1/2018,411.5
10/2/2018,416.78
10/3/2018,415.37
10/4/2018,414.92
10/5/2018,416.3
10/8/2018,410.43
10/9/2018,411.43
10/10/2018,412.09
10/11/2018,423.9
10/12/2018,421.96
10/15/2018,424.83
10/16/2018,425.07
10/17/2018,423.83
10/18/2018,424.76
10/19/2018,424.27
10/22/2018,422.86
10/23/2018,427.07
10/24/2018,425.1
10/25/2018,425.55
10/26/2018,426.73
10/29/2018,423.9
10/30/2018,423.1
10/31/2018,419.54
11/1/2018,427.69
11/2/2018,425.86
11/5/2018,425.52
11/6/2018,423.45
11/7/2018,424.7
11/8/2018,423.87
11/9/2018,418.58
11/12/2018,417.2
11/13/2018,416.89
11/14/2018,419.89
11/15/2018,421.65
11/16/2018,424.38
11/19/2018,425.1
11/20/2018,423.69
11/21/2018,426.04
11/23/2018,424.41
11/26/2018,424.27
11/27/2018,421.24
11/28/2018,424.65
11/29/2018,424.86
11/30/2018,423.34
12/3/2018,428.04
12/4/2018,430.46
12/5/2018,429.07
12/6/2018,429.42
12/7/2018,432.53
12/10/2018,431.42
12/11/2018,430.66
12/12/2018,431.63
12/13/2018,430.73
12/14/2018,428.66
12/17/2018,432.25
12/18/2018,432.87
12/19/2018,433.84
12/20/2018,437.81
12/21/2018,434.43
12/24/2018,439.16
12/26/2018,439.57
12/27/2018,442.37
12/28/2018,443.02
12/31/2018,442.44
1/2/2019,443.4
1/3/2019,447.1
1/4/2019,443.99
1/7/2019,445.41
1/8/2019,444.48
1/9/2019,447.03
1/10/2019,445.91
1/11/2019,447.09
1/14/2019,448.2
1/15/2019,447.13
1/16/2019,449
1/17/2019,448.45
1/18/2019,445.06
1/22/2019,445.27
1/23/2019,445.51
1/24/2019,444.03
1/25/2019,450.35
1/28/2019,452.11
1/29/2019,454.14
1/30/2019,454.25
1/31/2019,457.6
2/1/2019,456.53
2/4/2019,455.56
2/5/2019,455.52
2/6/2019,453.87
2/7/2019,453.8
2/8/2019,455.28
2/11/2019,453
2/12/2019,453.73
2/13/2019,454.11
2/14/2019,453.69
2/15/2019,456.53
2/19/2019,464.36
2/20/2019,465.44
2/21/2019,458.49
2/22/2019,460.22
2/25/2019,459.08
2/26/2019,458.74
2/27/2019,456.22
2/28/2019,454.45
3/1/2019,448.62
3/4/2019,444.58
3/5/2019,443.61
3/6/2019,444.61
3/7/2019,444.56
3/8/2019,449.58
3/11/2019,447.17
3/12/2019,450.01
3/13/2019,454.35
3/14/2019,449.38
3/15/2019,451.97
3/18/2019,451.55
3/19/2019,453.28
3/20/2019,451.59
3/21/2019,453.59
3/22/2019,455.35
3/25/2019,458.91
3/26/2019,456.28
3/27/2019,454.73
3/28/2019,447.27
3/29/2019,448.38
4/1/2019,446.89
4/2/2019,447.31
4/3/2019,447.27
4/4/2019,446.93
4/5/2019,447.38
4/8/2019,449.55
4/9/2019,451.76
4/10/2019,453.69
4/11/2019,446.58
4/12/2019,447.24
4/15/2019,445.89
4/16/2019,441.02
4/17/2019,440.88
4/18/2019,440.61
4/22/2019,441.16
4/23/2019,439.64
4/24/2019,441.78
4/25/2019,441.89
4/26/2019,445.03
4/29/2019,442.51
4/30/2019,443.96
5/1/2019,443.44
5/2/2019,439.23
5/3/2019,442.44
5/6/2019,443.3
5/7/2019,444.34
5/8/2019,443.3
5/9/2019,445.03
5/10/2019,446.17
5/13/2019,451.55
5/14/2019,449.62
5/15/2019,450.17
5/16/2019,446.13
5/17/2019,442.47
5/20/2019,442.99
5/21/2019,441.57
5/22/2019,441.82
5/23/2019,445.79
5/24/2019,445.17
5/28/2019,442.85
5/29/2019,444.16
5/30/2019,446.27
5/31/2019,452.73
6/3/2019,458.53
6/4/2019,458.81
6/5/2019,460.5
6/6/2019,463.64
6/7/2019,464.81
6/10/2019,459.01
6/11/2019,459.67
6/12/2019,461.6
6/13/2019,463.98
6/14/2019,464.26
6/17/2019,463.71
6/18/2019,466.4
6/19/2019,465.75
6/20/2019,482.35
6/21/2019,483.46
6/24/2019,489.71
6/25/2019,489.88
6/26/2019,488.74
6/27/2019,487.57
6/28/2019,488.16
7/1/2019,479.73
7/2/2019,486.19
7/3/2019,490.64
7/5/2019,483.46
7/8/2019,484.27
7/9/2019,485.3
7/10/2019,490.31
7/11/2019,489.22
7/12/2019,491.99
7/15/2019,492.44
7/16/2019,491.57
7/17/2019,495.82
7/18/2019,497.51
7/19/2019,497.03
7/22/2019,497.13
7/23/2019,495.34
7/24/2019,496.03
7/25/2019,492.92
7/26/2019,494.54
7/29/2019,494.92
7/30/2019,497.86
7/31/2019,496.48
8/1/2019,494.61
8/2/2019,503.28
8/5/2019,509.84
8/6/2019,512.5
8/7/2019,524.72
8/8/2019,521.24
8/9/2019,520.89
8/12/2019,523.9
8/13/2019,522.82
8/14/2019,527.56
8/15/2019,528.73
8/16/2019,526.1
8/19/2019,521.96
8/20/2019,523.38
8/21/2019,523.38
8/22/2019,520.89
8/23/2019,530.94
8/26/2019,530.8
8/27/2019,535.84
8/28/2019,534.91
8/29/2019,530.7
8/30/2019,528.11
9/3/2019,537.26
9/4/2019,538.81
9/5/2019,526.76
9/6/2019,523.31
9/9/2019,521.79
9/10/2019,517.68
9/11/2019,519.06
9/12/2019,520.51
9/13/2019,517.78
9/16/2019,521.93
9/17/2019,522.58
9/18/2019,523.41
9/19/2019,520.1
9/20/2019,523.17
9/23/2019,528.83
9/24/2019,531.84
9/25/2019,522.2
9/26/2019,523.2
9/27/2019,520.17
9/30/2019,508.6
10/1/2019,514.16
10/2/2019,520.68
10/3/2019,522.72
10/4/2019,522.41
10/7/2019,519.48
10/8/2019,519.3
10/9/2019,522.38
10/10/2019,518.27
10/11/2019,514.05
10/14/2019,517.13
10/15/2019,512.26
10/16/2019,515.88
10/17/2019,517.37
10/18/2019,515.92
10/21/2019,513.85
10/22/2019,513.64
10/23/2019,516.47
10/24/2019,519.58
10/25/2019,519.79
10/28/2019,516.51
10/29/2019,514.74
10/30/2019,516.82
10/31/2019,523.07
11/1/2019,521.89
11/4/2019,521.79
11/5/2019,512.33
11/6/2019,515.57
11/7/2019,506.83
11/8/2019,506.1
11/11/2019,504.59
11/12/2019,503.87
11/13/2019,507.67
11/14/2019,511.12
11/15/2019,509.46
11/18/2019,510.64
11/19/2019,511.46
11/20/2019,511.4
11/21/2019,507.77
11/22/2019,507.77
11/25/2019,505.46
11/26/2019,506.7
11/27/2019,504.42
11/29/2019,508.53
12/2/2019,507.32
12/3/2019,512.57
12/4/2019,511.12
12/5/2019,512.12
12/6/2019,505.9
12/9/2019,505.84
12/10/2019,506.94
12/11/2019,509.32
12/12/2019,508.39
12/13/2019,511.46
12/16/2019,511.22
12/17/2019,511.26
12/18/2019,510.6
12/19/2019,512.57
12/20/2019,511.36
12/23/2019,514.05
12/24/2019,519.61
12/26/2019,522.93
12/27/2019,524.21
12/30/2019,524.38
12/31/2019,525.93
1/2/2020,527.66
1/3/2020,536.05
1/6/2020,541.71
1/7/2020,543.61
1/8/2020,539.18
1/9/2020,537.58
1/10/2020,540.01
1/13/2020,537.2
1/14/2020,535.53
1/15/2020,538.71
1/16/2020,537.47
1/17/2020,540.92
1/21/2020,540.09
1/22/2020,539.68
1/23/2020,542.68
1/24/2020,544.96
1/27/2020,546.86
1/28/2020,544.13
1/29/2020,544.2
1/30/2020,548.76
1/31/2020,548.31
2/3/2020,546.41
2/4/2020,537.12
2/5/2020,539.64
2/6/2020,542.13
2/7/2020,543.3
2/10/2020,545.41
2/11/2020,542.16
2/12/2020,542.68
2/13/2020,545.17
2/14/2020,547.79
2/18/2020,553.73
2/19/2020,556.56
2/20/2020,559.56
2/21/2020,569.34
2/24/2020,578.94
2/25/2020,569.75
2/26/2020,567.37
2/27/2020,567.16
2/28/2020,540.99
3/2/2020,550.69
3/3/2020,567.82
3/4/2020,567.33
3/5/2020,575.97
3/6/2020,577.74
3/9/2020,579.03
3/10/2020,573.93
3/11/2020,567.95
3/12/2020,550.14
3/13/2020,524.69
3/16/2020,514.02
3/17/2020,527.66
3/18/2020,511.26
3/19/2020,511.84
3/20/2020,513.85
3/23/2020,543.06
3/24/2020,574.34
3/25/2020,564.33
3/26/2020,573.31
3/27/2020,571.17
3/30/2020,567.4
3/31/2020,551.31
4/1/2020,549.52
4/2/2020,565.5
4/3/2020,568.27
4/6/2020,584.91
4/7/2020,581.39
4/8/2020,581.6
4/9/2020,605.25
4/13/2020,608.22
4/14/2020,610.81
4/15/2020,600.9
4/16/2020,597.96
4/17/2020,586.6
4/20/2020,590.88
4/21/2020,582.8
4/22/2020,600.24
4/23/2020,602.69
4/24/2020,599.31
4/27/2020,595.23
4/28/2020,594.68
4/29/2020,591.64
4/30/2020,585.01
5/1/2020,587.33
5/4/2020,591.61
5/5/2020,590.68
5/6/2020,583.05
5/7/2020,596.61
5/8/2020,593.57
5/11/2020,589.08
5/12/2020,592.27
5/13/2020,596.31
5/14/2020,605.01
5/15/2020,610.5
5/18/2020,603.14
5/19/2020,607.01
5/20/2020,609.67
5/21/2020,599.76
5/22/2020,605.49
5/26/2020,596.75
5/27/2020,596.27
5/28/2020,596.79
5/29/2020,604.87
6/1/2020,604.39
6/2/2020,598.76
6/3/2020,588.67
6/4/2020,596.48
6/5/2020,581.15
6/8/2020,588.78
6/9/2020,594.58
6/10/2020,594.16
6/11/2020,600.76
6/12/2020,599.9
6/15/2020,596.41
6/16/2020,599.62
6/17/2020,599.31
6/18/2020,597.76
6/19/2020,605.32
6/22/2020,609.94
6/23/2020,615.33
6/24/2020,612.95
6/25/2020,611.4
6/26/2020,614.74
6/29/2020,615.06
6/30/2020,621.72
7/1/2020,614.61
7/2/2020,618.09
7/6/2020,619.3
7/7/2020,624.97
7/8/2020,630.73
7/9/2020,626.96
7/10/2020,628.29
7/13/2020,634.59
7/14/2020,635.88
7/15/2020,635.91
7/16/2020,630.7
7/17/2020,633.18
7/20/2020,635.39
7/21/2020,645.58
7/22/2020,653.52
7/23/2020,662.09
7/24/2020,664.78
7/27/2020,675.21
7/28/2020,678.14
7/29/2020,682.56
7/30/2020,679.14
7/31/2020,685.74
8/3/2020,685.88
8/4/2020,697.86
8/5/2020,707.63
8/6/2020,714.57
8/7/2020,700.28
8/10/2020,704.32
8/11/2020,672.06
8/12/2020,673
8/13/2020,680.39
8/14/2020,673.27
8/17/2020,690.16
8/18/2020,695.13
8/19/2020,680.35
8/20/2020,672.13
8/21/2020,672.31
8/24/2020,669.61
8/25/2020,664.05
8/26/2020,674.21
8/27/2020,667.33
8/28/2020,681.94
8/31/2020,683.22
9/1/2020,683.32
9/2/2020,671.51
9/3/2020,669.13
9/4/2020,667.92
9/8/2020,670.99
9/9/2020,675.03
9/10/2020,678.28
9/11/2020,672.62
9/14/2020,678.07
9/15/2020,678.94
9/16/2020,680.42
9/17/2020,673.31
9/18/2020,677.52
9/21/2020,659.74
9/22/2020,658.7
9/23/2020,645.17
9/24/2020,648.1
9/25/2020,644.44
9/28/2020,649.97
9/29/2020,657.18
9/30/2020,654.52
10/1/2020,661.71
10/2/2020,658.7
10/5/2020,663.02
10/6/2020,659.12
10/7/2020,652.9
10/8/2020,654.39
10/9/2020,665.12
10/12/2020,666.06
10/13/2020,654.21
10/14/2020,658.6
10/15/2020,659.15
10/16/2020,658.29
10/19/2020,660.12
10/20/2020,661.4
10/21/2020,666.26
10/22/2020,657.67
10/23/2020,657.87
10/26/2020,658.05
10/27/2020,660.19
10/28/2020,648.9
10/29/2020,645.03
10/30/2020,649.14
11/2/2020,653.49
11/3/2020,659.67
11/4/2020,654.77
11/5/2020,672.24
11/6/2020,674.44
11/9/2020,641.19
11/10/2020,649.3
11/11/2020,644.61
11/12/2020,649.24
11/13/2020,653.66
11/16/2020,654.04
11/17/2020,653.07
11/18/2020,648.9
11/19/2020,644.65
11/20/2020,648.55
11/23/2020,636.77
11/24/2020,625.31
11/25/2020,625.41
11/27/2020,617.44
11/30/2020,614.95
12/1/2020,628.07
12/2/2020,631.98
12/3/2020,635.74
12/4/2020,635.36
12/7/2020,644.34
12/8/2020,647.41
12/9/2020,634.84
12/10/2020,634.46
12/11/2020,636.6
12/14/2020,632.63
12/15/2020,640.64
12/16/2020,641.95
12/17/2020,652.76
12/18/2020,652.24
12/21/2020,650.14
12/22/2020,645.82
12/23/2020,648.52
12/24/2020,650.28
12/28/2020,649.31
12/29/2020,650.17
12/30/2020,653.8
12/31/2020,654.39
1/4/2021,672.17
1/5/2021,674.86
1/6/2021,659.05
1/7/2021,660.77
1/8/2021,634.07
1/11/2021,639.65
1/12/2021,637.64
1/13/2021,641.58
1/14/2021,640.68
1/15/2021,633.18
1/19/2021,636.74
1/20/2021,645.79
1/21/2021,645.48
1/22/2021,642.23
1/25/2021,641.92
1/26/2021,640.47
1/27/2021,638.43
1/28/2021,635.77
1/29/2021,638.92
2/1/2021,643.61
2/2/2021,633.08
2/3/2021,633.67
2/4/2021,618.51
2/5/2021,626.04
2/8/2021,633.36
2/9/2021,634.5
2/10/2021,636.29
2/11/2021,630.8
2/12/2021,629.56
2/16/2021,621.2
2/17/2021,612.15
2/18/2021,612.91
2/19/2021,613.74
2/22/2021,624.45
2/23/2021,623.58
2/24/2021,620.82
2/25/2021,613.05
2/26/2021,596.96
3/1/2021,594.96
3/2/2021,598.62
3/3/2021,592.47
3/4/2021,587.26
3/5/2021,586.71
3/8/2021,579.81
3/9/2021,593.43
3/10/2021,595.29
3/11/2021,595.72
3/12/2021,594.75
3/15/2021,598
3/16/2021,598.48
3/17/2021,597.1
3/18/2021,598.96
3/19/2021,602.18
3/22/2021,600.97
3/23/2021,596.51
3/24/2021,599.27
3/25/2021,596.44
3/26/2021,599
3/29/2021,592.06
3/30/2021,582.18
3/31/2021,592.4
4/1/2021,596.82
4/5/2021,596.96
4/6/2021,601.86
4/7/2021,601.38
4/8/2021,607.11
4/9/2021,602.49
4/12/2021,598.31
4/13/2021,603.45
4/14/2021,599.55
4/15/2021,610.08
4/16/2021,614.71
4/19/2021,611.4
4/20/2021,614.09
4/21/2021,619.16
4/22/2021,615.33
4/23/2021,613.88
4/26/2021,614.68
4/27/2021,614.23
4/28/2021,612.53
4/29/2021,610.6
4/30/2021,610.39
5/3/2021,618.72
5/4/2021,613.26
5/5/2021,616.13
5/6/2021,626.97
5/7/2021,632.51
5/10/2021,634.83
5/11/2021,634.43
5/12/2021,629.97
5/13/2021,630.56
5/14/2021,635.36
5/17/2021,645.58
5/18/2021,645.75
5/19/2021,650.35
5/20/2021,650.52
5/21/2021,648.79
5/24/2021,651.48
5/25/2021,656.25
5/26/2021,657.39
5/27/2021,655.56
5/28/2021,657.91
6/1/2021,657.8
6/2/2021,659.5
6/3/2021,646.86
6/4/2021,653.31
6/7/2021,655.66
6/8/2021,654.14
6/9/2021,654.52
6/10/2021,654.83
6/11/2021,649.03
6/14/2021,644.3
6/15/2021,641.02
6/16/2021,642.75
6/17/2021,612.85
6/18/2021,610.84
6/21/2021,615.64
6/22/2021,613.74
6/23/2021,615.81
6/24/2021,613.5
6/25/2021,613.88
6/28/2021,614.88
6/29/2021,608.98
6/30/2021,611.74
7/1/2021,613.54
7/2/2021,615.78
7/6/2021,619.54
7/7/2021,622.27
7/8/2021,621.89
7/9/2021,625.76
7/12/2021,624.41
7/13/2021,626.1
7/14/2021,631.6
7/15/2021,632.98
7/16/2021,628.14
7/19/2021,626.1
7/20/2021,626.8
7/21/2021,624.1
7/22/2021,624.72
7/23/2021,623.58
7/26/2021,622.72
7/27/2021,622.93
7/28/2021,623.14
7/29/2021,633.91
7/30/2021,627.49
8/2/2021,629.21
8/3/2021,626.42
8/4/2021,626.55
8/5/2021,624.62
8/6/2021,608.81
8/9/2021,596.17
8/10/2021,597.96
8/11/2021,605.42
8/12/2021,604.9
8/13/2021,614.02
8/16/2021,618.02
8/17/2021,617.33
8/18/2021,616.16
8/19/2021,615.71
8/20/2021,616.02
8/23/2021,623.72
8/24/2021,624.48
8/25/2021,618.44
8/26/2021,619.89
8/27/2021,628.28
8/30/2021,625.76
8/31/2021,627.8
9/1/2021,627.07
9/2/2021,625.52
9/3/2021,633.18
9/7/2021,621.03
9/8/2021,619.3
9/9/2021,621.55
9/10/2021,618.82
9/13/2021,619.61
9/14/2021,624
9/15/2021,619.75
9/16/2021,606.6
9/17/2021,604.77
9/20/2021,609.05
9/21/2021,614.02
9/22/2021,614.23
9/23/2021,604.21
9/24/2021,604.87
9/27/2021,604.97
9/28/2021,599.97
9/29/2021,594.92
9/30/2021,606.7
10/1/2021,607.18
10/4/2021,610.36
10/5/2021,608.05
10/6/2021,608.36
10/7/2021,607.46
10/8/2021,606.84
10/11/2021,606.25
10/12/2021,607.49
10/13/2021,619.72
10/14/2021,620.82
10/15/2021,610.6
10/18/2021,609.7
10/19/2021,611.36
10/20/2021,616.33
10/21/2021,615.3
10/22/2021,620.27
10/25/2021,623.9
10/26/2021,619.27
10/27/2021,621.13
10/28/2021,622.44
10/29/2021,615.99
11/1/2021,620.1
11/2/2021,617.89
11/3/2021,609.08
11/4/2021,619.3
11/5/2021,627.5
11/8/2021,631.52
11/9/2021,632.62
11/10/2021,638.86
11/11/2021,644.44
11/12/2021,645.99
11/15/2021,645.44
11/16/2021,641.13
11/17/2021,646.69
11/18/2021,643.65
11/19/2021,640.3
11/22/2021,624.69
11/23/2021,616.82
11/24/2021,617.02
11/26/2021,617.44
11/29/2021,616.44
11/30/2021,613.43
12/1/2021,616.13
12/2/2021,608.67
12/3/2021,615.99
12/6/2021,614.47
12/7/2021,616.26
12/8/2021,616.54
12/9/2021,613.5
12/10/2021,616.3
12/13/2021,617.51
12/14/2021,611.98
12/15/2021,609.29
12/16/2021,620.93
12/17/2021,623.24
12/20/2021,619.68
12/21/2021,617.65
12/22/2021,622.31
12/23/2021,625.59
12/27/2021,624.59
12/28/2021,625.31
12/29/2021,623.55
12/30/2021,626.42
12/31/2021,631.42
1/3/2022,621.58
1/4/2022,626.59
1/5/2022,630.21
1/6/2022,617.82
1/7/2022,620.82
1/10/2022,621.48
1/11/2022,628.45
1/12/2022,631.66
1/13/2022,629.8
1/14/2022,628.11
1/18/2022,626.69
1/19/2022,637.26
1/20/2022,637.05
1/21/2022,633.32
1/24/2022,636.81
1/25/2022,640.54
1/26/2022,632.6
1/27/2022,619.82
1/28/2022,616.92
1/31/2022,620.3
2/1/2022,622.06
2/2/2022,625.1
2/3/2022,622.96
2/4/2022,624.24
2/7/2022,629.07
2/8/2022,631.18
2/9/2022,634.19
2/10/2022,634.46
2/11/2022,636.08
2/14/2022,645.51
2/15/2022,640.95
2/16/2022,646.24
2/17/2022,656.77
2/18/2022,656.01
2/22/2022,658.63
2/23/2022,659.67
2/24/2022,665.16
2/25/2022,651.8
2/28/2022,656.32
3/1/2022,671.2
3/2/2022,663.78
3/3/2022,668.47
3/4/2022,679.07
3/7/2022,689.42
3/8/2022,706.03
3/9/2022,687.26
3/10/2022,691.88
3/11/2022,686.95
3/14/2022,678.69
3/15/2022,668.06
3/16/2022,661.02
3/17/2022,672.72
3/18/2022,667.78
3/21/2022,668.09
3/22/2022,665.3
3/23/2022,670.79
3/24/2022,679.45
3/25/2022,676.73
3/28/2022,671.51
3/29/2022,662.29
3/30/2022,669.54
3/31/2022,674.72
4/1/2022,664.26
4/4/2022,667.82
4/5/2022,665.57
4/6/2022,664.05
4/7/2022,669.13
4/8/2022,671.82
4/11/2022,672.72
4/12/2022,682.35
4/13/2022,685.32
4/14/2022,681.94
4/18/2022,685.91
4/19/2022,676.45
4/20/2022,675.28
4/21/2022,672.72
4/22/2022,667.92
4/25/2022,654.7
4/26/2022,657.49
4/27/2022,652.18
4/28/2022,653.07
4/29/2022,660.12
5/2/2022,643.51
5/3/2022,645.93
5/4/2022,645.3
5/5/2022,647.69
5/6/2022,650.65
5/9/2022,642.79
5/10/2022,637.24
5/11/2022,642.11
5/12/2022,632.46
5/13/2022,626.66
5/16/2022,628.59
5/17/2022,630.32
5/18/2022,629.28
5/19/2022,638.05
5/20/2022,638.26
5/23/2022,640.16
5/24/2022,646.2
5/25/2022,639.68
5/26/2022,640.16
5/27/2022,641.33
5/31/2022,638.26
6/1/2022,638.36
6/2/2022,646.2
6/3/2022,638.88
6/6/2022,636.64
6/7/2022,639.54
6/8/2022,641.06
6/9/2022,639.78
6/10/2022,647.62
6/13/2022,632.53
6/14/2022,626.21
6/15/2022,628.31
6/16/2022,638.78
6/17/2022,635.57
6/21/2022,634.94
6/22/2022,634.81
6/23/2022,631.84
6/24/2022,632.01
6/27/2022,630.11
6/28/2022,628.87
6/29/2022,627.59
6/30/2022,624.07
7/1/2022,622.06
7/5/2022,609.08
7/6/2022,599.62
7/7/2022,600.73
7/8/2022,602.96
7/11/2022,600.64
7/12/2022,599.62
7/13/2022,604.66
7/14/2022,595.79
7/15/2022,594.68
7/18/2022,596.75
7/19/2022,596.72
7/20/2022,593.13
7/21/2022,597.82
7/22/2022,602.66
7/25/2022,599.83
7/26/2022,599.34
7/27/2022,599.97
7/28/2022,610.91
7/29/2022,615.26
8/1/2022,617.3
8/2/2022,617.99
8/3/2022,613.4
8/4/2022,623.93
8/5/2022,618.51
8/8/2022,623.34
8/9/2022,625.79
8/10/2022,626.28
8/11/2022,624.03
8/12/2022,626.9
8/15/2022,620.89
8/16/2022,617.99
8/17/2022,613.5
8/18/2022,611.6
8/19/2022,608.74
8/22/2022,603.73
8/23/2022,608.15
8/24/2022,608.25
8/25/2022,611.67
8/26/2022,604.21
8/29/2022,604.18
8/30/2022,599.55
8/31/2022,596.06
9/1/2022,590.23
9/2/2022,594.82
9/6/2022,591.47
9/7/2022,596.62
9/8/2022,593.99
9/9/2022,596.89
9/12/2022,601.04
9/13/2022,593.02
9/14/2022,590.16
9/15/2022,579.18
9/16/2022,581.32
9/19/2022,579.49
9/20/2022,577.04
9/21/2022,578.63
9/22/2022,580.49
9/23/2022,571.69
9/26/2022,564.02
9/27/2022,564.99
9/28/2022,576.66
9/29/2022,576.17
9/30/2022,577.35
10/3/2022,587.71
10/4/2022,597.55
10/5/2022,594.2
10/6/2022,594.2
10/7/2022,590.23
10/10/2022,578.45
10/11/2022,582.18
10/12/2022,579.25
10/13/2022,579.07
10/14/2022,569.37
10/17/2022,574.59
10/18/2022,571.75
10/19/2022,564.3
10/20/2022,565.19
10/21/2022,571.93
10/24/2022,571.17
10/25/2022,572.51
10/26/2022,576.38
10/27/2022,575.14
10/28/2022,567.96
10/31/2022,566.54
11/1/2022,569.65
11/2/2022,569.75
11/3/2022,563.16
11/4/2022,578.94
11/7/2022,581.25
11/8/2022,594.48
11/9/2022,594.67
11/10/2022,609.45
11/11/2022,615.85
11/14/2022,618.37
11/15/2022,618.65
11/16/2022,618.44
11/17/2022,613.88
11/18/2022,610.84
11/21/2022,605.87
11/22/2022,605.94
11/23/2022,607.87
11/25/2022,610.77
11/28/2022,606.11
11/29/2022,609.01
11/30/2022,607.7
12/1/2022,626.8
12/2/2022,624.86