Effective date ,Dow Jones Commodity Index Lean Hogs
11/30/2012,200.4
12/3/2012,197.52
12/4/2012,197.18
12/5/2012,197.46
12/6/2012,194.7
12/7/2012,192.45
12/10/2012,193.49
12/11/2012,194.01
12/12/2012,197.46
12/13/2012,198.04
12/14/2012,196.89
12/17/2012,195.39
12/18/2012,196.6
12/19/2012,199.6
12/20/2012,199.31
12/21/2012,200.35
12/24/2012,201.84
12/26/2012,201.61
12/27/2012,200.63
12/28/2012,199.14
12/31/2012,197.64
1/2/2013,198.67
1/3/2013,199.19
1/4/2013,198.79
1/7/2013,198.96
1/8/2013,200.74
1/9/2013,197
1/10/2013,198.5
1/11/2013,199.52
1/14/2013,202.54
1/15/2013,201.96
1/16/2013,201.56
1/17/2013,203.05
1/18/2013,203.05
1/22/2013,203.52
1/23/2013,202.88
1/24/2013,206.74
1/25/2013,205.01
1/28/2013,205.3
1/29/2013,206.63
1/30/2013,205.76
1/31/2013,205.99
2/1/2013,204.61
2/4/2013,203.69
2/5/2013,202.19
2/6/2013,198.85
2/7/2013,199.48
2/8/2013,198.56
2/11/2013,199.14
2/12/2013,198.27
2/13/2013,197.81
2/14/2013,194.41
2/15/2013,194.24
2/19/2013,191.47
2/20/2013,191.24
2/21/2013,189.91
2/22/2013,188.24
2/25/2013,188.82
2/26/2013,188.07
2/27/2013,186.74
2/28/2013,186.74
3/1/2013,187.03
3/4/2013,185.13
3/5/2013,182.71
3/6/2013,182.71
3/7/2013,193.3
3/8/2013,198.03
3/11/2013,200.51
3/12/2013,205.49
3/13/2013,207.67
3/14/2013,208.7
3/15/2013,205.94
3/18/2013,205.07
3/19/2013,203.52
3/20/2013,204.03
3/21/2013,206.46
3/22/2013,206.86
3/25/2013,209.28
3/26/2013,209.97
3/27/2013,209.05
3/28/2013,209.97
4/1/2013,211.12
4/2/2013,211.76
4/3/2013,213.2
4/4/2013,212.16
4/5/2013,206.8
4/8/2013,208.76
4/9/2013,207.15
4/10/2013,206.34
4/11/2013,206.22
4/12/2013,207.26
4/15/2013,204.27
4/16/2013,205.24
4/17/2013,208.3
4/18/2013,208.88
4/19/2013,207.95
4/22/2013,206.22
4/23/2013,206.51
4/24/2013,209.8
4/25/2013,211.7
4/26/2013,213.31
4/29/2013,212.45
4/30/2013,213.43
5/1/2013,214.29
5/2/2013,214.01
5/3/2013,212.51
5/6/2013,210.55
5/7/2013,210.52
5/8/2013,211.7
5/9/2013,209.72
5/10/2013,209.38
5/13/2013,209.86
5/14/2013,213.03
5/15/2013,211.76
5/16/2013,213.37
5/17/2013,209.74
5/20/2013,211.01
5/21/2013,211.53
5/22/2013,215.39
5/23/2013,214.47
5/24/2013,215.1
5/28/2013,215.22
5/29/2013,214.41
5/30/2013,215.5
5/31/2013,216.37
6/3/2013,215.68
6/4/2013,218.44
6/5/2013,218.04
6/6/2013,220.92
6/7/2013,221.31
6/10/2013,223.91
6/11/2013,225.06
6/12/2013,225.74
6/13/2013,224.32
6/14/2013,223.05
6/17/2013,222.82
6/18/2013,224.32
6/19/2013,226.8
6/20/2013,226.57
6/21/2013,224.67
6/24/2013,225.99
6/25/2013,225.24
6/26/2013,225.13
6/27/2013,229.16
6/28/2013,224.67
7/1/2013,223.63
7/2/2013,222.77
7/3/2013,223.29
7/5/2013,225.36
7/8/2013,214.74
7/9/2013,208.98
7/10/2013,205.28
7/11/2013,199.32
7/12/2013,194.12
7/15/2013,195.27
7/16/2013,196.77
7/17/2013,196.6
7/18/2013,197.41
7/19/2013,195.91
7/22/2013,196.6
7/23/2013,199.02
7/24/2013,199.71
7/25/2013,198.21
7/26/2013,195.5
7/29/2013,194.81
7/30/2013,191.82
7/31/2013,192.1
8/1/2013,193.43
8/2/2013,193.54
8/5/2013,197.12
8/6/2013,199.31
8/7/2013,195.79
8/8/2013,196.54
8/9/2013,195.91
8/12/2013,198.73
8/13/2013,199.48
8/14/2013,203.23
8/15/2013,201.27
8/16/2013,199.94
8/19/2013,199.37
8/20/2013,200.46
8/21/2013,197.87
8/22/2013,194.58
8/23/2013,196.2
8/26/2013,198.33
8/27/2013,199.6
8/28/2013,198.39
8/29/2013,201.33
8/30/2013,202.02
9/3/2013,202.88
9/4/2013,205.48
9/5/2013,206.11
9/6/2013,209.57
9/9/2013,208.01
9/10/2013,206.41
9/11/2013,203.97
9/12/2013,202.56
9/13/2013,201.15
9/16/2013,203.98
9/17/2013,201.79
9/18/2013,202.77
9/19/2013,201.27
9/20/2013,198.44
9/23/2013,199.25
9/24/2013,203.05
9/25/2013,204.27
9/26/2013,202.25
9/27/2013,203.17
9/30/2013,199.71
10/1/2013,198.04
10/2/2013,198.67
10/3/2013,200.06
10/4/2013,202.02
10/7/2013,202.59
10/8/2013,203.34
10/9/2013,199.48
10/10/2013,199.77
10/11/2013,199.42
10/14/2013,199.08
10/15/2013,202.42
10/16/2013,204.73
10/17/2013,203.92
10/18/2013,202.77
10/21/2013,201.67
10/22/2013,204.21
10/23/2013,203.23
10/24/2013,206.57
10/25/2013,208.47
10/28/2013,211.99
10/29/2013,210.61
10/30/2013,208.41
10/31/2013,205.59
11/1/2013,203.69
11/4/2013,203.63
11/5/2013,203.46
11/6/2013,201.38
11/7/2013,203.62
11/8/2013,206.81
11/11/2013,208.77
11/12/2013,208.69
11/13/2013,209.28
11/14/2013,207.03
11/15/2013,208.13
11/18/2013,207.26
11/19/2013,207.26
11/20/2013,209.63
11/21/2013,208.82
11/22/2013,206.74
11/25/2013,207.03
11/26/2013,208.41
11/27/2013,208.59
11/29/2013,208.82
12/2/2013,208.53
12/3/2013,205.13
12/4/2013,205.19
12/5/2013,204.44
12/6/2013,205.19
12/9/2013,207.15
12/10/2013,204.55
12/11/2013,202.36
12/12/2013,202.88
12/13/2013,200.98
12/16/2013,199.71
12/17/2013,197.46
12/18/2013,199.08
12/19/2013,199.14
12/20/2013,198.85
12/23/2013,198.73
12/24/2013,197.98
12/26/2013,196.66
12/27/2013,197.46
12/30/2013,195.91
12/31/2013,196.95
1/2/2014,200.75
1/3/2014,199.83
1/6/2014,199.71
1/7/2014,197.18
1/8/2014,199.84
1/9/2014,201.59
1/10/2014,205.03
1/13/2014,206.05
1/14/2014,209.05
1/15/2014,211.07
1/16/2014,212.68
1/17/2014,211.87
1/21/2014,212.97
1/22/2014,214.35
1/23/2014,214.29
1/24/2014,216.77
1/27/2014,217.41
1/28/2014,215.73
1/29/2014,216.25
1/30/2014,215.85
1/31/2014,218.56
2/3/2014,214.06
2/4/2014,214.7
2/5/2014,219.02
2/6/2014,217.18
2/7/2014,218.39
2/10/2014,218.44
2/11/2014,217.12
2/12/2014,217.58
2/13/2014,218.85
2/14/2014,221.73
2/18/2014,224.5
2/19/2014,224.09
2/20/2014,225.53
2/21/2014,229.05
2/24/2014,228.82
2/25/2014,231.87
2/26/2014,232.91
2/27/2014,239.42
2/28/2014,246.34
3/3/2014,250.55
3/4/2014,257.46
3/5/2014,255.27
3/6/2014,259.14
3/7/2014,263.98
3/10/2014,270.89
3/11/2014,280.83
3/12/2014,284.6
3/13/2014,290.18
3/14/2014,294.76
3/17/2014,301.5
3/18/2014,306.63
3/19/2014,304.9
3/20/2014,301.56
3/21/2014,300.46
3/24/2014,295.56
3/25/2014,288.65
3/26/2014,291.18
3/27/2014,298.1
3/28/2014,298.73
3/31/2014,293.2
4/1/2014,294.18
4/2/2014,287.72
4/3/2014,284.84
4/4/2014,277.93
4/7/2014,280.52
4/8/2014,273.78
4/9/2014,280.69
4/10/2014,279.31
4/11/2014,279.48
4/14/2014,282.77
4/15/2014,282.48
4/16/2014,285.36
4/17/2014,287.78
4/21/2014,282.07
4/22/2014,284.15
4/23/2014,291.07
4/24/2014,289.45
4/25/2014,287.09
4/28/2014,286.4
4/29/2014,288.82
4/30/2014,283.86
5/1/2014,283.11
5/2/2014,281.79
5/5/2014,282.07
5/6/2014,284.09
5/7/2014,280.22
5/8/2014,280.02
5/9/2014,283.11
5/12/2014,285.69
5/13/2014,289.11
5/14/2014,292.56
5/15/2014,288.99
5/16/2014,288.76
5/19/2014,289.74
5/20/2014,288.59
5/21/2014,292.39
5/22/2014,288.93
5/23/2014,285.24
5/27/2014,284.55
5/28/2014,279.6
5/29/2014,278.04
5/30/2014,277.75
6/2/2014,279.08
6/3/2014,281.96
6/4/2014,280.12
6/5/2014,281.67
6/6/2014,290.12
6/9/2014,294.2
6/10/2014,294.89
6/11/2014,297.33
6/12/2014,301.56
6/13/2014,302.65
6/16/2014,295.73
6/17/2014,295.22
6/18/2014,293.43
6/19/2014,299.14
6/20/2014,297.75
6/23/2014,297.35
6/24/2014,302.19
6/25/2014,296.6
6/26/2014,296.95
6/27/2014,299.31
6/30/2014,306.22
7/1/2014,300.69
7/2/2014,300.52
7/3/2014,303.4
7/7/2014,303.92
7/8/2014,293.12
7/9/2014,285.69
7/10/2014,274.24
7/11/2014,269.22
7/14/2014,266.8
7/15/2014,267.32
7/16/2014,265.3
7/17/2014,262.19
7/18/2014,261.79
7/21/2014,259.83
7/22/2014,261.56
7/23/2014,254.64
7/24/2014,248.76
7/25/2014,247.32
7/28/2014,245.82
7/29/2014,244.55
7/30/2014,239.08
7/31/2014,237.87
8/1/2014,237.06
8/4/2014,238.9
8/5/2014,234.41
8/6/2014,235.62
8/7/2014,231.12
8/8/2014,228.99
8/11/2014,230.95
8/12/2014,224.03
8/13/2014,224.55
8/14/2014,219.6
8/15/2014,218.9
8/18/2014,219.25
8/19/2014,218.62
8/20/2014,213.26
8/21/2014,215.85
8/22/2014,214.12
8/25/2014,215.45
8/26/2014,219.25
8/27/2014,221.15
8/28/2014,220.12
8/29/2014,226.22
9/2/2014,230.26
9/3/2014,233.08
9/4/2014,236.66
9/5/2014,243.52
9/8/2014,234.4
9/9/2014,236.92
9/10/2014,235.23
9/11/2014,228.32
9/12/2014,222.02
9/15/2014,220.98
9/16/2014,221.15
9/17/2014,216.48
9/18/2014,216.25
9/19/2014,218.67
9/22/2014,220.63
9/23/2014,219.6
9/24/2014,219.48
9/25/2014,215.79
9/26/2014,217.81
9/29/2014,218.67
9/30/2014,217.93
10/1/2014,218.73
10/2/2014,218.85
10/3/2014,214.47
10/6/2014,221.04
10/7/2014,217.52
10/8/2014,219.42
10/9/2014,220.46
10/10/2014,217.64
10/13/2014,218.16
10/14/2014,218.85
10/15/2014,211.93
10/16/2014,208.24
10/17/2014,208.82
10/20/2014,205.53
10/21/2014,203.92
10/22/2014,206.92
10/23/2014,204.55
10/24/2014,208.07
10/27/2014,205.3
10/28/2014,207.95
10/29/2014,204.27
10/30/2014,201.04
10/31/2014,202.94
11/3/2014,204.84
11/4/2014,202.82
11/5/2014,200.86
11/6/2014,202.07
11/7/2014,204.51
11/10/2014,206.04
11/11/2014,206.64
11/12/2014,209.28
11/13/2014,211.18
11/14/2014,213.83
11/17/2014,213.54
11/18/2014,210.09
11/19/2014,211.3
11/20/2014,209.57
11/21/2014,208.53
11/24/2014,208.65
11/25/2014,207.09
11/26/2014,206.46
11/28/2014,203.4
12/1/2014,205.01
12/2/2014,205.19
12/3/2014,200.29
12/4/2014,199.71
12/5/2014,197.41
12/8/2014,196.25
12/9/2014,195.04
12/10/2014,194.93
12/11/2014,194.47
12/12/2014,191.93
12/15/2014,191.99
12/16/2014,188.3
12/17/2014,185.53
12/18/2014,188.76
12/19/2014,188.82
12/22/2014,185.01
12/23/2014,188.24
12/24/2014,187.44
12/26/2014,188.01
12/29/2014,188.59
12/30/2014,187.15
12/31/2014,187.2
1/2/2015,187.44
1/5/2015,184.27
1/6/2015,181.15
1/7/2015,182.88
1/8/2015,181.05
1/9/2015,183.14
1/12/2015,178.17
1/13/2015,175.76
1/14/2015,179.83
1/15/2015,180.63
1/16/2015,179.08
1/20/2015,172.16
1/21/2015,171.12
1/22/2015,168.01
1/23/2015,162.88
1/26/2015,167.49
1/27/2015,166.11
1/28/2015,172.8
1/29/2015,168.76
1/30/2015,166.57
2/2/2015,163.52
2/3/2015,163.4
2/4/2015,157.06
2/5/2015,152.8
2/6/2015,159.71
2/9/2015,153.89
2/10/2015,153.49
2/11/2015,147.15
2/12/2015,148.7
2/13/2015,152.22
2/17/2015,147.55
2/18/2015,148.07
2/19/2015,154.58
2/20/2015,155.39
2/23/2015,157.52
2/24/2015,158.1
2/25/2015,159.83
2/26/2015,154.81
2/27/2015,155.56
3/2/2015,156.02
3/3/2015,151.24
3/4/2015,156.77
3/5/2015,154.06
3/6/2015,158.87
3/9/2015,164.53
3/10/2015,169.67
3/11/2015,170.11
3/12/2015,174.7
3/13/2015,173.89
3/16/2015,175.79
3/17/2015,174.76
3/18/2015,173.2
3/19/2015,171.82
3/20/2015,170.26
3/23/2015,169.74
3/24/2015,172.16
3/25/2015,171.99
3/26/2015,173.26
3/27/2015,172.91
3/30/2015,174.18
3/31/2015,174.76
4/1/2015,175.79
4/2/2015,174.52
4/6/2015,176.6
4/7/2015,176.02
4/8/2015,177.75
4/9/2015,177.06
4/10/2015,180.17
4/13/2015,181.61
4/14/2015,180.92
4/15/2015,174.01
4/16/2015,176.08
4/17/2015,175.85
4/20/2015,174.12
4/21/2015,178.9
4/22/2015,175.1
4/23/2015,180.58
4/24/2015,183.17
4/27/2015,183.05
4/28/2015,184.21
4/29/2015,187.2
4/30/2015,187.72
5/1/2015,187.32
5/4/2015,188.65
5/5/2015,190.78
5/6/2015,193.78
5/7/2015,192.43
5/8/2015,194.73
5/11/2015,193.6
5/12/2015,195.9
5/13/2015,196.54
5/14/2015,195.16
5/15/2015,193.49
5/18/2015,190.72
5/19/2015,189.45
5/20/2015,192.16
5/21/2015,193.31
5/22/2015,193.03
5/26/2015,190.89
5/27/2015,192.1
5/28/2015,195.1
5/29/2015,192.39
6/1/2015,194.47
6/2/2015,193.2
6/3/2015,190.14
6/4/2015,185.82
6/5/2015,186.89
6/8/2015,186.39
6/9/2015,183.59
6/10/2015,183
6/11/2015,181.04
6/12/2015,176.89
6/15/2015,174.01
6/16/2015,174.18
6/17/2015,176.08
6/18/2015,175.22
6/19/2015,170.2
6/22/2015,166.86
6/23/2015,166.57
6/24/2015,166.8
6/25/2015,166.34
6/26/2015,167.9
6/29/2015,165.48
6/30/2015,171.47
7/1/2015,172.56
7/2/2015,176.08
7/6/2015,175.22
7/7/2015,176.02
7/8/2015,169.83
7/9/2015,158.95
7/10/2015,154.31
7/13/2015,150.16
7/14/2015,149.68
7/15/2015,149.8
7/16/2015,148.76
7/17/2015,146.28
7/20/2015,145.13
7/21/2015,143.86
7/22/2015,150.78
7/23/2015,149.16
7/24/2015,147.61
7/27/2015,146.51
7/28/2015,149.97
7/29/2015,152.33
7/30/2015,151.47
7/31/2015,146.92
8/3/2015,150.61
8/4/2015,155.27
8/5/2015,153.95
8/6/2015,148.59
8/7/2015,147.84
8/10/2015,145.19
8/11/2015,143.75
8/12/2015,146.11
8/13/2015,149.97
8/14/2015,150.61
8/17/2015,152.8
8/18/2015,152.45
8/19/2015,152.16
8/20/2015,149.28
8/21/2015,144.84
8/24/2015,151.76
8/25/2015,155.62
8/26/2015,154.47
8/27/2015,154.58
8/28/2015,153.14
8/31/2015,156.83
9/1/2015,156.71
9/2/2015,160.86
9/3/2015,160.12
9/4/2015,159.42
9/8/2015,156.17
9/9/2015,153.95
9/10/2015,151.12
9/11/2015,146.59
9/14/2015,143.52
9/15/2015,147.2
9/16/2015,143.11
9/17/2015,148.36
9/18/2015,147.9
9/21/2015,149.8
9/22/2015,149.28
9/23/2015,148.07
9/24/2015,151.76
9/25/2015,151.64
9/28/2015,151.59
9/29/2015,154.58
9/30/2015,153.83
10/1/2015,148.76
10/2/2015,150.72
10/5/2015,149.22
10/6/2015,153.83
10/7/2015,152.1
10/8/2015,152.51
10/9/2015,152.45
10/12/2015,153.31
10/13/2015,155.79
10/14/2015,154.06
10/15/2015,154.06
10/16/2015,151.18
10/19/2015,152.1
10/20/2015,156.43
10/21/2015,154.52
10/22/2015,153.2
10/23/2015,146.63
10/26/2015,144.9
10/27/2015,141.21
10/28/2015,141.56
10/29/2015,138.04
10/30/2015,136.48
11/2/2015,134.24
11/3/2015,134.24
11/4/2015,132.28
11/5/2015,127.72
11/6/2015,128.32
11/9/2015,126.4
11/10/2015,125.67
11/11/2015,131.17
11/12/2015,134.29
11/13/2015,131.53
11/16/2015,124.61
11/17/2015,129.97
11/18/2015,129.74
11/19/2015,130.78
11/20/2015,134.47
11/23/2015,134.35
11/24/2015,132.56
11/25/2015,133.89
11/27/2015,132.97
11/30/2015,130.95
12/1/2015,137.81
12/2/2015,136.37
12/3/2015,135.62
12/4/2015,136.25
12/7/2015,132.62
12/8/2015,134.58
12/9/2015,136.6
12/10/2015,136.54
12/11/2015,139.6
12/14/2015,138.62
12/15/2015,135.85
12/16/2015,133.49
12/17/2015,128.59
12/18/2015,130.55
12/21/2015,130.14
12/22/2015,131.07
12/23/2015,133.2
12/24/2015,134.41
12/28/2015,136.31
12/29/2015,136.37
12/30/2015,137.81
12/31/2015,137.87
1/4/2016,137
1/5/2016,140.86
1/6/2016,140.23
1/7/2016,137.29
1/8/2016,140.46
1/11/2016,142.96
1/12/2016,150.18
1/13/2016,152.27
1/14/2016,156.25
1/15/2016,155.5
1/19/2016,156.14
1/20/2016,154.64
1/21/2016,159.14
1/22/2016,159.08
1/25/2016,158.56
1/26/2016,160.46
1/27/2016,162.48
1/28/2016,160.69
1/29/2016,163
2/1/2016,163
2/2/2016,159.31
2/3/2016,160.63
2/4/2016,161.96
2/5/2016,162.07
2/8/2016,160.75
2/9/2016,160.52
2/10/2016,157.58
2/11/2016,160.12
2/12/2016,162.25
2/16/2016,161.73
2/17/2016,164.03
2/18/2016,163.17
2/19/2016,158.85
2/22/2016,159.65
2/23/2016,161.27
2/24/2016,164.78
2/25/2016,163.98
2/26/2016,163.34
2/29/2016,161.33
3/1/2016,162.31
3/2/2016,161.5
3/3/2016,162.19
3/4/2016,163.23
3/7/2016,166.64
3/8/2016,171.68
3/9/2016,180.68
3/10/2016,186.18
3/11/2016,191.53
3/14/2016,191.41
3/15/2016,192.05
3/16/2016,193.08
3/17/2016,193.2
3/18/2016,193.43
3/21/2016,188.7
3/22/2016,191.01
3/23/2016,190.84
3/24/2016,186.4
3/28/2016,190.09
3/29/2016,191.18
3/30/2016,188.01
3/31/2016,186.4
4/1/2016,183
4/4/2016,181.5
4/5/2016,182.13
4/6/2016,184.38
4/7/2016,184.61
4/8/2016,186.46
4/11/2016,183.57
4/12/2016,182.59
4/13/2016,180.06
4/14/2016,177.81
4/15/2016,178.96
4/18/2016,179.42
4/19/2016,181.96
4/20/2016,183.52
4/21/2016,183.34
4/22/2016,181.73
4/25/2016,180.86
4/26/2016,179.42
4/27/2016,183.23
4/28/2016,186.22
4/29/2016,188.36
5/2/2016,190.66
5/3/2016,191.18
5/4/2016,188.65
5/5/2016,189.8
5/6/2016,187.83
5/9/2016,185.78
5/10/2016,187.49
5/11/2016,191.64
5/12/2016,191.93
5/13/2016,190.32
5/16/2016,192.28
5/17/2016,192.33
5/18/2016,188.88
5/19/2016,186.92
5/20/2016,185.01
5/23/2016,182.82
5/24/2016,183
5/25/2016,184.03
5/26/2016,187.38
5/27/2016,186.92
5/31/2016,187.78
6/1/2016,190.89
6/2/2016,194.7
6/3/2016,198.21
6/6/2016,200.12
6/7/2016,198.86
6/8/2016,200.91
6/9/2016,198.95
6/10/2016,199.29
6/13/2016,202.48
6/14/2016,205.94
6/15/2016,204.73
6/16/2016,206.34
6/17/2016,205.59
6/20/2016,205.07
6/21/2016,203.98
6/22/2016,197.93
6/23/2016,197
6/24/2016,195.91
6/27/2016,192.51
6/28/2016,193.6
6/29/2016,192.1
6/30/2016,191.99
7/1/2016,193.54
7/5/2016,191.93
7/6/2016,185.88
7/7/2016,184.73
7/8/2016,177.01
7/11/2016,171.02
7/12/2016,166.73
7/13/2016,161.11
7/14/2016,155.39
7/15/2016,152.16
7/18/2016,150.72
7/19/2016,148.24
7/20/2016,147.26
7/21/2016,143.57
7/22/2016,147.32
7/25/2016,148.36
7/26/2016,146.69
7/27/2016,140.75
7/28/2016,136.48
7/29/2016,136.14
8/1/2016,139.71
8/2/2016,139.54
8/3/2016,137.18
8/4/2016,134.87
8/5/2016,134.41
8/8/2016,135.68
8/9/2016,134.18
8/10/2016,135.97
8/11/2016,134.7
8/12/2016,138.33
8/15/2016,144.09
8/16/2016,137.98
8/17/2016,140.63
8/18/2016,139.94
8/19/2016,142.77
8/22/2016,140.98
8/23/2016,139.54
8/24/2016,139.08
8/25/2016,135.33
8/26/2016,141.38
8/29/2016,141.5
8/30/2016,143.05
8/31/2016,144.9
9/1/2016,145.99
9/2/2016,140.06
9/6/2016,135.85
9/7/2016,140.35
9/8/2016,138.09
9/9/2016,131.65
9/12/2016,128.15
9/13/2016,119.4
9/14/2016,113.2
9/15/2016,114.01
9/16/2016,115.16
9/19/2016,111.07
9/20/2016,113.14
9/21/2016,111.24
9/22/2016,112.05
9/23/2016,112.74
9/26/2016,112.05
9/27/2016,107.09
9/28/2016,107.67
9/29/2016,108.3
9/30/2016,101.38
10/3/2016,101.84
10/4/2016,100.29
10/5/2016,95.56
10/6/2016,99.54
10/7/2016,98.21
10/10/2016,97.69
10/11/2016,98.62
10/12/2016,101.56
10/13/2016,101.84
10/14/2016,97.35
10/17/2016,95.91
10/18/2016,94.81
10/19/2016,94.93
10/20/2016,94.76
10/21/2016,96.48
10/24/2016,99.6
10/25/2016,102.88
10/26/2016,101.9
10/27/2016,104.61
10/28/2016,107.9
10/31/2016,110.55
11/1/2016,107.09
11/2/2016,110.26
11/3/2016,108.36
11/4/2016,106.4
11/7/2016,111.76
11/8/2016,115.24
11/9/2016,117.73
11/10/2016,122.5
11/11/2016,125.3
11/14/2016,123.57
11/15/2016,121.96
11/16/2016,125.71
11/17/2016,125.01
11/18/2016,124.9
11/21/2016,129.97
11/22/2016,128.07
11/23/2016,128.07
11/25/2016,130.84
11/28/2016,128.7
11/29/2016,126.11
11/30/2016,127.32
12/1/2016,124.67
12/2/2016,124.55
12/5/2016,126.34
12/6/2016,132.51
12/7/2016,137.75
12/8/2016,140.23
12/9/2016,141.9
12/12/2016,143.34
12/13/2016,142.36
12/14/2016,142.42
12/15/2016,143.86
12/16/2016,149.16
12/19/2016,152.39
12/20/2016,147.55
12/21/2016,149.63
12/22/2016,149.22
12/23/2016,145.71
12/27/2016,149.28
12/28/2016,150.09
12/29/2016,149.05
12/30/2016,152.51
1/3/2017,146.4
1/4/2017,148.93
1/5/2017,149.57
1/6/2017,147.49
1/9/2017,149.11
1/10/2017,153.91
1/11/2017,156.63
1/12/2017,158.69
1/13/2017,160.52
1/17/2017,160.75
1/18/2017,158.67
1/19/2017,159.02
1/20/2017,157.87
1/23/2017,156.25
1/24/2017,155.91
1/25/2017,161.73
1/26/2017,154.99
1/27/2017,157.46
1/30/2017,157.29
1/31/2017,159.65
2/1/2017,159.31
2/2/2017,160.4
2/3/2017,161.96
2/6/2017,164.21
2/7/2017,166.4
2/8/2017,165.36
2/9/2017,163.17
2/10/2017,163.86
2/13/2017,160.69
2/14/2017,164.38
2/15/2017,163.17
2/16/2017,160.98
2/17/2017,163.17
2/21/2017,162.19
2/22/2017,156.2
2/23/2017,153.49
2/24/2017,156.83
2/27/2017,157.06
2/28/2017,155.85
3/1/2017,157.75
3/2/2017,157.41
3/3/2017,153.89
3/6/2017,154.87
3/7/2017,161.21
3/8/2017,165.96
3/9/2017,169.19
3/10/2017,173.27
3/13/2017,181.5
3/14/2017,182.54
3/15/2017,181.73
3/16/2017,181.38
3/17/2017,178.27
3/20/2017,178.39
3/21/2017,175.97
3/22/2017,174.64
3/23/2017,178.9
3/24/2017,174.64
3/27/2017,169.51
3/28/2017,167.03
3/29/2017,167.72
3/30/2017,171.18
3/31/2017,170.26
4/3/2017,167.49
4/4/2017,165.94
4/5/2017,166.05
4/6/2017,169.91
4/7/2017,167.78
4/10/2017,168.93
4/11/2017,170.61
4/12/2017,166.63
4/13/2017,167.15
4/17/2017,166.8
4/18/2017,164.84
4/19/2017,161.27
4/20/2017,158.33
4/21/2017,157.52
4/24/2017,160.29
4/25/2017,165.59
4/26/2017,163.11
4/27/2017,167.9
4/28/2017,170.61
5/1/2017,168.93
5/2/2017,170.95
5/3/2017,174.18
5/4/2017,176.31
5/5/2017,176.2
5/8/2017,178.25
5/9/2017,178.56
5/10/2017,178.12
5/11/2017,177.69
5/12/2017,181.21
5/15/2017,180.63
5/16/2017,183.23
5/17/2017,182.13
5/18/2017,182.77
5/19/2017,184.84
5/22/2017,184.55
5/23/2017,184.5
5/24/2017,184.09
5/25/2017,185.76
5/26/2017,188.82
5/30/2017,186.74
5/31/2017,191.41
6/1/2017,189.34
6/2/2017,188.99
6/5/2017,185.42
6/6/2017,187.61
6/7/2017,186.76
6/8/2017,189.03
6/9/2017,189.76
6/12/2017,184.76
6/13/2017,184.96
6/14/2017,185.36
6/15/2017,181.96
6/16/2017,182.42
6/19/2017,187.84
6/20/2017,188.24
6/21/2017,189.57
6/22/2017,184.15
6/23/2017,181.33
6/26/2017,181.38
6/27/2017,181.1
6/28/2017,183.23
6/29/2017,186.17
6/30/2017,193.08
7/3/2017,194.58
7/5/2017,194.99
7/6/2017,190.55
7/7/2017,191.87
7/10/2017,183.49
7/11/2017,177.57
7/12/2017,172.02
7/13/2017,165.91
7/14/2017,154.87
7/17/2017,156.89
7/18/2017,156.48
7/19/2017,158.62
7/20/2017,156.43
7/21/2017,154.99
7/24/2017,153.2
7/25/2017,154.12
7/26/2017,155.97
7/27/2017,156.02
7/28/2017,153.31
7/31/2017,152.22
8/1/2017,148.47
8/2/2017,152.68
8/3/2017,151.01
8/4/2017,153.95
8/7/2017,157.06
8/8/2017,156.2
8/9/2017,157.35
8/10/2017,156.71
8/11/2017,158.21
8/14/2017,159.48
8/15/2017,162.59
8/16/2017,158.56
8/17/2017,154.29
8/18/2017,152.45
8/21/2017,149.11
8/22/2017,147.26
8/23/2017,146.51
8/24/2017,147.03
8/25/2017,145.42
8/28/2017,142.07
8/29/2017,138.85
8/30/2017,141.44
8/31/2017,141.56
9/1/2017,141.67
9/5/2017,146.97
9/6/2017,146.51
9/7/2017,141.67
9/8/2017,141.79
9/11/2017,139.24
9/12/2017,133.81
9/13/2017,132.18
9/14/2017,130.32
9/15/2017,134.81
9/18/2017,133.83
9/19/2017,137.69
9/20/2017,138.16
9/21/2017,133.26
9/22/2017,130.55
9/25/2017,132.39
9/26/2017,133.95
9/27/2017,137.52
9/28/2017,134.35
9/29/2017,138.21
10/2/2017,142.88
10/3/2017,143.11
10/4/2017,142.71
10/5/2017,144.78
10/6/2017,140.46
10/9/2017,140.52
10/10/2017,141.9
10/11/2017,144.09
10/12/2017,142.07
10/13/2017,143.4
10/16/2017,146.86
10/17/2017,143.34
10/18/2017,146.97
10/19/2017,148.13
10/20/2017,149.51
10/23/2017,146.46
10/24/2017,147.61
10/25/2017,148.65
10/26/2017,149.97
10/27/2017,148.59
10/30/2017,150.26
10/31/2017,156.77
11/1/2017,153.54
11/2/2017,151.7
11/3/2017,150.09
11/6/2017,148.99
11/7/2017,150.58
11/8/2017,152.23
11/9/2017,155.4
11/10/2017,158.37
11/13/2017,162.07
11/14/2017,155.62
11/15/2017,155.5
11/16/2017,153.49
11/17/2017,154.64
11/20/2017,157.87
11/21/2017,154.35
11/22/2017,159.31
11/24/2017,160
11/27/2017,161.61
11/28/2017,164.9
11/29/2017,163.46
11/30/2017,160.86
12/1/2017,163.05
12/4/2017,165.24
12/5/2017,162.54
12/6/2017,158.96
12/7/2017,157.87
12/8/2017,158.73
12/11/2017,154.52
12/12/2017,153.37
12/13/2017,154.01
12/14/2017,155.91
12/15/2017,157.98
12/18/2017,155.39
12/19/2017,154.24
12/20/2017,157.64
12/21/2017,158.1
12/22/2017,161.33
12/26/2017,164.9
12/27/2017,163.75
12/28/2017,164.96
12/29/2017,165.48
1/2/2018,163.05
1/3/2018,163.8
1/4/2018,164.55
1/5/2018,164.67
1/8/2018,170.01
1/9/2018,172.02
1/10/2018,171.7
1/11/2018,168.89
1/12/2018,171.35
1/16/2018,175.56
1/17/2018,174.12
1/18/2018,174.99
1/19/2018,174.06
1/22/2018,173.2
1/23/2018,172.1
1/24/2018,174.52
1/25/2018,170.2
1/26/2018,170.14
1/29/2018,169.28
1/30/2018,168.07
1/31/2018,166.57
2/1/2018,167.9
2/2/2018,169.57
2/5/2018,169.05
2/6/2018,164.67
2/7/2018,159.6
2/8/2018,160.12
2/9/2018,158.73
2/12/2018,162.59
2/13/2018,160.06
2/14/2018,162.88
2/15/2018,160.75
2/16/2018,157.12
2/20/2018,159.54
2/21/2018,161.15
2/22/2018,164.32
2/23/2018,164.55
2/26/2018,161.27
2/27/2018,161.27
2/28/2018,154.99
3/1/2018,154.41
3/2/2018,155.79
3/5/2018,158.62
3/6/2018,157.23
3/7/2018,161.29
3/8/2018,166.33
3/9/2018,170.02
3/12/2018,173.31
3/13/2018,178.62
3/14/2018,180.63
3/15/2018,182.54
3/16/2018,182.42
3/19/2018,177.12
3/20/2018,176.95
3/21/2018,178.04
3/22/2018,174.01
3/23/2018,170.95
3/26/2018,170.84
3/27/2018,170.66
3/28/2018,176.66
3/29/2018,176.48
4/2/2018,169.57
4/3/2018,165.19
4/4/2018,168.93
4/5/2018,170.2
4/6/2018,168.93
4/9/2018,174.93
4/10/2018,173.03
4/11/2018,174.7
4/12/2018,178.1
4/13/2018,179.02
4/16/2018,177.06
4/17/2018,176.95
4/18/2018,181.04
4/19/2018,180
4/20/2018,178.79
4/23/2018,176.08
4/24/2018,172.51
4/25/2018,173.72
4/26/2018,170.61
4/27/2018,167.44
4/30/2018,167.61
5/1/2018,170.37
5/2/2018,169.45
5/3/2018,169.45
5/4/2018,169.51
5/7/2018,171.8
5/8/2018,177.22
5/9/2018,177.96
5/10/2018,179.65
5/11/2018,177.46
5/14/2018,181.5
5/15/2018,179.14
5/16/2018,181.5
5/17/2018,180.29
5/18/2018,178.1
5/21/2018,177.18
5/22/2018,173.2
5/23/2018,175.73
5/24/2018,177
5/25/2018,178.79
5/29/2018,181.79
5/30/2018,184.73
5/31/2018,179.94
6/1/2018,181.67
6/4/2018,179.65
6/5/2018,177.58
6/6/2018,184.32
6/7/2018,181.84
6/8/2018,182.79
6/11/2018,177.73
6/12/2018,180.54
6/13/2018,183.63
6/14/2018,181.21
6/15/2018,180.4
6/18/2018,183.11
6/19/2018,179.19
6/20/2018,173.26
6/21/2018,174.58
6/22/2018,173.78
6/25/2018,169.68
6/26/2018,172.33
6/27/2018,173.03
6/28/2018,174.58
6/29/2018,176.25
7/2/2018,171.47
7/3/2018,175.22
7/5/2018,175.33
7/6/2018,173.89
7/9/2018,160.1
7/10/2018,153.49
7/11/2018,135.41
7/12/2018,131.98
7/13/2018,127.49
7/16/2018,124.5
7/17/2018,120.35
7/18/2018,119.71
7/19/2018,120.4
7/20/2018,118.21
7/23/2018,121.33
7/24/2018,121.1
7/25/2018,124.32
7/26/2018,120.46
7/27/2018,117.29
7/30/2018,118.1
7/31/2018,116.95
8/1/2018,117.06
8/2/2018,114.47
8/3/2018,117.06
8/6/2018,115.79
8/7/2018,115.22
8/8/2018,111.59
8/9/2018,118.5
8/10/2018,117.98
8/13/2018,119.08
8/14/2018,119.54
8/15/2018,120.98
8/16/2018,127.9
8/17/2018,135.1
8/20/2018,130.2
8/21/2018,129.63
8/22/2018,123.57
8/23/2018,117.98
8/24/2018,119.37
8/27/2018,126.28
8/28/2018,119.88
8/29/2018,118.85
8/30/2018,113.26
8/31/2018,116.25
9/4/2018,117.75
9/5/2018,119.83
9/6/2018,126.74
9/7/2018,128.3
9/10/2018,128.88
9/11/2018,125.24
9/12/2018,128.4
9/13/2018,128.82
9/14/2018,130.61
9/17/2018,127.67
9/18/2018,133.66
9/19/2018,133.49
9/20/2018,134.35
9/21/2018,132.33
9/24/2018,131.35
9/25/2018,133.14
9/26/2018,131.93
9/27/2018,127.9
9/28/2018,133.54
10/1/2018,137.98
10/2/2018,136.37
10/3/2018,131.76
10/4/2018,127.55
10/5/2018,132.68
10/8/2018,132.68
10/9/2018,130.43
10/10/2018,128.99
10/11/2018,125.48
10/12/2018,126.8
10/15/2018,130.84
10/16/2018,131.12
10/17/2018,126.11
10/18/2018,120.58
10/19/2018,118.96
10/22/2018,122.59
10/23/2018,125.71
10/24/2018,132.62
10/25/2018,130.89
10/26/2018,133.54
10/29/2018,135.68
10/30/2018,136.02
10/31/2018,134.76
11/1/2018,134.18
11/2/2018,134.01
11/5/2018,131.64
11/6/2018,124.73
11/7/2018,130.64
11/8/2018,132.39
11/9/2018,133.76
11/12/2018,139.55
11/13/2018,143.34
11/14/2018,143.75
11/15/2018,146.97
11/16/2018,153.89
11/19/2018,159.14
11/20/2018,154.76
11/21/2018,152.56
11/23/2018,156.37
11/26/2018,151.12
11/27/2018,149.97
11/28/2018,148.7
11/29/2018,155.27
11/30/2018,155.73
12/3/2018,154.24
12/4/2018,152.28
12/5/2018,156.2
12/6/2018,154.24
12/7/2018,156.48
12/10/2018,154.06
12/11/2018,150.32
12/12/2018,151.47
12/13/2018,149.45
12/14/2018,148.7
12/17/2018,147.15
12/18/2018,144.44
12/19/2018,144.55
12/20/2018,143.8
12/21/2018,140.92
12/24/2018,139.02
12/26/2018,139.19
12/27/2018,139.65
12/28/2018,139.83
12/31/2018,140.58
1/2/2019,142.25
1/3/2019,143.29
1/4/2019,142.82
1/7/2019,142.71
1/8/2019,145.9
1/9/2019,150.51
1/10/2019,152.95
1/11/2019,153.11
1/14/2019,154.06
1/15/2019,154.35
1/16/2019,150.03
1/17/2019,148.99
1/18/2019,152.8
1/22/2019,152.39
1/23/2019,149.51
1/24/2019,146.4
1/25/2019,143.23
1/28/2019,143.69
1/29/2019,144.21
1/30/2019,143.46
1/31/2019,138.85
2/1/2019,138.62
2/4/2019,145.36
2/5/2019,142.02
2/6/2019,140.4
2/7/2019,137.41
2/8/2019,134.7
2/11/2019,136.2
2/12/2019,139.08
2/13/2019,137.81
2/14/2019,135.33
2/15/2019,137.23
2/19/2019,130.32
2/20/2019,122.13
2/21/2019,128.99
2/22/2019,127.84
2/25/2019,124.27
2/26/2019,128.47
2/27/2019,128.18
2/28/2019,128.82
3/1/2019,130.03
3/4/2019,132.16
3/5/2019,133.49
3/6/2019,131.59
3/7/2019,141.29
3/8/2019,155.85
3/11/2019,168.55
3/12/2019,177.36
3/13/2019,186.34
3/14/2019,192.56
3/15/2019,199.48
3/18/2019,202.42
3/19/2019,201.15
3/20/2019,208.07
3/21/2019,218.44
3/22/2019,220.58
3/25/2019,220.29
3/26/2019,219.77
3/27/2019,218.56
3/28/2019,211.64
3/29/2019,204.15
4/1/2019,204.03
4/2/2019,210.95
4/3/2019,218.67
4/4/2019,225.59
4/5/2019,228.18
4/8/2019,226.28
4/9/2019,219.37
4/10/2019,222.36
4/11/2019,225.24
4/12/2019,227.09
4/15/2019,226.63
4/16/2019,223.92
4/17/2019,221.61
4/18/2019,223.05
4/22/2019,216.2
4/23/2019,212.97
4/24/2019,213.89
4/25/2019,206.97
4/26/2019,204.61
4/29/2019,203
4/30/2019,203.4
5/1/2019,210.32
5/2/2019,213.83
5/3/2019,213.83
5/6/2019,206.92
5/7/2019,207.09
5/8/2019,206.18
5/9/2019,208.84
5/10/2019,208.73
5/13/2019,201.81
5/14/2019,207.61
5/15/2019,211.93
5/16/2019,213.03
5/17/2019,214.41
5/20/2019,214.41
5/21/2019,210.66
5/22/2019,209.91
5/23/2019,209.68
5/24/2019,202.77
5/28/2019,197.58
5/29/2019,202.42
5/30/2019,202.59
5/31/2019,198.1
6/3/2019,194.87
6/4/2019,197.81
6/5/2019,198.9
6/6/2019,199.08
6/7/2019,192.16
6/10/2019,197.49
6/11/2019,192.59
6/12/2019,191.11
6/13/2019,190.95
6/14/2019,185.88
6/17/2019,189.63
6/18/2019,188.36
6/19/2019,191.35
6/20/2019,186.51
6/21/2019,179.6
6/24/2019,171.12
6/25/2019,175.62
6/26/2019,174.01
6/27/2019,177.93
6/28/2019,175.22
7/1/2019,181.44
7/2/2019,182.07
7/3/2019,180.69
7/5/2019,177.64
7/8/2019,171.67
7/9/2019,178.58
7/10/2019,176.69
7/11/2019,168.56
7/12/2019,168.82
7/15/2019,170.37
7/16/2019,173.6
7/17/2019,179.42
7/18/2019,177.29
7/19/2019,181.96
7/22/2019,182.59
7/23/2019,188.59
7/24/2019,186.4
7/25/2019,181.33
7/26/2019,183.17
7/29/2019,176.25
7/30/2019,170.61
7/31/2019,163.69
8/1/2019,155.56
8/2/2019,151.53
8/5/2019,155.45
8/6/2019,148.93
8/7/2019,154.12
8/8/2019,156.48
8/9/2019,154.41
8/12/2019,154.64
8/13/2019,148.88
8/14/2019,153.95
8/15/2019,149.86
8/16/2019,142.94
8/19/2019,147.61
8/20/2019,149.8
8/21/2019,145.94
8/22/2019,143.63
8/23/2019,136.71
8/26/2019,147.09
8/27/2019,145.76
8/28/2019,146.4
8/29/2019,149.63
8/30/2019,146.46
9/3/2019,153.37
9/4/2019,154.76
9/5/2019,152.85
9/6/2019,146.4
9/9/2019,143.1
9/10/2019,143.73
9/11/2019,140.15
9/12/2019,147.07
9/13/2019,156.33
9/16/2019,162.94
9/17/2019,156.02
9/18/2019,156.31
9/19/2019,156.66
9/20/2019,152.74
9/23/2019,157.64
9/24/2019,159.31
9/25/2019,164.61
9/26/2019,162.25
9/27/2019,161.04
9/30/2019,167.38
10/1/2019,161.21
10/2/2019,159.31
10/3/2019,157
10/4/2019,155.04
10/7/2019,148.13
10/8/2019,155.39
10/9/2019,160.17
10/10/2019,157.87
10/11/2019,160.46
10/14/2019,159.37
10/15/2019,166.28
10/16/2019,162.82
10/17/2019,157.12
10/18/2019,156.66
10/21/2019,156.37
10/22/2019,151.01
10/23/2019,151.76
10/24/2019,148.82
10/25/2019,149.68
10/28/2019,151.35
10/29/2019,148.3
10/30/2019,151.64
10/31/2019,152.16
11/1/2019,148.59
11/4/2019,148.76
11/5/2019,155.1
11/6/2019,149.34
11/7/2019,152.61
11/8/2019,156.85
11/11/2019,160.36
11/12/2019,169.19
11/13/2019,171.87
11/14/2019,169.16
11/15/2019,165.99
11/18/2019,161.9
11/19/2019,160.52
11/20/2019,153.95
11/21/2019,155.5
11/22/2019,155.97
11/25/2019,156.2
11/26/2019,156.37
11/27/2019,154.81
11/29/2019,157.18
12/2/2019,152.51
12/3/2019,157.64
12/4/2019,157.75
12/5/2019,155.79
12/6/2019,155.73
12/9/2019,153.78
12/10/2019,156.71
12/11/2019,156.14
12/12/2019,158.27
12/13/2019,160.23
12/16/2019,162.54
12/17/2019,161.04
12/18/2019,161.15
12/19/2019,163.63
12/20/2019,162.94
12/23/2019,161.96
12/24/2019,163
12/26/2019,163.46
12/27/2019,162.71
12/30/2019,165.53
12/31/2019,164.67
1/2/2020,164.96
1/3/2020,158.04
1/6/2020,158.21
1/7/2020,159.6
1/8/2020,162.24
1/9/2020,161.39
1/10/2020,164.55
1/13/2020,165.72
1/14/2020,172.91
1/15/2020,172.85
1/16/2020,170.09
1/17/2020,170.84
1/21/2020,170.2
1/22/2020,171.82
1/23/2020,173.72
1/24/2020,169.34
1/27/2020,162.42
1/28/2020,164.38
1/29/2020,158.67
1/30/2020,151.76
1/31/2020,142.02
2/3/2020,144.61
2/4/2020,143.69
2/5/2020,142.65
2/6/2020,149.57
2/7/2020,152.74
2/10/2020,150.03
2/11/2020,148.07
2/12/2020,147.03
2/13/2020,147.72
2/14/2020,148.24
2/18/2020,151.01
2/19/2020,155.79
2/20/2020,154.18
2/21/2020,154.52
2/24/2020,148.99
2/25/2020,149.11
2/26/2020,150.2
2/27/2020,144.21
2/28/2020,143.57
3/2/2020,144.78
3/3/2020,146.51
3/4/2020,148.24
3/5/2020,150.72
3/6/2020,158.36
3/9/2020,158.48
3/10/2020,169.64
3/11/2020,174.79
3/12/2020,167.87
3/13/2020,157.5
3/16/2020,148.09
3/17/2020,156.85
3/18/2020,155.16
3/19/2020,159.42
3/20/2020,156.66
3/23/2020,163.57
3/24/2020,168.3
3/25/2020,165.42
3/26/2020,158.5
3/27/2020,148.13
3/30/2020,137.81
3/31/2020,139.08
4/1/2020,132.16
4/2/2020,121.79
4/3/2020,111.41
4/6/2020,114.47
4/7/2020,121.38
4/8/2020,118.62
4/9/2020,112.22
4/13/2020,103.57
4/14/2020,101.33
4/15/2020,102.88
4/16/2020,99.54
4/17/2020,100.81
4/20/2020,106.63
4/21/2020,110.89
4/22/2020,110.43
4/23/2020,119.02
4/24/2020,118.79
4/27/2020,127.44
4/28/2020,129.57
4/29/2020,128.01
4/30/2020,135.91
5/1/2020,144.55
5/4/2020,151.01
5/5/2020,148.18
5/6/2020,151.18
5/7/2020,147.14
5/8/2020,142.27
5/11/2020,139.24
5/12/2020,141.66
5/13/2020,136.31
5/14/2020,135.56
5/15/2020,133.14
5/18/2020,132.91
5/19/2020,129.74
5/20/2020,128.65
5/21/2020,131.82
5/22/2020,128.88
5/26/2020,137.35
5/27/2020,136.71
5/28/2020,128.3
5/29/2020,131.47
6/1/2020,127.15
6/2/2020,126.51
6/3/2020,123.29
6/4/2020,123.52
6/5/2020,125.9
6/8/2020,127.97
6/9/2020,127.42
6/10/2020,127.31
6/11/2020,126.51
6/12/2020,125.99
6/15/2020,127.44
6/16/2020,122.25
6/17/2020,122.59
6/18/2020,123.29
6/19/2020,121.73
6/22/2020,117.81
6/23/2020,121.04
6/24/2020,118.16
6/25/2020,118.33
6/26/2020,110.95
6/29/2020,111.7
6/30/2020,113.03
7/1/2020,113.14
7/2/2020,113.43
7/6/2020,113.6
7/7/2020,112.68
7/8/2020,110.94
7/9/2020,116.09
7/10/2020,114.95
7/13/2020,116.51
7/14/2020,114.52
7/15/2020,113.95
7/16/2020,119.48
7/17/2020,117.75
7/20/2020,113.43
7/21/2020,115.33
7/22/2020,115.45
7/23/2020,117.64
7/24/2020,115.62
7/27/2020,117
7/28/2020,116.95
7/29/2020,114.87
7/30/2020,111.41
7/31/2020,114.41
8/3/2020,111.59
8/4/2020,113.03
8/5/2020,113.66
8/6/2020,113.43
8/7/2020,117.52
8/10/2020,124.09
8/11/2020,119.48
8/12/2020,118.96
8/13/2020,120.69
8/14/2020,122.25
8/17/2020,123.4
8/18/2020,118.56
8/19/2020,121.15
8/20/2020,127.2
8/21/2020,125.07
8/24/2020,125.88
8/25/2020,128.99
8/26/2020,128.07
8/27/2020,128.47
8/28/2020,123.69
8/31/2020,123.57
9/1/2020,126.86
9/2/2020,130.03
9/3/2020,136.6
9/4/2020,137.93
9/8/2020,137.53
9/9/2020,140.09
9/10/2020,147.01
9/11/2020,152.43
9/14/2020,146.57
9/15/2020,145.36
9/16/2020,142.88
9/17/2020,146.69
9/18/2020,146.46
9/21/2020,141.9
9/22/2020,147.78
9/23/2020,148.36
9/24/2020,145.88
9/25/2020,148.53
9/28/2020,147.61
9/29/2020,142.88
9/30/2020,145.48
10/1/2020,144.9
10/2/2020,144.09
10/5/2020,144.44
10/6/2020,147.26
10/7/2020,148.88
10/8/2020,154.12
10/9/2020,154.76
10/12/2020,153.6
10/13/2020,152.51
10/14/2020,157.75
10/15/2020,161.1
10/16/2020,160.92
10/19/2020,164.67
10/20/2020,159.65
10/21/2020,159.54
10/22/2020,152.62
10/23/2020,154.52
10/26/2020,156.2
10/27/2020,155.97
10/28/2020,153.03
10/29/2020,151.3
10/30/2020,151.18
11/2/2020,152.05
11/3/2020,150.78
11/4/2020,152.97
11/5/2020,155.45
11/6/2020,150.61
11/9/2020,152.95
11/10/2020,152.15
11/11/2020,152.35
11/12/2020,153.83
11/13/2020,148.88
11/16/2020,147.03
11/17/2020,151.3
11/18/2020,151.93
11/19/2020,145.36
11/20/2020,150.66
11/23/2020,154.76
11/24/2020,153.89
11/25/2020,156.02
11/27/2020,155.04
11/30/2020,158.1
12/1/2020,158.5
12/2/2020,156.48
12/3/2020,154.29
12/4/2020,153.49
12/7/2020,149.74
12/8/2020,151.24
12/9/2020,152.8
12/10/2020,150.09
12/11/2020,145.76
12/14/2020,151.41
12/15/2020,153.2
12/16/2020,152.1
12/17/2020,151.01
12/18/2020,151.7
12/21/2020,151.99
12/22/2020,152.22
12/23/2020,156.43
12/24/2020,154.35
12/28/2020,153.31
12/29/2020,154.93
12/30/2020,155.85
12/31/2020,162.02
1/4/2021,164.21
1/5/2021,163.52
1/6/2021,160.86
1/7/2021,159.37
1/8/2021,160.29
1/11/2021,161.99
1/12/2021,164.88
1/13/2021,165.37
1/14/2021,166.17
1/15/2021,167.49
1/19/2021,164.67
1/20/2021,168.47
1/21/2021,170.37
1/22/2021,175.56
1/25/2021,176.66
1/26/2021,177.41
1/27/2021,175.91
1/28/2021,176.08
1/29/2021,176.71
2/1/2021,174.06
2/2/2021,180
2/3/2021,182.59
2/4/2021,182.82
2/5/2021,185.13
2/8/2021,185.94
2/9/2021,185.3
2/10/2021,188.65
2/11/2021,194.24
2/12/2021,196.43
2/16/2021,198.67
2/17/2021,195.73
2/18/2021,195.79
2/19/2021,194.81
2/22/2021,196.25
2/23/2021,199.25
2/24/2021,206.17
2/25/2021,206.92
2/26/2021,200.92
3/1/2021,202.25
3/2/2021,196.77
3/3/2021,202.71
3/4/2021,201.27
3/5/2021,204.78
3/8/2021,209.27
3/9/2021,215.41
3/10/2021,220.58
3/11/2021,228.53
3/12/2021,228.24
3/15/2021,228.07
3/16/2021,232.8
3/17/2021,235.91
3/18/2021,230.61
3/19/2021,231.93
3/22/2021,229.34
3/23/2021,233.43
3/24/2021,235.27
3/25/2021,238.21
3/26/2021,243.46
3/29/2021,242.59
3/30/2021,244.44
3/31/2021,242.77
4/1/2021,245.13
4/5/2021,243.46
4/6/2021,243.52
4/7/2021,248.76
4/8/2021,250.61
4/9/2021,251.18
4/12/2021,244.73
4/13/2021,244.78
4/14/2021,248.3
4/15/2021,241.38
4/16/2021,234.47
4/19/2021,240.52
4/20/2021,245.19
4/21/2021,240.98
4/22/2021,238.73
4/23/2021,243.75
4/26/2021,246.34
4/27/2021,245.94
4/28/2021,251.59
4/29/2021,246.05
4/30/2021,252.97
5/3/2021,259.71
5/4/2021,261.79
5/5/2021,263.8
5/6/2021,263.92
5/7/2021,260.5
5/10/2021,259
5/11/2021,256.66
5/12/2021,258.09
5/13/2021,253.83
5/14/2021,251.3
5/17/2021,251.18
5/18/2021,257.06
5/19/2021,256.83
5/20/2021,261.79
5/21/2021,268.7
5/24/2021,265.88
5/25/2021,270.89
5/26/2021,268.36
5/27/2021,269.05
5/28/2021,275.16
6/1/2021,275.85
6/2/2021,273.14
6/3/2021,274.35
6/4/2021,278.04
6/7/2021,280.02
6/8/2021,277.93
6/9/2021,276.31
6/10/2021,274.87
6/11/2021,269.68
6/14/2021,264.67
6/15/2021,264.44
6/16/2021,257.52
6/17/2021,247.15
6/18/2021,245.94
6/21/2021,239.02
6/22/2021,239.08
6/23/2021,232.22
6/24/2021,227.55
6/25/2021,230.03
6/28/2021,236.95
6/29/2021,238.9
6/30/2021,238.04
7/1/2021,231.24
7/2/2021,231.07
7/6/2021,235.97
7/7/2021,231.47
7/8/2021,223.91
7/9/2021,219.29
7/12/2021,216.77
7/13/2021,213.68
7/14/2021,205.71
7/15/2021,206.11
7/16/2021,209.22
7/19/2021,206.05
7/20/2021,209.86
7/21/2021,213.03
7/22/2021,211.47
7/23/2021,213.54
7/26/2021,214.64
7/27/2021,213.31
7/28/2021,206.4
7/29/2021,205.13
7/30/2021,202.94
8/2/2021,206.34
8/3/2021,210.66
8/4/2021,207.78
8/5/2021,200.86
8/6/2021,201.96
8/9/2021,195.04
8/10/2021,193.37
8/11/2021,197.93
8/12/2021,199.37
8/13/2021,199.48
8/16/2021,205.19
8/17/2021,202.65
8/18/2021,205.42
8/19/2021,200.4
8/20/2021,204.32
8/23/2021,201.67
8/24/2021,200.52
8/25/2021,204.61
8/26/2021,202.65
8/27/2021,209.16
8/30/2021,207.84
8/31/2021,204.73
9/1/2021,207.84
9/2/2021,207.15
9/3/2021,206.51
9/7/2021,203.11
9/8/2021,198.29
9/9/2021,191.53
9/10/2021,181.3
9/13/2021,172.58
9/14/2021,166.4
9/15/2021,166.57
9/16/2021,171.64
9/17/2021,173.03
9/20/2021,171.12
9/21/2021,169.68
9/22/2021,169.16
9/23/2021,176.37
9/24/2021,177.06
9/27/2021,188.01
9/28/2021,192.68
9/29/2021,192.74
9/30/2021,196.89
10/1/2021,196.37
10/4/2021,191.59
10/5/2021,190.32
10/6/2021,188.41
10/7/2021,189.11
10/8/2021,187.9
10/11/2021,184.84
10/12/2021,180.23
10/13/2021,180.17
10/14/2021,178.27
10/15/2021,180.46
10/18/2021,181.56
10/19/2021,178.44
10/20/2021,175.27
10/21/2021,168.76
10/22/2021,169.05
10/25/2021,171.07
10/26/2021,167.32
10/27/2021,165.94
10/28/2021,173.37
10/29/2021,175.39
11/1/2021,175.56
11/2/2021,171.18
11/3/2021,175.1
11/4/2021,179.54
11/5/2021,177.83
11/8/2021,178.85
11/9/2021,178.05
11/10/2021,181.21
11/11/2021,182.31
11/12/2021,185.71
11/15/2021,187.15
11/16/2021,192.22
11/17/2021,191.7
11/18/2021,192.05
11/19/2021,190.14
11/22/2021,191.41
11/23/2021,191.99
11/24/2021,194.24
11/26/2021,186.8
11/29/2021,186.57
11/30/2021,184.38
12/1/2021,184.73
12/2/2021,189.05
12/3/2021,187.9
12/6/2021,180.35
12/7/2021,176.48
12/8/2021,175.33
12/9/2021,179.42
12/10/2021,186.8
12/13/2021,186.17
12/14/2021,184.61
12/15/2021,182.88
12/16/2021,185.24
12/17/2021,186.28
12/20/2021,183.23
12/21/2021,190.03
12/22/2021,192.16
12/23/2021,191.87
12/27/2021,192.85
12/28/2021,190.49
12/29/2021,193.26
12/30/2021,190.66
12/31/2021,187.84
1/3/2022,187.03
1/4/2022,184.78
1/5/2022,189.68
1/6/2022,191.24
1/7/2022,187.18
1/10/2022,186.52
1/11/2022,188.27
1/12/2022,193.87
1/13/2022,196.71
1/14/2022,203.92
1/18/2022,205.82
1/19/2022,210.61
1/20/2022,216.71
1/21/2022,218.9
1/24/2022,219.77
1/25/2022,224.21
1/26/2022,222.36
1/27/2022,218.27
1/28/2022,218.85
1/31/2022,220.63
2/1/2022,225.19
2/2/2022,228.53
2/3/2022,226.8
2/4/2022,230.72
2/7/2022,233.49
2/8/2022,239.31
2/9/2022,241.56
2/10/2022,238.44
2/11/2022,235.68
2/14/2022,235.91
2/15/2022,240.12
2/16/2022,243
2/17/2022,248.01
2/18/2022,252.22
2/22/2022,258.39
2/23/2022,249.05
2/24/2022,243.29
2/25/2022,239.02
2/28/2022,238.62
3/1/2022,244.84
3/2/2022,245.07
3/3/2022,242.54
3/4/2022,231.59
3/7/2022,236.13
3/8/2022,248.13
3/9/2022,250.87
3/10/2022,258.07
3/11/2022,272.45
3/14/2022,275.16
3/15/2022,276.83
3/16/2022,277.75
3/17/2022,269.68
3/18/2022,267.61
3/21/2022,276.25
3/22/2022,276.83
3/23/2022,283.52
3/24/2022,281.44
3/25/2022,290.14
3/28/2022,290.61
3/29/2022,287.32
3/30/2022,286.4
3/31/2022,278.1
4/1/2022,277.69
4/4/2022,267.78
4/5/2022,263.63
4/6/2022,264.44
4/7/2022,263.17
4/8/2022,264.15
4/11/2022,265.19
4/12/2022,273.14
4/13/2022,271.12
4/14/2022,273.14
4/18/2022,282.19
4/19/2022,279.71
4/20/2022,273.78
4/21/2022,270.14
4/22/2022,273.83
4/25/2022,262.88
4/26/2022,256.31
4/27/2022,254.41
4/28/2022,255.85
4/29/2022,245.24
5/2/2022,242.02
5/3/2022,235.62
5/4/2022,242.31
5/5/2022,246.86
5/6/2022,241.36
5/9/2022,236.22
5/10/2022,236.12
5/11/2022,233.8
5/12/2022,225.59
5/13/2022,233.31
5/16/2022,241.61
5/17/2022,248.41
5/18/2022,250.2
5/19/2022,246.63
5/20/2022,251.3
5/23/2022,255.56
5/24/2022,251.41
5/25/2022,248.88
5/26/2022,257.81
5/27/2022,257.58
5/31/2022,248.99
6/1/2022,259.19
6/2/2022,258.62
6/3/2022,255.33
6/6/2022,251.24
6/7/2022,250.93
6/8/2022,246.99
6/9/2022,239.45
6/10/2022,239.99
6/13/2022,240.69
6/14/2022,238.73
6/15/2022,240.52
6/16/2022,244.44
6/17/2022,248.7
6/21/2022,253.14
6/22/2022,249.74
6/23/2022,239.02
6/24/2022,246.17
6/27/2022,241.79
6/28/2022,239.37
6/29/2022,238.79
6/30/2022,235.39
7/1/2022,237.41
7/5/2022,244.27
7/6/2022,251.76
7/7/2022,252.45
7/8/2022,244.7
7/11/2022,235.17
7/12/2022,228.61
7/13/2022,223.49
7/14/2022,215.22
7/15/2022,213.49
7/18/2022,217.58
7/19/2022,217.87
7/20/2022,221.38
7/21/2022,220.81
7/22/2022,222.07
7/25/2022,217
7/26/2022,215.91
7/27/2022,222.36
7/28/2022,222.07
7/29/2022,224.15
8/1/2022,223.23
8/2/2022,221.84
8/3/2022,220.98
8/4/2022,225.01
8/5/2022,226.86
8/8/2022,231.24
8/9/2022,229.63
8/10/2022,232.51
8/11/2022,233.03
8/12/2022,230.61
8/15/2022,231.87
8/16/2022,222.65
8/17/2022,226.05
8/18/2022,215.1
8/19/2022,214.7
8/22/2022,216.66
8/23/2022,214.18
8/24/2022,208.36
8/25/2022,210.03
8/26/2022,208.99
8/29/2022,212.68
8/30/2022,215.79
8/31/2022,211.01
9/1/2022,211.99
9/2/2022,207.55
9/6/2022,210.03
9/7/2022,209.97
9/8/2022,208.03
9/9/2022,205.54
9/12/2022,199.23
9/13/2022,202.21
9/14/2022,196.66
9/15/2022,202.07
9/16/2022,202.82
9/19/2022,203.23
9/20/2022,203.29
9/21/2022,199.31
9/22/2022,197.52
9/23/2022,190.89
9/26/2022,183.05
9/27/2022,175.79
9/28/2022,174.81
9/29/2022,174.58
9/30/2022,175.73
10/3/2022,179.19
10/4/2022,171.59
10/5/2022,176.37
10/6/2022,179.31
10/7/2022,177.87
10/10/2022,183.52
10/11/2022,183.34
10/12/2022,186.05
10/13/2022,185.82
10/14/2022,189.63
10/17/2022,195.85
10/18/2022,199.37
10/19/2022,201.44
10/20/2022,200.63
10/21/2022,205.48
10/24/2022,202.71
10/25/2022,203.92
10/26/2022,204.03
10/27/2022,196.25
10/28/2022,198.5
10/31/2022,195.79
11/1/2022,196.43
11/2/2022,192.05
11/3/2022,192.22
11/4/2022,191.3
11/7/2022,201.61
11/8/2022,199.99
11/9/2022,201.96
11/10/2022,202.96
11/11/2022,203.8
11/14/2022,205.13
11/15/2022,207.67
11/16/2022,208.3
11/17/2022,209.34
11/18/2022,206.46
11/21/2022,207.84
11/22/2022,207.67
11/23/2022,204.73
11/25/2022,204.03
11/28/2022,195.39
11/29/2022,194.01
11/30/2022,196.77
12/1/2022,205.65
12/2/2022,208.47