Effective date ,Dow Jones Commodity Index Natural Gas
11/30/2012,193.64
12/3/2012,195.27
12/4/2012,192.44
12/5/2012,201.2
12/6/2012,199.35
12/7/2012,193.39
12/10/2012,188.73
12/11/2012,186.48
12/12/2012,185.21
12/13/2012,184.28
12/14/2012,182.6
12/17/2012,184.77
12/18/2012,187.87
12/19/2012,183.03
12/20/2012,190.05
12/21/2012,189.34
12/24/2012,183.69
12/26/2012,186.24
12/27/2012,185.54
12/28/2012,188.64
12/31/2012,182.22
1/2/2013,175.8
1/3/2013,173.9
1/4/2013,178.74
1/7/2013,177.6
1/8/2013,175.16
1/9/2013,169.67
1/10/2013,174.12
1/11/2013,181.31
1/14/2013,183.69
1/15/2013,187.77
1/16/2013,186.9
1/17/2013,190.05
1/18/2013,193.86
1/22/2013,193.47
1/23/2013,193.2
1/24/2013,187.82
1/25/2013,188.31
1/28/2013,179.72
1/29/2013,177.16
1/30/2013,181.35
1/31/2013,181.57
2/1/2013,179.5
2/4/2013,180.26
2/5/2013,184.83
2/6/2013,185.86
2/7/2013,179.28
2/8/2013,179.34
2/11/2013,180.49
2/12/2013,178.51
2/13/2013,183.31
2/14/2013,175.69
2/15/2013,174.99
2/19/2013,181.13
2/20/2013,181.13
2/21/2013,179.34
2/22/2013,182.11
2/25/2013,188.69
2/26/2013,187.93
2/27/2013,186.73
2/28/2013,189.56
3/1/2013,187.93
3/4/2013,191.9
3/5/2013,191.9
3/6/2013,188.69
3/7/2013,195.27
3/8/2013,198.29
3/11/2013,199.73
3/12/2013,199.9
3/13/2013,202.18
3/14/2013,209.24
3/15/2013,212.56
3/18/2013,212.83
3/19/2013,217.24
3/20/2013,216.69
3/21/2013,215.39
3/22/2013,214.9
3/25/2013,211.42
3/26/2013,217.02
3/27/2013,221.21
3/28/2013,218.81
4/1/2013,218.33
4/2/2013,215.82
4/3/2013,212.07
4/4/2013,214.63
4/5/2013,224.69
4/8/2013,222.75
4/9/2013,219.74
4/10/2013,223.96
4/11/2013,227.24
4/12/2013,231.7
4/15/2013,226.64
4/16/2013,227.73
4/17/2013,230.72
4/18/2013,241
4/19/2013,241.27
4/22/2013,233.71
4/23/2013,232.63
4/24/2013,228.55
4/25/2013,228.38
4/26/2013,229.64
4/29/2013,238.83
4/30/2013,236.16
5/1/2013,235.24
5/2/2013,218.87
5/3/2013,219.74
5/6/2013,218.11
5/7/2013,213.75
5/8/2013,217.44
5/9/2013,218.22
5/10/2013,214.79
5/13/2013,215.93
5/14/2013,221.21
5/15/2013,223.65
5/16/2013,216.53
5/17/2013,223.11
5/20/2013,225.18
5/21/2013,230.51
5/22/2013,230.18
5/23/2013,234.2
5/24/2013,232.95
5/28/2013,229.69
5/29/2013,227.51
5/30/2013,218.76
5/31/2013,216.64
6/3/2013,217.02
6/4/2013,217.4
6/5/2013,217.56
6/6/2013,208.1
6/7/2013,208.37
6/10/2013,207.09
6/11/2013,203.12
6/12/2013,206.25
6/13/2013,208.65
6/14/2013,204.4
6/17/2013,211.91
6/18/2013,213.54
6/19/2013,216.69
6/20/2013,212.02
6/21/2013,206.25
6/24/2013,204.46
6/25/2013,199.56
6/26/2013,203.21
6/27/2013,194.78
6/28/2013,193.86
7/1/2013,194.51
7/2/2013,198.69
7/3/2013,200.65
7/5/2013,196.68
7/8/2013,203.41
7/9/2013,198.88
7/10/2013,200.17
7/11/2013,196.51
7/12/2013,198.15
7/15/2013,199.67
7/16/2013,199.89
7/17/2013,197.39
7/18/2013,207.18
7/19/2013,205.98
7/22/2013,200.05
7/23/2013,203.81
7/24/2013,201.36
7/25/2013,198.31
7/26/2013,193.75
7/29/2013,188.8
7/30/2013,186.62
7/31/2013,187.38
8/1/2013,184.18
8/2/2013,182
8/5/2013,180.48
8/6/2013,180.42
8/7/2013,176.84
8/8/2013,179.8
8/9/2013,176.52
8/12/2013,181.08
8/13/2013,180.1
8/14/2013,182.98
8/15/2013,187.22
8/16/2013,184.5
8/19/2013,189.61
8/20/2013,188.85
8/21/2013,189.83
8/22/2013,194.4
8/23/2013,191.46
8/26/2013,193.2
8/27/2013,194.29
8/28/2013,194.78
8/29/2013,196.74
8/30/2013,194.73
9/3/2013,199.35
9/4/2013,200.27
9/5/2013,194.4
9/6/2013,191.95
9/9/2013,196.86
9/10/2013,196.59
9/11/2013,196.44
9/12/2013,201.04
9/13/2013,204.19
9/16/2013,207.4
9/17/2013,207.83
9/18/2013,205.93
9/19/2013,206.36
9/20/2013,204.62
9/23/2013,199.95
9/24/2013,193.53
9/25/2013,192.82
9/26/2013,193.96
9/27/2013,195.16
9/30/2013,193.58
10/1/2013,196.25
10/2/2013,192.6
10/3/2013,190.27
10/4/2013,190.65
10/7/2013,199.06
10/8/2013,205.39
10/9/2013,205.27
10/10/2013,209.15
10/11/2013,213.65
10/14/2013,215.66
10/15/2013,213.97
10/16/2013,212.34
10/17/2013,211.31
10/18/2013,211.91
10/21/2013,206.25
10/22/2013,201.52
10/23/2013,202.99
10/24/2013,203.53
10/25/2013,207.29
10/28/2013,199.08
10/29/2013,197.34
10/30/2013,196.85
10/31/2013,194.73
11/1/2013,191.03
11/4/2013,187.33
11/5/2013,188.47
11/6/2013,190.21
11/7/2013,191.96
11/8/2013,194.77
11/11/2013,195.94
11/12/2013,198.81
11/13/2013,196.74
11/14/2013,198.75
11/15/2013,201.63
11/18/2013,199.4
11/19/2013,196.03
11/20/2013,201.9
11/21/2013,203.37
11/22/2013,207.23
11/25/2013,208.92
11/26/2013,210.11
11/27/2013,211.8
11/29/2013,215.01
12/2/2013,216.86
12/3/2013,216.2
12/4/2013,215.33
12/5/2013,224.69
12/6/2013,223.67
12/9/2013,229.97
12/10/2013,230.2
12/11/2013,235.57
12/12/2013,239.31
12/13/2013,236.54
12/16/2013,233.06
12/17/2013,234.04
12/18/2013,232.41
12/19/2013,244.1
12/20/2013,242.9
12/23/2013,245.73
12/24/2013,243.01
12/26/2013,243.39
12/27/2013,237.52
12/30/2013,240.73
12/31/2013,230.02
1/2/2014,234.96
1/3/2014,234.04
1/6/2014,234.15
1/7/2014,233.77
1/8/2014,228.81
1/9/2014,217.28
1/10/2014,219.35
1/13/2014,230.23
1/14/2014,234.64
1/15/2014,232.63
1/16/2014,235.13
1/17/2014,231.59
1/21/2014,236.98
1/22/2014,247.42
1/23/2014,248.99
1/24/2014,271.78
1/27/2014,254.16
1/28/2014,268.68
1/29/2014,297.17
1/30/2014,272.49
1/31/2014,268.79
2/3/2014,266.72
2/4/2014,292.28
2/5/2014,273.52
2/6/2014,268.13
2/7/2014,256.84
2/10/2014,245.23
2/11/2014,254.03
2/12/2014,250.51
2/13/2014,251.88
2/14/2014,248.89
2/18/2014,258.46
2/19/2014,269.17
2/20/2014,264.06
2/21/2014,272.54
2/24/2014,251.22
2/25/2014,255.08
2/26/2014,246.93
2/27/2014,245.3
2/28/2014,250.63
3/3/2014,244.26
3/4/2014,253.78
3/5/2014,245.95
3/6/2014,253.51
3/7/2014,250.56
3/10/2014,251.28
3/11/2014,248.42
3/12/2014,242.02
3/13/2014,236.81
3/14/2014,239.42
3/17/2014,244.26
3/18/2014,240.57
3/19/2014,242.41
3/20/2014,236.49
3/21/2014,233.66
3/24/2014,232.3
3/25/2014,240.02
3/26/2014,238.99
3/27/2014,246.76
3/28/2014,243.88
3/31/2014,237.68
4/1/2014,232.52
4/2/2014,237.3
4/3/2014,243.07
4/4/2014,241.38
4/7/2014,243.68
4/8/2014,246.9
4/9/2014,249.6
4/10/2014,253.82
4/11/2014,252.04
4/14/2014,249.16
4/15/2014,249.43
4/16/2014,247.36
4/17/2014,258.51
4/21/2014,256.39
4/22/2014,258.73
4/23/2014,258.13
4/24/2014,256.82
4/25/2014,253.29
4/28/2014,260.96
4/29/2014,262.7
4/30/2014,261.83
5/1/2014,256.61
5/2/2014,254.16
5/5/2014,254.92
5/6/2014,260.96
5/7/2014,257.9
5/8/2014,248.85
5/9/2014,246.68
5/12/2014,241.33
5/13/2014,237.19
5/14/2014,237.68
5/15/2014,243.5
5/16/2014,240.4
5/19/2014,243.23
5/20/2014,247.58
5/21/2014,243.5
5/22/2014,236.92
5/23/2014,239.53
5/27/2014,245.3
5/28/2014,250.95
5/29/2014,247.91
5/30/2014,246.98
6/2/2014,250.79
6/3/2014,251.71
6/4/2014,252.31
6/5/2014,255.63
6/6/2014,256.01
6/9/2014,252.37
6/10/2014,246.1
6/11/2014,244.96
6/12/2014,259
6/13/2014,258.18
6/16/2014,256.55
6/17/2014,256.77
6/18/2014,254.21
6/19/2014,250.3
6/20/2014,247.53
6/23/2014,242.96
6/24/2014,247.74
6/25/2014,248.45
6/26/2014,241.49
6/27/2014,239.75
6/30/2014,242.58
7/1/2014,242.25
7/2/2014,236.92
7/3/2014,239.59
7/7/2014,229.74
7/8/2014,228.49
7/9/2014,226.67
7/10/2014,223.81
7/11/2014,225.01
7/14/2014,225.12
7/15/2014,222.62
7/16/2014,223.82
7/17/2014,215.17
7/18/2014,215.06
7/21/2014,210.01
7/22/2014,205.82
7/23/2014,205.33
7/24/2014,209.35
7/25/2014,205.93
7/28/2014,204.73
7/29/2014,207.94
7/30/2014,205.87
7/31/2014,208.86
8/1/2014,206.53
8/4/2014,208.48
8/5/2014,211.91
8/6/2014,213.87
8/7/2014,210.97
8/8/2014,215.83
8/11/2014,216.36
8/12/2014,217.27
8/13/2014,210.01
8/14/2014,213.7
8/15/2014,207.01
8/18/2014,208.16
8/19/2014,212.51
8/20/2014,209.9
8/21/2014,213.7
8/22/2014,211.15
8/25/2014,216.37
8/26/2014,214.74
8/27/2014,217.67
8/28/2014,219.9
8/29/2014,221.04
9/2/2014,211.53
9/3/2014,209.19
9/4/2014,207.67
9/5/2014,206.25
9/8/2014,211.32
9/9/2014,217.75
9/10/2014,216.67
9/11/2014,210.06
9/12/2014,212.62
9/15/2014,217.35
9/16/2014,220.94
9/17/2014,221.7
9/18/2014,216.15
9/19/2014,212.23
9/22/2014,212.51
9/23/2014,210.39
9/24/2014,215.61
9/25/2014,218.27
9/26/2014,219.09
9/29/2014,225.88
9/30/2014,224.09
10/1/2014,218.76
10/2/2014,213.81
10/3/2014,219.63
10/6/2014,211.96
10/7/2014,216.2
10/8/2014,211.71
10/9/2014,212.08
10/10/2014,213.76
10/13/2014,217.73
10/14/2014,212.07
10/15/2014,211.26
10/16/2014,211.26
10/17/2014,210.06
10/20/2014,204.73
10/21/2014,206.63
10/22/2014,203.64
10/23/2014,201.52
10/24/2014,201.09
10/27/2014,197.77
10/28/2014,202.88
10/29/2014,205.98
10/30/2014,208.1
10/31/2014,210.6
11/3/2014,220.01
11/4/2014,224.52
11/5/2014,228.06
11/6/2014,239.48
11/7/2014,240.95
11/10/2014,233.46
11/11/2014,234.11
11/12/2014,231.88
11/13/2014,222.35
11/14/2014,224.52
11/17/2014,241.65
11/18/2014,237.36
11/19/2014,245.57
11/20/2014,252.8
11/21/2014,240.18
11/24/2014,234.04
11/25/2014,239.42
11/26/2014,236.81
11/28/2014,222.29
12/1/2014,217.89
12/2/2014,210.66
12/3/2014,206.91
12/4/2014,198.42
12/5/2014,206.97
12/8/2014,196.1
12/9/2014,199.53
12/10/2014,202.83
12/11/2014,199.18
12/12/2014,207.5
12/15/2014,202.83
12/16/2014,197.66
12/17/2014,202.5
12/18/2014,199.89
12/19/2014,190.21
12/22/2014,172.92
12/23/2014,174.23
12/24/2014,167.05
12/26/2014,164.93
12/29/2014,173.95
12/30/2014,168.24
12/31/2014,157.1
1/2/2015,163.3
1/5/2015,156.72
1/6/2015,159.76
1/7/2015,156.12
1/8/2015,159.14
1/9/2015,160.22
1/12/2015,151.98
1/13/2015,159.55
1/14/2015,174.44
1/15/2015,169.71
1/16/2015,167.86
1/20/2015,153.34
1/21/2015,159.87
1/22/2015,153.72
1/23/2015,160.85
1/26/2015,154.87
1/27/2015,159.6
1/28/2015,154.54
1/29/2015,147.85
1/30/2015,146.33
2/2/2015,145.73
2/3/2015,149.76
2/4/2015,144.75
2/5/2015,141.38
2/6/2015,140.49
2/9/2015,141.83
2/10/2015,146.45
2/11/2015,152.83
2/12/2015,148.61
2/13/2015,152.91
2/17/2015,151.11
2/18/2015,155.36
2/19/2015,156.33
2/20/2015,161.61
2/23/2015,157.31
2/24/2015,157.1
2/25/2015,155.63
2/26/2015,146.66
2/27/2015,148.67
3/2/2015,146.71
3/3/2015,147.47
3/4/2015,150.57
3/5/2015,154.49
3/6/2015,154.74
3/9/2015,146.38
3/10/2015,149.57
3/11/2015,154.69
3/12/2015,150.35
3/13/2015,149.86
3/16/2015,148.94
3/17/2015,156.17
3/18/2015,159.65
3/19/2015,153.83
3/20/2015,152.42
3/23/2015,150.08
3/24/2015,152.8
3/25/2015,148.99
3/26/2015,146.17
3/27/2015,143.5
3/30/2015,143.77
3/31/2015,143.56
4/1/2015,141.65
4/2/2015,147.53
4/6/2015,144.1
4/7/2015,145.73
4/8/2015,142.93
4/9/2015,138.53
4/10/2015,138.08
4/13/2015,138.15
4/14/2015,139.86
4/15/2015,144.05
4/16/2015,148.23
4/17/2015,145.68
4/20/2015,140.18
4/21/2015,142.47
4/22/2015,144.32
4/23/2015,139.7
4/24/2015,139.64
4/27/2015,136.7
4/28/2015,137.96
4/29/2015,141.71
4/30/2015,149.59
5/1/2015,150.95
5/4/2015,153.4
5/5/2015,151.17
5/6/2015,150.95
5/7/2015,149.22
5/8/2015,157.65
5/11/2015,153.9
5/12/2015,159.62
5/13/2015,162.26
5/14/2015,166.56
5/15/2015,166.94
5/18/2015,166.45
5/19/2015,162.64
5/20/2015,160.9
5/21/2015,162.81
5/22/2015,158.73
5/26/2015,154.92
5/27/2015,154.81
5/28/2015,147.15
5/29/2015,143.67
6/1/2015,144.05
6/2/2015,146.71
6/3/2015,143.23
6/4/2015,142.79
6/5/2015,141.17
6/8/2015,147.79
6/9/2015,155.8
6/10/2015,158.51
6/11/2015,155.25
6/12/2015,150.95
6/15/2015,158.35
6/16/2015,158.67
6/17/2015,156.77
6/18/2015,152.2
6/19/2015,154.43
6/22/2015,150.19
6/23/2015,149.32
6/24/2015,151.28
6/25/2015,155.85
6/26/2015,150.63
6/29/2015,152.53
6/30/2015,154
7/1/2015,151.33
7/2/2015,153.45
7/6/2015,149.86
7/7/2015,147.69
7/8/2015,146.13
7/9/2015,148.49
7/10/2015,150.95
7/13/2015,155.87
7/14/2015,154.38
7/15/2015,158.18
7/16/2015,155.14
7/17/2015,156.28
7/20/2015,153.89
7/21/2015,157.15
7/22/2015,158.13
7/23/2015,153.18
7/24/2015,150.9
7/27/2015,151.6
7/28/2015,153.13
7/29/2015,155.74
7/30/2015,150.52
7/31/2015,147.69
8/3/2015,149.43
8/4/2015,152.91
8/5/2015,152.15
8/6/2015,152.96
8/7/2015,152.41
8/10/2015,155.11
8/11/2015,155.53
8/12/2015,160.47
8/13/2015,153.34
8/14/2015,154.27
8/17/2015,150.46
8/18/2015,148.99
8/19/2015,149.37
8/20/2015,151.44
8/21/2015,146.66
8/24/2015,144.43
8/25/2015,146.55
8/26/2015,146.98
8/27/2015,144.86
8/28/2015,147.63
8/31/2015,146.22
9/1/2015,146.93
9/2/2015,143.99
9/3/2015,148.18
9/4/2015,144.37
9/8/2015,148.25
9/9/2015,146
9/10/2015,148.37
9/11/2015,149.66
9/14/2015,153.78
9/15/2015,152.26
9/16/2015,148.94
9/17/2015,148.34
9/18/2015,145.51
9/21/2015,143.67
9/22/2015,143.5
9/23/2015,143.45
9/24/2015,145.41
9/25/2015,143.07
9/28/2015,145.19
9/29/2015,140.62
9/30/2015,137.25
10/1/2015,132.3
10/2/2015,133.28
10/5/2015,133.22
10/6/2015,134.31
10/7/2015,136.73
10/8/2015,140.49
10/9/2015,143.1
10/12/2015,147.29
10/13/2015,147.96
10/14/2015,148.56
10/15/2015,146.06
10/16/2015,144.1
10/19/2015,144.48
10/20/2015,145.24
10/21/2015,141.54
10/22/2015,140.46
10/23/2015,135.56
10/26/2015,127.95
10/27/2015,128.38
10/28/2015,124.96
10/29/2015,122.73
10/30/2015,126.21
11/2/2015,122.68
11/3/2015,122.51
11/4/2015,123
11/5/2015,128.55
11/6/2015,130.68
11/9/2015,128.31
11/10/2015,131.51
11/11/2015,131.28
11/12/2015,132.95
11/13/2015,137.36
11/16/2015,138.88
11/17/2015,137.41
11/18/2015,135.67
11/19/2015,131.16
11/20/2015,124.58
11/23/2015,127.41
11/24/2015,126.37
11/25/2015,125.01
11/27/2015,120.28
11/30/2015,121.53
12/1/2015,121.32
12/2/2015,117.73
12/3/2015,118.6
12/4/2015,118.87
12/7/2015,113.1
12/8/2015,113.8
12/9/2015,113.92
12/10/2015,112.18
12/11/2015,111.47
12/14/2015,106.53
12/15/2015,102.56
12/16/2015,101.47
12/17/2015,101.85
12/18/2015,101.63
12/21/2015,108.05
12/22/2015,106.31
12/23/2015,110.71
12/24/2015,113.05
12/28/2015,122.68
12/29/2015,128.87
12/30/2015,120.39
12/31/2015,127.08
1/4/2016,126.92
1/5/2016,126.43
1/6/2016,123.27
1/7/2016,129.53
1/8/2016,134.41
1/11/2016,130.14
1/12/2016,122.86
1/13/2016,124.3
1/14/2016,118.54
1/15/2016,115.66
1/19/2016,114.63
1/20/2016,115.44
1/21/2016,116.31
1/22/2016,116.42
1/25/2016,117.18
1/26/2016,117.35
1/27/2016,117.29
1/28/2016,118.65
1/29/2016,124.96
2/1/2016,117.02
2/2/2016,110.11
2/3/2016,110.82
2/4/2016,107.23
2/5/2016,112.99
2/8/2016,117.43
2/9/2016,115.75
2/10/2016,114.08
2/11/2016,112.07
2/12/2016,110.39
2/16/2016,107.07
2/17/2016,109.35
2/18/2016,104.79
2/19/2016,101.52
2/22/2016,101.25
2/23/2016,99.46
2/24/2016,99.73
2/25/2016,97.06
2/26/2016,97.39
2/29/2016,93.04
3/1/2016,94.73
3/2/2016,91.25
3/3/2016,89.12
3/4/2016,90.59
3/7/2016,92.97
3/8/2016,95.07
3/9/2016,98.34
3/10/2016,101.36
3/11/2016,104.13
3/14/2016,104.08
3/15/2016,105.76
3/16/2016,106.31
3/17/2016,109.35
3/18/2016,108.16
3/21/2016,103.53
3/22/2016,105.33
3/23/2016,101.58
3/24/2016,102.34
3/28/2016,105.27
3/29/2016,107.72
3/30/2016,108.54
3/31/2016,106.53
4/1/2016,106.36
4/4/2016,108.65
4/5/2016,106.25
4/6/2016,103.92
4/7/2016,110.64
4/8/2016,110.1
4/11/2016,106.87
4/12/2016,112.41
4/13/2016,115.23
4/14/2016,112.18
4/15/2016,108.59
4/18/2016,111.2
4/19/2016,118.98
4/20/2016,118.54
4/21/2016,120.07
4/22/2016,123.27
4/25/2016,118.92
4/26/2016,117.4
4/27/2016,117.07
4/28/2016,113
4/29/2016,118.43
5/2/2016,111.04
5/3/2016,113.43
5/4/2016,116.42
5/5/2016,112.89
5/6/2016,115.79
5/9/2016,116.93
5/10/2016,121.49
5/11/2016,123.73
5/12/2016,125.01
5/13/2016,122.02
5/16/2016,118.38
5/17/2016,118.81
5/18/2016,115.88
5/19/2016,119.36
5/20/2016,120.01
5/23/2016,119.58
5/24/2016,116.69
5/25/2016,118.6
5/26/2016,116.97
5/27/2016,117.94
5/31/2016,124.42
6/1/2016,129.47
6/2/2016,130.78
6/3/2016,130.4
6/6/2016,134.09
6/7/2016,135.43
6/8/2016,135.86
6/9/2016,144.69
6/10/2016,141.95
6/13/2016,144.21
6/14/2016,144.97
6/15/2016,144.21
6/16/2016,142.85
6/17/2016,144.97
6/20/2016,151.01
6/21/2016,152.15
6/22/2016,147.42
6/23/2016,148.83
6/24/2016,146.49
6/27/2016,149.05
6/28/2016,157.15
6/29/2016,155.68
6/30/2016,159
7/1/2016,162.43
7/5/2016,150.3
7/6/2016,151.5
7/7/2016,151.01
7/8/2016,152.17
7/11/2016,146.54
7/12/2016,147.56
7/13/2016,147.53
7/14/2016,147.2
7/15/2016,148.34
7/18/2016,146.38
7/19/2016,146.22
7/20/2016,142.52
7/21/2016,144.59
7/22/2016,149.16
7/25/2016,147.47
7/26/2016,145.57
7/27/2016,144.64
7/28/2016,156.23
7/29/2016,156.39
8/1/2016,150.68
8/2/2016,148.61
8/3/2016,154.38
8/4/2016,154.11
8/5/2016,151.14
8/8/2016,150.1
8/9/2016,143.63
8/10/2016,141.65
8/11/2016,141.76
8/12/2016,142.79
8/15/2016,142.96
8/16/2016,144.48
8/17/2016,144.59
8/18/2016,147.47
8/19/2016,142.41
8/22/2016,146.87
8/23/2016,151.93
8/24/2016,154.16
8/25/2016,156.88
8/26/2016,158.4
8/29/2016,157.48
8/30/2016,153.72
8/31/2016,156.99
9/1/2016,151.82
9/2/2016,151.82
9/6/2016,147.74
9/7/2016,145.51
9/8/2016,153.79
9/9/2016,154.12
9/12/2016,160.83
9/13/2016,161.66
9/14/2016,161.45
9/15/2016,163.24
9/16/2016,164.27
9/19/2016,163.4
9/20/2016,169.06
9/21/2016,170.31
9/22/2016,166.45
9/23/2016,163.84
9/26/2016,166.12
9/27/2016,165.85
9/28/2016,163.24
9/29/2016,160.9
9/30/2016,158.02
10/3/2016,158.95
10/4/2016,161.17
10/5/2016,165.36
10/6/2016,165.8
10/7/2016,175.78
10/10/2016,181.98
10/11/2016,182.28
10/12/2016,183.25
10/13/2016,192.06
10/14/2016,190.48
10/17/2016,189.29
10/18/2016,190.59
10/19/2016,186.73
10/20/2016,186.73
10/21/2016,182.76
10/24/2016,180.48
10/25/2016,171.23
10/26/2016,165.09
10/27/2016,166.83
10/28/2016,168.84
10/31/2016,164.55
11/1/2016,157.8
11/2/2016,151.82
11/3/2016,150.57
11/4/2016,150.46
11/7/2016,154.89
11/8/2016,147.03
11/9/2016,151.79
11/10/2016,150.91
11/11/2016,154.98
11/14/2016,159.71
11/15/2016,156.88
11/16/2016,158.78
11/17/2016,156.33
11/18/2016,162.04
11/21/2016,167.32
11/22/2016,168.57
11/23/2016,171.13
11/25/2016,174.12
11/28/2016,180.53
11/29/2016,180.26
11/30/2016,182.27
12/1/2016,190.59
12/2/2016,186.84
12/5/2016,198.69
12/6/2016,197.66
12/7/2016,195.77
12/8/2016,200.51
12/9/2016,203.53
12/12/2016,190.83
12/13/2016,188.96
12/14/2016,193.47
12/15/2016,188.69
12/16/2016,187.55
12/19/2016,186.57
12/20/2016,179.28
12/21/2016,193.96
12/22/2016,193.75
12/23/2016,200
12/27/2016,204.79
12/28/2016,211.96
12/29/2016,206.74
12/30/2016,202.5
1/3/2017,180.91
1/4/2017,177.65
1/5/2017,177.98
1/6/2017,178.63
1/9/2017,168.84
1/10/2017,178.18
1/11/2017,175.08
1/12/2017,183.3
1/13/2017,184.67
1/17/2017,185.15
1/18/2017,179.12
1/19/2017,182.71
1/20/2017,174.61
1/23/2017,177.11
1/24/2017,179.17
1/25/2017,181.95
1/26/2017,184.72
1/27/2017,182.6
1/30/2017,175.75
1/31/2017,169.49
2/1/2017,172.27
2/2/2017,173.3
2/3/2017,166.56
2/6/2017,165.85
2/7/2017,170.88
2/8/2017,171.51
2/9/2017,173.02
2/10/2017,168.59
2/13/2017,164.87
2/14/2017,163.4
2/15/2017,165.14
2/16/2017,161.56
2/17/2017,160.47
2/21/2017,146.33
2/22/2017,146.87
2/23/2017,149.48
2/24/2017,151.55
2/27/2017,146.44
2/28/2017,150.84
3/1/2017,152.2
3/2/2017,152.47
3/3/2017,153.72
3/6/2017,157.75
3/7/2017,154.62
3/8/2017,159.49
3/9/2017,164.07
3/10/2017,166.44
3/13/2017,168.95
3/14/2017,162.75
3/15/2017,165.31
3/16/2017,161.34
3/17/2017,163.35
3/20/2017,168.46
3/21/2017,171.56
3/22/2017,167.1
3/23/2017,170.26
3/24/2017,171.45
3/27/2017,170.26
3/28/2017,172.76
3/29/2017,175.69
3/30/2017,173.52
3/31/2017,173.46
4/3/2017,170.09
4/4/2017,179.06
4/5/2017,177.6
4/6/2017,181.13
4/7/2017,178.09
4/10/2017,177.62
4/11/2017,173.7
4/12/2017,176.56
4/13/2017,179.83
4/17/2017,176.78
4/18/2017,175.97
4/19/2017,178.14
4/20/2017,176.73
4/21/2017,173.57
4/24/2017,171.83
4/25/2017,172.1
4/26/2017,177.87
4/27/2017,176.13
4/28/2017,178.14
5/1/2017,174.82
5/2/2017,173.74
5/3/2017,175.53
5/4/2017,173.25
5/5/2017,178.51
5/8/2017,174.33
5/9/2017,178.35
5/10/2017,182.84
5/11/2017,188.2
5/12/2017,190.21
5/15/2017,186.46
5/16/2017,180.26
5/17/2017,178.52
5/18/2017,178.36
5/19/2017,182.33
5/22/2017,186.19
5/23/2017,180.1
5/24/2017,179.45
5/25/2017,178.09
5/26/2017,179.99
5/30/2017,171.02
5/31/2017,166.99
6/1/2017,163.57
6/2/2017,163.08
6/5/2017,162.15
6/6/2017,165.42
6/7/2017,164.59
6/8/2017,165.39
6/9/2017,166.3
6/12/2017,165.74
6/13/2017,162.53
6/14/2017,160.58
6/15/2017,167.37
6/16/2017,166.39
6/19/2017,158.62
6/20/2017,159.33
6/21/2017,158.51
6/22/2017,158.51
6/23/2017,160.47
6/26/2017,165.8
6/27/2017,166.61
6/28/2017,168.24
6/29/2017,165.42
6/30/2017,165.04
7/3/2017,160.47
7/5/2017,154.43
7/6/2017,157.04
7/7/2017,155.74
7/10/2017,159.22
7/11/2017,165.49
7/12/2017,161.99
7/13/2017,160.45
7/14/2017,161.56
7/17/2017,163.51
7/18/2017,167.1
7/19/2017,166.12
7/20/2017,164.93
7/21/2017,161.01
7/24/2017,156.72
7/25/2017,159.38
7/26/2017,158.46
7/27/2017,161.34
7/28/2017,159.92
7/31/2017,151.93
8/1/2017,153.29
8/2/2017,152.85
8/3/2017,152.26
8/4/2017,150.84
8/7/2017,152.74
8/8/2017,154.28
8/9/2017,157.98
8/10/2017,163.71
8/11/2017,163.62
8/14/2017,162.53
8/15/2017,161.23
8/16/2017,159.05
8/17/2017,161.28
8/18/2017,159.33
8/21/2017,162.7
8/22/2017,161.39
8/23/2017,160.96
8/24/2017,162.15
8/25/2017,159
8/28/2017,161.01
8/29/2017,162.21
8/30/2017,159.82
8/31/2017,165.31
9/1/2017,166.94
9/5/2017,161.61
9/6/2017,163.13
9/7/2017,162.1
9/8/2017,157.97
9/11/2017,161.91
9/12/2017,165.34
9/13/2017,168.9
9/14/2017,170.04
9/15/2017,167.75
9/18/2017,173.74
9/19/2017,172.65
9/20/2017,171.23
9/21/2017,163.51
9/22/2017,164.27
9/25/2017,162.48
9/26/2017,163.13
9/27/2017,166.45
9/28/2017,164.06
9/29/2017,163.51
10/2/2017,158.56
10/3/2017,157.42
10/4/2017,159.87
10/5/2017,158.95
10/6/2017,157.67
10/9/2017,158.08
10/10/2017,163.08
10/11/2017,164.8
10/12/2017,170.96
10/13/2017,171.83
10/16/2017,169
10/17/2017,170.09
10/18/2017,166.67
10/19/2017,167.81
10/20/2017,169.28
10/23/2017,171.62
10/24/2017,170.47
10/25/2017,167.59
10/26/2017,165.91
10/27/2017,161.17
10/30/2017,161.28
10/31/2017,157.48
11/1/2017,157.31
11/2/2017,159.6
11/3/2017,162.26
11/6/2017,170.42
11/7/2017,172.47
11/8/2017,174.76
11/9/2017,177.17
11/10/2017,178.76
11/13/2017,177.38
11/14/2017,174.17
11/15/2017,172.87
11/16/2017,171.45
11/17/2017,173.52
11/20/2017,170.74
11/21/2017,169.11
11/22/2017,166.34
11/24/2017,158.56
11/27/2017,164.06
11/28/2017,170.09
11/29/2017,172.87
11/30/2017,164.49
12/1/2017,166.45
12/4/2017,162.32
12/5/2017,158.46
12/6/2017,158.89
12/7/2017,150.45
12/8/2017,151.17
12/11/2017,154.4
12/12/2017,146.32
12/13/2017,148.56
12/14/2017,147.04
12/15/2017,143.28
12/18/2017,149.81
12/19/2017,146.66
12/20/2017,143.34
12/21/2017,140.95
12/22/2017,144.54
12/26/2017,144.32
12/27/2017,148.56
12/28/2017,158.46
12/29/2017,160.58
1/2/2018,166.18
1/3/2018,163.57
1/4/2018,156.61
1/5/2018,151.98
1/8/2018,153.47
1/9/2018,157.4
1/10/2018,155.28
1/11/2018,160.78
1/12/2018,162.75
1/16/2018,161.07
1/17/2018,164.44
1/18/2018,162.48
1/19/2018,159.92
1/22/2018,159.38
1/23/2018,165.25
1/24/2018,167.48
1/25/2018,168.52
1/26/2018,172.65
1/29/2018,172.21
1/30/2018,173.74
1/31/2018,162.86
2/1/2018,155.3
2/2/2018,154.76
2/5/2018,149.37
2/6/2018,150.03
2/7/2018,146.82
2/8/2018,146.39
2/9/2018,140.94
2/12/2018,139.95
2/13/2018,142.63
2/14/2018,143.01
2/15/2018,142.47
2/16/2018,141.27
2/20/2018,144.05
2/21/2018,145.79
2/22/2018,145.51
2/23/2018,144.48
2/26/2018,146.06
2/27/2018,145.89
2/28/2018,145.02
3/1/2018,146.71
3/2/2018,146.55
3/5/2018,147.04
3/6/2018,149.48
3/7/2018,151.32
3/8/2018,150.54
3/9/2018,149.44
3/12/2018,152.02
3/13/2018,152.75
3/14/2018,150.03
3/15/2018,147.47
3/16/2018,147.69
3/19/2018,145.62
3/20/2018,147.04
3/21/2018,145.02
3/22/2018,144.43
3/23/2018,143.18
3/26/2018,144.48
3/27/2018,147.58
3/28/2018,146.71
3/29/2018,148.61
4/2/2018,145.89
4/3/2018,146.66
4/4/2018,147.8
4/5/2018,145.46
4/6/2018,147.37
4/9/2018,147.26
4/10/2018,145.67
4/11/2018,146.94
4/12/2018,147.74
4/13/2018,150.3
4/16/2018,151.39
4/17/2018,150.63
4/18/2018,150.52
4/19/2018,146.55
4/20/2018,150.46
4/23/2018,150.9
4/24/2018,152.96
4/25/2018,152.64
4/26/2018,154.38
4/27/2018,150.68
4/30/2018,150.24
5/1/2018,152.37
5/2/2018,149.76
5/3/2018,148.23
5/4/2018,147.42
5/7/2018,149.33
5/8/2018,149.17
5/9/2018,149.58
5/10/2018,153.63
5/11/2018,153.62
5/14/2018,155.46
5/15/2018,155.19
5/16/2018,154.27
5/17/2018,156.93
5/18/2018,156.55
5/21/2018,154.98
5/22/2018,159.65
5/23/2018,160.69
5/24/2018,161.56
5/25/2018,161.12
5/29/2018,157.86
5/30/2018,156.88
5/31/2018,160.52
6/1/2018,161.07
6/4/2018,159.33
6/5/2018,157.15
6/6/2018,157.48
6/7/2018,159.42
6/8/2018,157.24
6/11/2018,160.1
6/12/2018,159.38
6/13/2018,160.3
6/14/2018,160.85
6/15/2018,163.95
6/18/2018,160.47
6/19/2018,157.91
6/20/2018,161.23
6/21/2018,161.61
6/22/2018,160.14
6/25/2018,158.84
6/26/2018,159.38
6/27/2018,162.1
6/28/2018,159.87
6/29/2018,159
7/2/2018,155.63
7/3/2018,156.06
7/5/2018,154.27
7/6/2018,155.41
7/9/2018,153.43
7/10/2018,150.95
7/11/2018,152.79
7/12/2018,150.74
7/13/2018,148.12
7/16/2018,148.45
7/17/2018,147.2
7/18/2018,146.22
7/19/2018,148.78
7/20/2018,148.34
7/23/2018,146.55
7/24/2018,147.85
7/25/2018,149.81
7/26/2018,150.19
7/27/2018,151.28
7/30/2018,152.09
7/31/2018,151.28
8/1/2018,149.97
8/2/2018,153.13
8/3/2018,155.14
8/6/2018,155.52
8/7/2018,157.56
8/8/2018,160.49
8/9/2018,160.82
8/10/2018,160.3
8/13/2018,159.65
8/14/2018,161.28
8/15/2018,160.3
8/16/2018,158.4
8/17/2018,160.36
8/20/2018,159.43
8/21/2018,161.17
8/22/2018,160.09
8/23/2018,160.58
8/24/2018,158.4
8/27/2018,156.01
8/28/2018,154.7
8/29/2018,155.68
8/30/2018,156.28
8/31/2018,158.56
9/4/2018,153.51
9/5/2018,151.98
9/6/2018,150.73
9/7/2018,150.95
9/10/2018,152.52
9/11/2018,153.76
9/12/2018,153.54
9/13/2018,152.44
9/14/2018,149.59
9/17/2018,151.11
9/18/2018,157.48
9/19/2018,156.72
9/20/2018,161.17
9/21/2018,161.72
9/24/2018,164.71
9/25/2018,166.29
9/26/2018,162.04
9/27/2018,166.18
9/28/2018,163.57
10/1/2018,168.24
10/2/2018,172.16
10/3/2018,175.64
10/4/2018,172.1
10/5/2018,171.4
10/8/2018,178.13
10/9/2018,178.64
10/10/2018,180.66
10/11/2018,178.3
10/12/2018,175.42
10/15/2018,179.99
10/16/2018,179.5
10/17/2018,183.2
10/18/2018,176.73
10/19/2018,179.93
10/22/2018,174.77
10/23/2018,178.52
10/24/2018,175.48
10/25/2018,177.05
10/26/2018,175.37
10/29/2018,173.9
10/30/2018,173.3
10/31/2018,177.32
11/1/2018,176.02
11/2/2018,178.58
11/5/2018,193.96
11/6/2018,193.31
11/7/2018,193.46
11/8/2018,192.88
11/9/2018,202.29
11/12/2018,206.5
11/13/2018,225.5
11/14/2018,266.34
11/15/2018,219.85
11/16/2018,233.33
11/19/2018,256.23
11/20/2018,245.84
11/21/2018,243.45
11/23/2018,236.81
11/26/2018,233.77
11/27/2018,233.39
11/28/2018,255.52
11/29/2018,252.64
11/30/2018,250.79
12/3/2018,235.94
12/4/2018,242.36
12/5/2018,243.01
12/6/2018,235.29
12/7/2018,242.85
12/10/2018,243.12
12/11/2018,234.78
12/12/2018,220.51
12/13/2018,218.98
12/14/2018,204.08
12/17/2018,187.77
12/18/2018,203.48
12/19/2018,198.64
12/20/2018,191.73
12/21/2018,203.92
12/24/2018,186.13
12/26/2018,188.04
12/27/2018,192.82
12/28/2018,179.61
12/31/2018,159.87
1/2/2019,160.85
1/3/2019,160.14
1/4/2019,165.52
1/7/2019,160.09
1/8/2019,159.9
1/9/2019,159.13
1/10/2019,156.36
1/11/2019,161.82
1/14/2019,178.85
1/15/2019,176.67
1/16/2019,171.13
1/17/2019,172.59
1/18/2019,176.13
1/22/2019,161.61
1/23/2019,158.89
1/24/2019,163.02
1/25/2019,167.05
1/28/2019,156.23
1/29/2019,157.86
1/30/2019,155.19
1/31/2019,153.02
2/1/2019,148.67
2/4/2019,144.64
2/5/2019,144.75
2/6/2019,144.75
2/7/2019,138.95
2/8/2019,140.91
2/11/2019,144.22
2/12/2019,146.91
2/13/2019,142.52
2/14/2019,141.92
2/15/2019,144.43
2/19/2019,146.66
2/20/2019,145.13
2/21/2019,148.12
2/22/2019,148.94
2/25/2019,153.07
2/26/2019,152.04
2/27/2019,152.2
2/28/2019,152.91
3/1/2019,155.46
3/4/2019,155.36
3/5/2019,156.82
3/6/2019,154.49
3/7/2019,155.91
3/8/2019,155.9
3/11/2019,151.16
3/12/2019,151.95
3/13/2019,154.11
3/14/2019,155.52
3/15/2019,152.37
3/18/2019,155.3
3/19/2019,156.17
3/20/2019,153.62
3/21/2019,153.72
3/22/2019,150.46
3/25/2019,150.84
3/26/2019,149.59
3/27/2019,147.85
3/28/2019,147.47
3/29/2019,144.75
4/1/2019,147.25
4/2/2019,145.95
4/3/2019,145.57
4/4/2019,143.72
4/5/2019,145.32
4/8/2019,148.12
4/9/2019,148.07
4/10/2019,148.65
4/11/2019,147.25
4/12/2019,147.04
4/15/2019,143.18
4/16/2019,142.31
4/17/2019,139.15
4/18/2019,137.85
4/22/2019,139.1
4/23/2019,135.89
4/24/2019,135.94
4/25/2019,138.55
4/26/2019,140.29
4/29/2019,141
4/30/2019,140.02
5/1/2019,142.47
5/2/2019,140.78
5/3/2019,139.59
5/6/2019,137.25
5/7/2019,138.35
5/8/2019,142.71
5/9/2019,142.28
5/10/2019,143.98
5/13/2019,144.26
5/14/2019,146.22
5/15/2019,143.23
5/16/2019,145.41
5/17/2019,144.86
5/20/2019,146.76
5/21/2019,143.61
5/22/2019,139.15
5/23/2019,140.95
5/24/2019,141.98
5/28/2019,140.51
5/29/2019,142.69
5/30/2019,138.5
5/31/2019,133.44
6/3/2019,130.67
6/4/2019,131.38
6/5/2019,129.31
6/6/2019,126.37
6/7/2019,127.01
6/10/2019,128.02
6/11/2019,130.26
6/12/2019,129.53
6/13/2019,126.26
6/14/2019,129.47
6/17/2019,129.04
6/18/2019,125.67
6/19/2019,123.06
6/20/2019,117.78
6/21/2019,117.94
6/24/2019,124.2
6/25/2019,124.31
6/26/2019,123.33
6/27/2019,126.37
6/28/2019,125.5
7/1/2019,123.27
7/2/2019,121.81
7/3/2019,124.52
7/5/2019,131.48
7/8/2019,130.46
7/9/2019,131.67
7/10/2019,132.54
7/11/2019,130.72
7/12/2019,132.35
7/15/2019,129.74
7/16/2019,124.31
7/17/2019,123.87
7/18/2019,123.06
7/19/2019,121.15
7/22/2019,124.69
7/23/2019,123.71
7/24/2019,119.74
7/25/2019,121.1
7/26/2019,116.91
7/29/2019,115.06
7/30/2019,116.2
7/31/2019,121.42
8/1/2019,119.74
8/2/2019,115.33
8/5/2019,112.56
8/6/2019,114.79
8/7/2019,113.44
8/8/2019,116.11
8/9/2019,115.68
8/12/2019,114.99
8/13/2019,117.4
8/14/2019,117.13
8/15/2019,121.64
8/16/2019,120.01
8/19/2019,120.34
8/20/2019,120.66
8/21/2019,118.38
8/22/2019,117.62
8/23/2019,117.24
8/26/2019,121.42
8/27/2019,119.2
8/28/2019,120.83
8/29/2019,124.85
8/30/2019,124.25
9/3/2019,128.22
9/4/2019,132.95
9/5/2019,132.41
9/6/2019,135.73
9/9/2019,141
9/10/2019,141.16
9/11/2019,139.98
9/12/2019,141.32
9/13/2019,144.26
9/16/2019,148.18
9/17/2019,146.82
9/18/2019,144.92
9/19/2019,139.7
9/20/2019,138.93
9/23/2019,138.93
9/24/2019,137.3
9/25/2019,136.92
9/26/2019,132.84
9/27/2019,130.72
9/30/2019,126.7
10/1/2019,124.14
10/2/2019,122.19
10/3/2019,126.64
10/4/2019,127.9
10/7/2019,127.37
10/8/2019,128.83
10/9/2019,128.07
10/10/2019,129.27
10/11/2019,133.61
10/14/2019,135.83
10/15/2019,137.68
10/16/2019,135.67
10/17/2019,136.81
10/18/2019,136.87
10/21/2019,132.74
10/22/2019,133.17
10/23/2019,131.97
10/24/2019,134.04
10/25/2019,133.71
10/28/2019,138.93
10/29/2019,143.5
10/30/2019,146.33
10/31/2019,143.18
11/1/2019,147.58
11/4/2019,153.4
11/5/2019,155.63
11/6/2019,153.78
11/7/2019,151.68
11/8/2019,153.49
11/11/2019,146.36
11/12/2019,146.57
11/13/2019,146.38
11/14/2019,147.85
11/15/2019,149.54
11/18/2019,143.01
11/19/2019,140.08
11/20/2019,141.98
11/21/2019,142.58
11/22/2019,147.36
11/25/2019,140.51
11/26/2019,137.74
11/27/2019,136
11/29/2019,124.03
12/2/2019,126.64
12/3/2019,132.74
12/4/2019,130.45
12/5/2019,131.97
12/6/2019,126.75
12/9/2019,121.41
12/10/2019,123.08
12/11/2019,121.97
12/12/2019,126.16
12/13/2019,124.09
12/16/2019,126.48
12/17/2019,125.23
12/18/2019,123.11
12/19/2019,123.16
12/20/2019,125.61
12/23/2019,120.55
12/24/2019,118.92
12/26/2019,124.25
12/27/2019,121.32
12/30/2019,118.87
12/31/2019,119.03
1/2/2020,115.39
1/3/2020,115.82
1/6/2020,116.1
1/7/2020,117.56
1/8/2020,116.35
1/9/2020,117.39
1/10/2020,118.63
1/13/2020,117.61
1/14/2020,116.97
1/15/2020,113.27
1/16/2020,111.26
1/17/2020,107.94
1/21/2020,102.72
1/22/2020,103.32
1/23/2020,103.53
1/24/2020,101.69
1/27/2020,102.12
1/28/2020,103.75
1/29/2020,101.41
1/30/2020,99.46
1/31/2020,100.11
2/3/2020,98.91
2/4/2020,101.79
2/5/2020,101.2
2/6/2020,101.25
2/7/2020,101.4
2/10/2020,96.86
2/11/2020,98.37
2/12/2020,101.58
2/13/2020,100.92
2/14/2020,100.92
2/18/2020,107.18
2/19/2020,107.18
2/20/2020,105
2/21/2020,104.24
2/24/2020,100.22
2/25/2020,100.65
2/26/2020,99.89
2/27/2020,95.27
2/28/2020,91.57
3/2/2020,95.49
3/3/2020,97.88
3/4/2020,99.35
3/5/2020,96.36
3/6/2020,93.31
3/9/2020,97.57
3/10/2020,106.87
3/11/2020,103.99
3/12/2020,102.5
3/13/2020,103.37
3/16/2020,100.76
3/17/2020,96.19
3/18/2020,89.56
3/19/2020,93.86
3/20/2020,91.08
3/23/2020,90.97
3/24/2020,94.02
3/25/2020,93.2
3/26/2020,91.84
3/27/2020,90.86
3/30/2020,91.9
3/31/2020,89.18
4/1/2020,86.3
4/2/2020,84.39
4/3/2020,88.15
4/6/2020,94.13
4/7/2020,101.76
4/8/2020,99.41
4/9/2020,98.48
4/13/2020,100.49
4/14/2020,99.29
4/15/2020,95.05
4/16/2020,100.33
4/17/2020,103.48
4/20/2020,111.42
4/21/2020,107.88
4/22/2020,111.64
4/23/2020,105.6
4/24/2020,103.05
4/27/2020,104.19
4/28/2020,105.93
4/29/2020,101.63
4/30/2020,105.98
5/1/2020,102.77
5/4/2020,108.37
5/5/2020,116.04
5/6/2020,105.71
5/7/2020,105.52
5/8/2020,104.65
5/11/2020,107.74
5/12/2020,104.19
5/13/2020,100.92
5/14/2020,102.45
5/15/2020,99.67
5/18/2020,106.53
5/19/2020,107.94
5/20/2020,103.81
5/21/2020,100.71
5/22/2020,102.28
5/26/2020,105.76
5/27/2020,102.56
5/28/2020,99.35
5/29/2020,100.54
6/1/2020,96.47
6/2/2020,96.63
6/3/2020,99.02
6/4/2020,99.08
6/5/2020,98.03
6/8/2020,99.52
6/9/2020,99.22
6/10/2020,100.71
6/11/2020,103.32
6/12/2020,98.69
6/15/2020,95.7
6/16/2020,92.5
6/17/2020,93.91
6/18/2020,93.96
6/19/2020,95.05
6/22/2020,94.51
6/23/2020,91.95
6/24/2020,90.32
6/25/2020,84.07
6/26/2020,83.96
6/29/2020,92.93
6/30/2020,95.21
7/1/2020,90.86
7/2/2020,94.29
7/6/2020,99.51
7/7/2020,102.01
7/8/2020,99.75
7/9/2020,97.65
7/10/2020,99.52
7/13/2020,97.09
7/14/2020,97.17
7/15/2020,98.86
7/16/2020,96.57
7/17/2020,95.98
7/20/2020,91.57
7/21/2020,93.2
7/22/2020,93.42
7/23/2020,99.78
7/24/2020,101.52
7/27/2020,97.12
7/28/2020,101.36
7/29/2020,104.95
7/30/2020,99.46
7/31/2020,97.82
8/3/2020,114.25
8/4/2020,119.25
8/5/2020,119.14
8/6/2020,117.73
8/7/2020,123.2
8/10/2020,119.99
8/11/2020,122.62
8/12/2020,123.33
8/13/2020,126.37
8/14/2020,135.67
8/17/2020,134.64
8/18/2020,138.99
8/19/2020,139.37
8/20/2020,136.11
8/21/2020,139.91
8/24/2020,142.25
8/25/2020,141.16
8/26/2020,139.97
8/27/2020,147.36
8/28/2020,144.48
8/31/2020,143.01
9/1/2020,137.41
9/2/2020,135.18
9/3/2020,135.24
9/4/2020,140.73
9/8/2020,135.86
9/9/2020,140.99
9/10/2020,141.82
9/11/2020,144.05
9/14/2020,148.99
9/15/2020,149.05
9/16/2020,144.86
9/17/2020,140.13
9/18/2020,143.18
9/21/2020,147.36
9/22/2020,141.22
9/23/2020,151.93
9/24/2020,157.64
9/25/2020,152.64
9/28/2020,151.98
9/29/2020,139.26
9/30/2020,137.41
10/1/2020,137.41
10/2/2020,132.57
10/5/2020,142.2
10/6/2020,137.03
10/7/2020,147.61
10/8/2020,154.2
10/9/2020,164.15
10/12/2020,173.63
10/13/2020,176.56
10/14/2020,173.41
10/15/2020,177.32
10/16/2020,177.87
10/19/2020,178.36
10/20/2020,177.27
10/21/2020,182.06
10/22/2020,177.92
10/23/2020,173.74
10/26/2020,176.89
10/27/2020,180.04
10/28/2020,178.96
10/29/2020,179.5
10/30/2020,182.38
11/2/2020,176.4
11/3/2020,166.34
11/4/2020,165.63
11/5/2020,159.98
11/6/2020,158.6
11/9/2020,158.51
11/10/2020,164.4
11/11/2020,170.04
11/12/2020,168.24
11/13/2020,169.77
11/16/2020,155.74
11/17/2020,154.65
11/18/2020,154.32
11/19/2020,147.91
11/20/2020,150.63
11/23/2020,153.51
11/24/2020,157.69
11/25/2020,161.01
11/27/2020,154.59
11/30/2020,156.72
12/1/2020,156.61
12/2/2020,151.17
12/3/2020,136.32
12/4/2020,140.02
12/7/2020,131.13
12/8/2020,130.95
12/9/2020,133.25
12/10/2020,139.56
12/11/2020,141.54
12/14/2020,145.62
12/15/2020,145.73
12/16/2020,145.79
12/17/2020,143.39
12/18/2020,145.79
12/21/2020,146.22
12/22/2020,149.48
12/23/2020,140.73
12/24/2020,136.6
12/28/2020,126.48
12/29/2020,132.9
12/30/2020,131.7
12/31/2020,138.06
1/4/2021,140.35
1/5/2021,146.93
1/6/2021,147.69
1/7/2021,148.4
1/8/2021,146.34
1/11/2021,148.42
1/12/2021,148.2
1/13/2021,146.63
1/14/2021,143.01
1/15/2021,146.6
1/19/2021,137.52
1/20/2021,137.74
1/21/2021,135.78
1/22/2021,133.55
1/25/2021,141.27
1/26/2021,143.34
1/27/2021,146.93
1/28/2021,144.86
1/29/2021,139.42
2/1/2021,154.98
2/2/2021,154.7
2/3/2021,151.66
2/4/2021,159.6
2/5/2021,155.44
2/8/2021,156.28
2/9/2021,153.77
2/10/2021,156.9
2/11/2021,154.21
2/12/2021,156.39
2/16/2021,162.21
2/17/2021,164.87
2/18/2021,161.5
2/19/2021,162.64
2/22/2021,159.65
2/23/2021,155.36
2/24/2021,151.98
2/25/2021,151.01
2/26/2021,150.68
3/1/2021,151.01
3/2/2021,154.38
3/3/2021,153.13
3/4/2021,149.32
3/5/2021,147.29
3/8/2021,145.6
3/9/2021,145.86
3/10/2021,147.95
3/11/2021,146.98
3/12/2021,143.34
3/15/2021,137.19
3/16/2021,141.22
3/17/2021,138.93
3/18/2021,136.54
3/19/2021,139.53
3/22/2021,142.41
3/23/2021,138.88
3/24/2021,139.64
3/25/2021,142.25
3/26/2021,142.41
3/29/2021,144.26
3/30/2021,142.63
3/31/2021,141.82
4/1/2021,143.5
4/5/2021,136.54
4/6/2021,133.55
4/7/2021,137.03
4/8/2021,138.06
4/9/2021,139.08
4/12/2021,141.94
4/13/2021,145.76
4/14/2021,146.44
4/15/2021,148.45
4/16/2021,149.76
4/19/2021,153.24
4/20/2021,152.42
4/21/2021,150.95
4/22/2021,153.94
4/23/2021,153.24
4/26/2021,156.28
4/27/2021,159.98
4/28/2021,160.96
4/29/2021,158.29
4/30/2021,159.38
5/3/2021,161.28
5/4/2021,161.34
5/5/2021,159.76
5/6/2021,159.22
5/7/2021,161.35
5/10/2021,160.44
5/11/2021,162.12
5/12/2021,163.58
5/13/2021,164.49
5/14/2021,164.11
5/17/2021,172.05
5/18/2021,167.37
5/19/2021,164.65
5/20/2021,162.64
5/21/2021,161.88
5/24/2021,160.96
5/25/2021,161.72
5/26/2021,164.6
5/27/2021,160.85
5/28/2021,162.37
6/1/2021,168.79
6/2/2021,167.21
6/3/2021,165.36
6/4/2021,168.41
6/7/2021,167.15
6/8/2021,170.35
6/9/2021,170.64
6/10/2021,171.97
6/11/2021,180.04
6/14/2021,183.09
6/15/2021,177.05
6/16/2021,177.87
6/17/2021,178.09
6/18/2021,175.97
6/21/2021,174.82
6/22/2021,178.19
6/23/2021,182.27
6/24/2021,186.9
6/25/2021,191.41
6/28/2021,195.38
6/29/2021,197.39
6/30/2021,198.48
7/1/2021,199.08
7/2/2021,201.2
7/6/2021,197.77
7/7/2021,195.54
7/8/2021,200.32
7/9/2021,199.41
7/12/2021,203.31
7/13/2021,200.37
7/14/2021,198.37
7/15/2021,195.81
7/16/2021,198.91
7/19/2021,204.13
7/20/2021,209.46
7/21/2021,214.14
7/22/2021,216.53
7/23/2021,219.79
7/26/2021,221.97
7/27/2021,214.36
7/28/2021,215.72
7/29/2021,220.72
7/30/2021,212.83
8/2/2021,213.97
8/3/2021,218.98
8/4/2021,226.1
8/5/2021,225.12
8/6/2021,225.27
8/9/2021,221.1
8/10/2021,222.81
8/11/2021,221.24
8/12/2021,214.68
8/13/2021,210.71
8/16/2021,215.33
8/17/2021,209.41
8/18/2021,210.22
8/19/2021,209.03
8/20/2021,210.22
8/23/2021,215.33
8/24/2021,212.94
8/25/2021,213.43
8/26/2021,228.98
8/27/2021,238.61
8/30/2021,234.09
8/31/2021,238.01
9/1/2021,250.95
9/2/2021,252.37
9/3/2021,256.23
9/7/2021,248.4
9/8/2021,267.73
9/9/2021,274.46
9/10/2021,269.66
9/13/2021,286.28
9/14/2021,288.47
9/15/2021,299.46
9/16/2021,292.66
9/17/2021,279.83
9/20/2021,273.08
9/21/2021,263.3
9/22/2021,264
9/23/2021,274.23
9/24/2021,282.76
9/27/2021,311.64
9/28/2021,319.74
9/29/2021,297.82
9/30/2021,319.03
10/1/2021,305.55
10/4/2021,313.54
10/5/2021,343.23
10/6/2021,308.59
10/7/2021,310.22
10/8/2021,305.76
10/11/2021,295.77
10/12/2021,306.22
10/13/2021,312.83
10/14/2021,317.4
10/15/2021,304.51
10/18/2021,284.72
10/19/2021,290.92
10/20/2021,296.19
10/21/2021,290.7
10/22/2021,296.95
10/25/2021,329.31
10/26/2021,326.43
10/27/2021,337.03
10/28/2021,314.41
10/29/2021,295.05
11/1/2021,282
11/2/2021,301.36
11/3/2021,308.32
11/4/2021,310.82
11/5/2021,301.14
11/8/2021,296.8
11/9/2021,273.71
11/10/2021,269.45
11/11/2021,285.21
11/12/2021,265.36
11/15/2021,277.54
11/16/2021,286.57
11/17/2021,267.21
11/18/2021,271.62
11/19/2021,279.77
11/22/2021,264.33
11/23/2021,273.79
11/24/2021,278.09
11/26/2021,297.82
11/29/2021,263.95
11/30/2021,248.34
12/1/2021,231.54
12/2/2021,220.55
12/3/2021,224.69
12/6/2021,198.86
12/7/2021,201.26
12/8/2021,206.56
12/9/2021,206.42
12/10/2021,211.87
12/13/2021,204.51
12/14/2021,201.9
12/15/2021,204.51
12/16/2021,202.01
12/17/2021,197.88
12/20/2021,204.35
12/21/2021,205.22
12/22/2021,209.9
12/23/2021,197.39
12/27/2021,214.36
12/28/2021,211.26
12/29/2021,209.35
12/30/2021,193.64
12/31/2021,202.83
1/3/2022,207.45
1/4/2022,202.12
1/5/2022,211.09
1/6/2022,207.29
1/7/2022,210.88
1/10/2022,216.48
1/11/2022,221.88
1/12/2022,241.05
1/13/2022,217.78
1/14/2022,221.91
1/18/2022,220.12
1/19/2022,209.08
1/20/2022,198.42
1/21/2022,205.66
1/24/2022,210.71
1/25/2022,211.75
1/26/2022,219.47
1/27/2022,232.9
1/28/2022,252.26
1/31/2022,265.04
2/1/2022,258.35
2/2/2022,299.13
2/3/2022,265.8
2/4/2022,248.61
2/7/2022,229.76
2/8/2022,230.34
2/9/2022,217.05
2/10/2022,214.58
2/11/2022,213.97
2/14/2022,226.21
2/15/2022,230.61
2/16/2022,248.61
2/17/2022,240.89
2/18/2022,238.01
2/22/2022,242.58
2/23/2022,249.76
2/24/2022,252.37
2/25/2022,243.07
2/28/2022,239.37
3/1/2022,248.67
3/2/2022,258.95
3/3/2022,256.77
3/4/2022,272.76
3/7/2022,263.08
3/8/2022,246.95
3/9/2022,247.25
3/10/2022,253.47
3/11/2022,259.16
3/14/2022,255.68
3/15/2022,251.06
3/16/2022,260.14
3/17/2022,273.03
3/18/2022,266.56
3/21/2022,268.3
3/22/2022,284.23
3/23/2022,286.79
3/24/2022,296.14
3/25/2022,305.11
3/28/2022,301.14
3/29/2022,289.83
3/30/2022,304.79
3/31/2022,306.8
4/1/2022,311.04
4/4/2022,310.6
4/5/2022,328
4/6/2022,327.84
4/7/2022,346.62
4/8/2022,343.08
4/11/2022,363.84
4/12/2022,366.85
4/13/2022,385.86
4/14/2022,403.64
4/18/2022,432.74
4/19/2022,395.7
4/20/2022,384.18
4/21/2022,385.86
4/22/2022,362.32
4/25/2022,370.04
4/26/2022,379.45
4/27/2022,399.08
4/28/2022,374.55
4/29/2022,393.91
5/2/2022,406.47
5/3/2022,432.52
5/4/2022,457.59
5/5/2022,477.6
5/6/2022,438.28
5/9/2022,383.8
5/10/2022,404.25
5/11/2022,419.23
5/12/2022,426.05
5/13/2022,422.24
5/16/2022,437.9
5/17/2022,456.44
5/18/2022,459.76
5/19/2022,456.77
5/20/2022,444.7
5/23/2022,479.99
5/24/2022,480.48
5/25/2022,489.02
5/26/2022,483.69
5/27/2022,474.55
5/31/2022,442.9
6/1/2022,472.87
6/2/2022,461.39
6/3/2022,463.46
6/6/2022,506.91
6/7/2022,505.17
6/8/2022,472.59
6/9/2022,487.87
6/10/2022,481.98
6/13/2022,468.68
6/14/2022,390.43
6/15/2022,402.72
6/16/2022,404.46
6/17/2022,375.53
6/21/2022,368.84
6/22/2022,373.68
6/23/2022,341.65
6/24/2022,341.54
6/27/2022,355.95
6/28/2022,357.26
6/29/2022,353.34
6/30/2022,294.94
7/1/2022,311.58
7/5/2022,300.33
7/6/2022,299.62
7/7/2022,342.41
7/8/2022,327.38
7/11/2022,347.1
7/12/2022,330.49
7/13/2022,359.38
7/14/2022,354.05
7/15/2022,376.62
7/18/2022,401.41
7/19/2022,388.8
7/20/2022,429.53
7/21/2022,424.96
7/22/2022,445.62
7/25/2022,466.07
7/26/2022,479.88
7/27/2022,465.14
7/28/2022,442.31
7/29/2022,447.47
8/1/2022,450.41
8/2/2022,419.03
8/3/2022,449.48
8/4/2022,441.65
8/5/2022,438.36
8/8/2022,412.43
8/9/2022,425.68
8/10/2022,445.61
8/11/2022,481.95
8/12/2022,475.48
8/15/2022,473.74
8/16/2022,506.31
8/17/2022,501.79
8/18/2022,498.64
8/19/2022,506.53
8/22/2022,524.58
8/23/2022,497.82
8/24/2022,505.71
8/25/2022,508.1
8/26/2022,504.02
8/29/2022,507.67
8/30/2022,491.68
8/31/2022,496.3
9/1/2022,503.64
9/2/2022,477.76
9/6/2022,442.9
9/7/2022,426.43
9/8/2022,431.01
9/9/2022,435.85
9/12/2022,449.8
9/13/2022,452.64
9/14/2022,498.48
9/15/2022,455.25
9/16/2022,424.74
9/19/2022,424.36
9/20/2022,422.62
9/21/2022,425.61
9/22/2022,391.14
9/23/2022,380.21
9/26/2022,381.4
9/27/2022,367.59
9/28/2022,378.19
9/29/2022,373.79
9/30/2022,367.92
10/3/2022,351.82
10/4/2022,371.78
10/5/2022,376.84
10/6/2022,379.12
10/7/2022,370.19
10/10/2022,357.51
10/11/2022,369.51
10/12/2022,364.32
10/13/2022,383.52
10/14/2022,371.23
10/17/2022,352.31
10/18/2022,339.15
10/19/2022,322.35
10/20/2022,317.46
10/21/2022,297.55
10/24/2022,312.83
10/25/2022,335.29
10/26/2022,332.74
10/27/2022,319.47
10/28/2022,309.08
10/31/2022,345.57
11/1/2022,310.71
11/2/2022,340.84
11/3/2022,324.9
11/4/2022,348.02
11/7/2022,380.86
11/8/2022,342.16
11/9/2022,330.67
11/10/2022,355.53
11/11/2022,340.57
11/14/2022,342.52
11/15/2022,347.74
11/16/2022,359.27
11/17/2022,366.72
11/18/2022,365.2
11/21/2022,392.77
11/22/2022,402.72
11/23/2022,419.14
11/25/2022,398.59
11/28/2022,391.3
11/29/2022,393.42
11/30/2022,376.84
12/1/2022,366.39
12/2/2022,341.54