Effective date ,Dow Jones Commodity Index Nickel
11/30/2012,402.9
12/3/2012,399.33
12/4/2012,399.45
12/5/2012,400.46
12/6/2012,392.39
12/7/2012,393.03
12/10/2012,405.66
12/11/2012,406.23
12/12/2012,403.98
12/13/2012,404.07
12/14/2012,408.02
12/17/2012,401.78
12/18/2012,406.24
12/19/2012,405.1
12/20/2012,401.12
12/21/2012,396.05
12/24/2012,395.01
12/26/2012,395.01
12/27/2012,394.26
12/28/2012,392.53
12/31/2012,389.28
1/2/2013,403.93
1/3/2013,399.29
1/4/2013,395.84
1/7/2013,392.44
1/8/2013,395.19
1/9/2013,400.47
1/10/2013,397.21
1/11/2013,401.41
1/14/2013,393.88
1/15/2013,399.47
1/16/2013,397.19
1/17/2013,401.76
1/18/2013,400.66
1/22/2013,396.6
1/23/2013,400.46
1/24/2013,396.91
1/25/2013,396.66
1/28/2013,402.24
1/29/2013,407.43
1/30/2013,419.22
1/31/2013,418.28
2/1/2013,425.05
2/4/2013,427.24
2/5/2013,426.62
2/6/2013,417.96
2/7/2013,414.54
2/8/2013,417.94
2/11/2013,414.48
2/12/2013,419.1
2/13/2013,419.42
2/14/2013,416.68
2/15/2013,419.53
2/19/2013,396.85
2/20/2013,391.8
2/21/2013,379.52
2/22/2013,387.34
2/25/2013,381.1
2/26/2013,379.7
2/27/2013,381.49
2/28/2013,378.63
3/1/2013,378.7
3/4/2013,375.69
3/5/2013,380.94
3/6/2013,376.81
3/7/2013,379.76
3/8/2013,381.81
3/11/2013,385.5
3/12/2013,388.62
3/13/2013,386.77
3/14/2013,393.12
3/15/2013,385.74
3/18/2013,378.93
3/19/2013,377.35
3/20/2013,383.78
3/21/2013,385.56
3/22/2013,391.4
3/25/2013,387.32
3/26/2013,382.82
3/27/2013,384.35
3/28/2013,379.94
4/1/2013,379.94
4/2/2013,373.45
4/3/2013,367.14
4/4/2013,366.93
4/5/2013,363.63
4/8/2013,366.02
4/9/2013,369.68
4/10/2013,366.28
4/11/2013,371.41
4/12/2013,361.81
4/15/2013,358.2
4/16/2013,358.39
4/17/2013,351.99
4/18/2013,354.84
4/19/2013,346.12
4/22/2013,349.03
4/23/2013,345.13
4/24/2013,348.31
4/25/2013,351.58
4/26/2013,346.76
4/29/2013,353.54
4/30/2013,350.96
5/1/2013,337.98
5/2/2013,334.63
5/3/2013,347.07
5/6/2013,347.07
5/7/2013,346.48
5/8/2013,351.36
5/9/2013,348.69
5/10/2013,350.49
5/13/2013,348.7
5/14/2013,344.69
5/15/2013,340.06
5/16/2013,339.92
5/17/2013,338.21
5/20/2013,344.8
5/21/2013,343.9
5/22/2013,346.21
5/23/2013,340.81
5/24/2013,337.68
5/28/2013,339.19
5/29/2013,337.8
5/30/2013,337.42
5/31/2013,338
6/3/2013,346.14
6/4/2013,348.74
6/5/2013,346.68
6/6/2013,343.7
6/7/2013,343.12
6/10/2013,339.63
6/11/2013,331.49
6/12/2013,325.63
6/13/2013,320.84
6/14/2013,326.9
6/17/2013,326.03
6/18/2013,322.81
6/19/2013,323.95
6/20/2013,312.5
6/21/2013,321.1
6/24/2013,310.95
6/25/2013,317.71
6/26/2013,310.19
6/27/2013,315.85
6/28/2013,312.63
7/1/2013,318.36
7/2/2013,320.06
7/3/2013,315.79
7/5/2013,303.15
7/8/2013,306.1
7/9/2013,303.8
7/10/2013,311.33
7/11/2013,311.05
7/12/2013,314.37
7/15/2013,308.18
7/16/2013,314.24
7/17/2013,318.78
7/18/2013,319.45
7/19/2013,323.17
7/22/2013,321.02
7/23/2013,322.37
7/24/2013,327.81
7/25/2013,323.21
7/26/2013,315.87
7/29/2013,312.41
7/30/2013,308.27
7/31/2013,316.32
8/1/2013,316.7
8/2/2013,319.13
8/5/2013,316.05
8/6/2013,312.84
8/7/2013,318.51
8/8/2013,326.73
8/9/2013,334.84
8/12/2013,335.9
8/13/2013,336.31
8/14/2013,339.83
8/15/2013,335.92
8/16/2013,342.21
8/19/2013,337.8
8/20/2013,336.63
8/21/2013,328.95
8/22/2013,329.07
8/23/2013,331.24
8/26/2013,331.24
8/27/2013,328.86
8/28/2013,323.22
8/29/2013,320.8
8/30/2013,314.49
9/3/2013,312.09
9/4/2013,311.64
9/5/2013,312.67
9/6/2013,318.49
9/9/2013,317.18
9/10/2013,313.18
9/11/2013,315.25
9/12/2013,314.46
9/13/2013,316.67
9/16/2013,316.48
9/17/2013,315.53
9/18/2013,317.8
9/19/2013,328.59
9/20/2013,320.2
9/23/2013,318.21
9/24/2013,313.55
9/25/2013,315.28
9/26/2013,315.22
9/27/2013,318.9
9/30/2013,318.16
10/1/2013,313.37
10/2/2013,313.35
10/3/2013,308.16
10/4/2013,320.11
10/7/2013,318.1
10/8/2013,316.84
10/9/2013,311.45
10/10/2013,313.59
10/11/2013,317.58
10/14/2013,319.49
10/15/2013,319.38
10/16/2013,322.17
10/17/2013,319.49
10/18/2013,324.02
10/21/2013,327.7
10/22/2013,338.89
10/23/2013,332.2
10/24/2013,334.23
10/25/2013,332.61
10/28/2013,332.72
10/29/2013,333.04
10/30/2013,336.4
10/31/2013,333.32
11/1/2013,332.31
11/4/2013,327.58
11/5/2013,326.97
11/6/2013,321.6
11/7/2013,319.18
11/8/2013,317.34
11/11/2013,313.57
11/12/2013,310.82
11/13/2013,311.95
11/14/2013,311.37
11/15/2013,315.47
11/18/2013,309.96
11/19/2013,310.9
11/20/2013,308.59
11/21/2013,306.27
11/22/2013,309.26
11/25/2013,308.82
11/26/2013,306.74
11/27/2013,302.83
11/29/2013,308.09
12/2/2013,308.04
12/3/2013,306.56
12/4/2013,311.13
12/5/2013,313.4
12/6/2013,313.75
12/9/2013,318.24
12/10/2013,317.83
12/11/2013,320.19
12/12/2013,319.81
12/13/2013,321.87
12/16/2013,320.22
12/17/2013,320.9
12/18/2013,322.73
12/19/2013,323.83
12/20/2013,329.11
12/23/2013,326.26
12/24/2013,322.99
12/26/2013,322.99
12/27/2013,323.86
12/30/2013,322.07
12/31/2013,316.89
1/2/2014,319.36
1/3/2014,315.66
1/6/2014,309.07
1/7/2014,308.06
1/8/2014,308.4
1/9/2014,304.47
1/10/2014,316.22
1/13/2014,324.37
1/14/2014,327.42
1/15/2014,331.9
1/16/2014,335.56
1/17/2014,335.53
1/21/2014,336.22
1/22/2014,337.8
1/23/2014,334.87
1/24/2014,330.74
1/27/2014,322.9
1/28/2014,322.6
1/29/2014,319.06
1/30/2014,315.04
1/31/2014,318.92
2/3/2014,316.6
2/4/2014,315.9
2/5/2014,313.86
2/6/2014,318.99
2/7/2014,322.67
2/10/2014,324.11
2/11/2014,323.23
2/12/2014,328.65
2/13/2014,322.51
2/14/2014,325.38
2/18/2014,330.14
2/19/2014,331.4
2/20/2014,327.96
2/21/2014,327.96
2/24/2014,327.21
2/25/2014,326.51
2/26/2014,324.61
2/27/2014,329.89
2/28/2014,336.22
3/3/2014,336.4
3/4/2014,346
3/5/2014,348.7
3/6/2014,353.23
3/7/2014,349.25
3/10/2014,352.79
3/11/2014,355.07
3/12/2014,357.38
3/13/2014,360.42
3/14/2014,359.51
3/17/2014,362.8
3/18/2014,369.97
3/19/2014,373.08
3/20/2014,362.02
3/21/2014,367.92
3/24/2014,368.1
3/25/2014,370.02
3/26/2014,363.25
3/27/2014,358.88
3/28/2014,358.82
3/31/2014,363.14
4/1/2014,365.95
4/2/2014,369.58
4/3/2014,372.07
4/4/2014,374.02
4/7/2014,374.58
4/8/2014,375.64
4/9/2014,381.15
4/10/2014,389.94
4/11/2014,397.3
4/14/2014,406.15
4/15/2014,403.13
4/16/2014,407.72
4/17/2014,409.32
4/21/2014,409.32
4/22/2014,418.58
4/23/2014,419.79
4/24/2014,419.08
4/25/2014,421.28
4/28/2014,415.13
4/29/2014,414.58
4/30/2014,418.58
5/1/2014,417.66
5/2/2014,417.3
5/5/2014,417.3
5/6/2014,423.58
5/7/2014,425.9
5/8/2014,443.19
5/9/2014,454.55
5/12/2014,477.87
5/13/2014,479.59
5/14/2014,457.31
5/15/2014,428.04
5/16/2014,434.28
5/19/2014,458.98
5/20/2014,453.38
5/21/2014,445.27
5/22/2014,449.89
5/23/2014,447.58
5/27/2014,446.39
5/28/2014,441.11
5/29/2014,431.51
5/30/2014,439.51
6/2/2014,441.68
6/3/2014,435.26
6/4/2014,434.07
6/5/2014,434.16
6/6/2014,430.53
6/9/2014,431.26
6/10/2014,428.33
6/11/2014,417.65
6/12/2014,410.83
6/13/2014,412.45
6/16/2014,425.62
6/17/2014,436.38
6/18/2014,427.72
6/19/2014,423.42
6/20/2014,420
6/23/2014,420.5
6/24/2014,413.73
6/25/2014,423.86
6/26/2014,429.07
6/27/2014,431.83
6/30/2014,434.46
7/1/2014,436.27
7/2/2014,447.83
7/3/2014,453.43
7/7/2014,440.86
7/8/2014,451.13
7/9/2014,445.54
7/10/2014,439.41
7/11/2014,442.47
7/14/2014,441.84
7/15/2014,441.2
7/16/2014,440.61
7/17/2014,438.32
7/18/2014,425.95
7/21/2014,429.66
7/22/2014,435.95
7/23/2014,434.8
7/24/2014,437.25
7/25/2014,438.23
7/28/2014,428.95
7/29/2014,425.5
7/30/2014,432.56
7/31/2014,422.04
8/1/2014,419.74
8/4/2014,421.77
8/5/2014,419.93
8/6/2014,427.03
8/7/2014,431.08
8/8/2014,423.31
8/11/2014,425.36
8/12/2014,427.75
8/13/2014,423.5
8/14/2014,426.23
8/15/2014,426.01
8/18/2014,421.93
8/19/2014,423.19
8/20/2014,432.38
8/21/2014,429.52
8/22/2014,427.74
8/25/2014,427.74
8/26/2014,432.2
8/27/2014,429.87
8/28/2014,425.27
8/29/2014,428.77
9/2/2014,422.99
9/3/2014,434.99
9/4/2014,442.25
9/5/2014,446.33
9/8/2014,454.56
9/9/2014,431.7
9/10/2014,427.53
9/11/2014,420.45
9/12/2014,420
9/15/2014,411.86
9/16/2014,412.98
9/17/2014,412.55
9/18/2014,408.57
9/19/2014,405.56
9/22/2014,388.48
9/23/2014,390.74
9/24/2014,397.07
9/25/2014,395.34
9/26/2014,387.39
9/29/2014,380.44
9/30/2014,372.05
10/1/2014,366.96
10/2/2014,365.38
10/3/2014,377.37
10/6/2014,380.76
10/7/2014,386.56
10/8/2014,377.13
10/9/2014,380.43
10/10/2014,373.7
10/13/2014,375.53
10/14/2014,373.15
10/15/2014,361.24
10/16/2014,352.9
10/17/2014,358.27
10/20/2014,350.64
10/21/2014,349.07
10/22/2014,347.05
10/23/2014,345.54
10/24/2014,342.5
10/27/2014,337.36
10/28/2014,354.68
10/29/2014,357.5
10/30/2014,359.87
10/31/2014,360.05
11/3/2014,359.23
11/4/2014,348.49
11/5/2014,349.51
11/6/2014,353.51
11/7/2014,351.97
11/10/2014,347.93
11/11/2014,352.12
11/12/2014,356.35
11/13/2014,351.67
11/14/2014,355.9
11/17/2014,360.67
11/18/2014,357.34
11/19/2014,368.65
11/20/2014,373.45
11/21/2014,379.57
11/24/2014,380.12
11/25/2014,377.24
11/26/2014,373.22
11/28/2014,371.5
12/1/2014,371.91
12/2/2014,372.55
12/3/2014,378.56
12/4/2014,390.52
12/5/2014,383.23
12/8/2014,380.48
12/9/2014,377.37
12/10/2014,372.56
12/11/2014,371.62
12/12/2014,380.63
12/15/2014,375.41
12/16/2014,365.13
12/17/2014,356.56
12/18/2014,357.11
12/19/2014,356.01
12/22/2014,357.11
12/23/2014,352.51
12/24/2014,349.86
12/26/2014,349.86
12/29/2014,343.14
12/30/2014,343.72
12/31/2014,345.4
1/2/2015,338.05
1/5/2015,346.46
1/6/2015,347.9
1/7/2015,354.55
1/8/2015,354.66
1/9/2015,349
1/12/2015,344.38
1/13/2015,334.23
1/14/2015,326.52
1/15/2015,330.35
1/16/2015,337.34
1/20/2015,337.27
1/21/2015,343
1/22/2015,338.87
1/23/2015,327.42
1/26/2015,336.52
1/27/2015,337.39
1/28/2015,343.35
1/29/2015,339.9
1/30/2015,345.93
2/2/2015,349.63
2/3/2015,349.22
2/4/2015,344.97
2/5/2015,346.14
2/6/2015,347.53
2/9/2015,345.8
2/10/2015,338.23
2/11/2015,336.61
2/12/2015,335.63
2/13/2015,334.23
2/17/2015,324.86
2/18/2015,325.21
2/19/2015,319.04
2/20/2015,318.35
2/23/2015,322.21
2/24/2015,327.35
2/25/2015,328.11
2/26/2015,327.99
2/27/2015,321.46
3/2/2015,315.88
3/3/2015,311.73
3/4/2015,317.77
3/5/2015,323.71
3/6/2015,327.69
3/9/2015,330.86
3/10/2015,320.54
3/11/2015,314.32
3/12/2015,317.37
3/13/2015,322.62
3/16/2015,317.8
3/17/2015,313.25
3/18/2015,308.23
3/19/2015,314.31
3/20/2015,325.18
3/23/2015,326.41
3/24/2015,318.41
3/25/2015,312.16
3/26/2015,312.57
3/27/2015,303.06
3/30/2015,293.7
3/31/2015,282.61
4/1/2015,289.72
4/2/2015,297.02
4/6/2015,297.02
4/7/2015,286.06
4/8/2015,286.7
4/9/2015,285.64
4/10/2015,287.96
4/13/2015,282.98
4/14/2015,287.39
4/15/2015,289.4
4/16/2015,293.17
4/17/2015,286.57
4/20/2015,292.12
4/21/2015,289.28
4/22/2015,289.21
4/23/2015,289.89
4/24/2015,301.21
4/27/2015,309.3
4/28/2015,306.9
4/29/2015,306.4
4/30/2015,318.42
5/1/2015,313.71
5/4/2015,313.71
5/5/2015,326.28
5/6/2015,318.77
5/7/2015,322.66
5/8/2015,326.33
5/11/2015,325.89
5/12/2015,327.55
5/13/2015,320.68
5/14/2015,314.49
5/15/2015,319.05
5/18/2015,313.81
5/19/2015,298.74
5/20/2015,299.28
5/21/2015,296.66
5/22/2015,290.04
5/26/2015,289.12
5/27/2015,292.53
5/28/2015,292.18
5/29/2015,287.84
6/1/2015,296.21
6/2/2015,297.66
6/3/2015,296.45
6/4/2015,295.32
6/5/2015,300.57
6/8/2015,306.67
6/9/2015,308
6/10/2015,310.47
6/11/2015,303.67
6/12/2015,299.66
6/15/2015,295.61
6/16/2015,290.45
6/17/2015,291.05
6/18/2015,290.33
6/19/2015,290.12
6/22/2015,283.18
6/23/2015,293.49
6/24/2015,291.4
6/25/2015,289.75
6/26/2015,284
6/29/2015,269.92
6/30/2015,273.23
7/1/2015,274.34
7/2/2015,278.29
7/6/2015,266.81
7/7/2015,242.8
7/8/2015,249.95
7/9/2015,262.32
7/10/2015,256.89
7/13/2015,268.16
7/14/2015,265.24
7/15/2015,261.89
7/16/2015,265.44
7/17/2015,262.48
7/20/2015,267.02
7/21/2015,266.48
7/22/2015,261.77
7/23/2015,260.87
7/24/2015,257.85
7/27/2015,251.65
7/28/2015,258.39
7/29/2015,256.63
7/30/2015,251.46
7/31/2015,251.77
8/3/2015,244.94
8/4/2015,246.87
8/5/2015,247.58
8/6/2015,247.38
8/7/2015,246.3
8/10/2015,254.34
8/11/2015,245.36
8/12/2015,241.9
8/13/2015,238.62
8/14/2015,241.93
8/17/2015,242.53
8/18/2015,236.46
8/19/2015,237.82
8/20/2015,237.52
8/21/2015,232.84
8/24/2015,217.09
8/25/2015,219.31
8/26/2015,218.4
8/27/2015,229.66
8/28/2015,229.66
8/31/2015,229.66
9/1/2015,222.71
9/2/2015,225.21
9/3/2015,228.27
9/4/2015,227.11
9/8/2015,228.25
9/9/2015,230.51
9/10/2015,238.5
9/11/2015,235.13
9/14/2015,226.46
9/15/2015,230.46
9/16/2015,231.24
9/17/2015,228.15
9/18/2015,220.84
9/21/2015,225.11
9/22/2015,221.14
9/23/2015,222.61
9/24/2015,226.05
9/25/2015,227.13
9/28/2015,225.43
9/29/2015,225.39
9/30/2015,237.39
10/1/2015,229.32
10/2/2015,228.84
10/5/2015,226.92
10/6/2015,227.13
10/7/2015,231.99
10/8/2015,232.15
10/9/2015,239.68
10/12/2015,243.12
10/13/2015,239.17
10/14/2015,239.26
10/15/2015,241.18
10/16/2015,241.75
10/19/2015,236.95
10/20/2015,237.37
10/21/2015,234.61
10/22/2015,238.23
10/23/2015,240.09
10/26/2015,238.71
10/27/2015,241.34
10/28/2015,241.93
10/29/2015,236.86
10/30/2015,229.63
11/2/2015,231.02
11/3/2015,225.87
11/4/2015,224.95
11/5/2015,223.5
11/6/2015,219.67
11/9/2015,218.56
11/10/2015,216.88
11/11/2015,220.48
11/12/2015,214.82
11/13/2015,215.12
11/16/2015,212.43
11/17/2015,207.75
11/18/2015,204.86
11/19/2015,204.19
11/20/2015,199.17
11/23/2015,189.32
11/24/2015,200.06
11/25/2015,203.24
11/27/2015,200.18
11/30/2015,202.99
12/1/2015,204.8
12/2/2015,204.79
12/3/2015,201.82
12/4/2015,204.8
12/7/2015,199.8
12/8/2015,198.34
12/9/2015,198.04
12/10/2015,194.52
12/11/2015,198.45
12/14/2015,199.69
12/15/2015,195.1
12/16/2015,199.67
12/17/2015,196.89
12/18/2015,199.98
12/21/2015,202.83
12/22/2015,197.11
12/23/2015,197.76
12/24/2015,197.05
12/28/2015,197.05
12/29/2015,199.51
12/30/2015,198.38
12/31/2015,201.13
1/4/2016,193.93
1/5/2016,194.38
1/6/2016,196.34
1/7/2016,193.97
1/8/2016,195.29
1/11/2016,188.69
1/12/2016,188.01
1/13/2016,191.55
1/14/2016,195.84
1/15/2016,191.66
1/19/2016,196.14
1/20/2016,195.18
1/21/2016,199.54
1/22/2016,198.67
1/25/2016,195.18
1/26/2016,197.9
1/27/2016,197.53
1/28/2016,195.97
1/29/2016,196.64
2/1/2016,192.91
2/2/2016,191.54
2/3/2016,194.29
2/4/2016,194.85
2/5/2016,186.08
2/8/2016,187.36
2/9/2016,184.54
2/10/2016,179.79
2/11/2016,173.31
2/12/2016,178.46
2/16/2016,190.38
2/17/2016,191.82
2/18/2016,190.6
2/19/2016,195.85
2/22/2016,200.25
2/23/2016,196.55
2/24/2016,194.47
2/25/2016,190.37
2/26/2016,193.76
2/29/2016,194.36
3/1/2016,198.03
3/2/2016,199.05
3/3/2016,205.34
3/4/2016,213.14
3/7/2016,214.17
3/8/2016,195.96
3/9/2016,202.86
3/10/2016,199.84
3/11/2016,201.58
3/14/2016,196.49
3/15/2016,195.25
3/16/2016,196.26
3/17/2016,202.98
3/18/2016,197.6
3/21/2016,200.07
3/22/2016,200.53
3/23/2016,198.37
3/24/2016,197.31
3/28/2016,197.31
3/29/2016,192.66
3/30/2016,192.18
3/31/2016,193.54
4/1/2016,189.64
4/4/2016,190.64
4/5/2016,193.28
4/6/2016,195.78
4/7/2016,191.27
4/8/2016,194.89
4/11/2016,195.25
4/12/2016,202.21
4/13/2016,205.11
4/14/2016,205.3
4/15/2016,203.45
4/18/2016,208.55
4/19/2016,211.51
4/20/2016,212.79
4/21/2016,207.63
4/22/2016,207.39
4/25/2016,208.28
4/26/2016,209.64
4/27/2016,209.88
4/28/2016,212.04
4/29/2016,215.46
5/2/2016,215.46
5/3/2016,217.09
5/4/2016,215.37
5/5/2016,205.63
5/6/2016,206.73
5/9/2016,196.2
5/10/2016,198.66
5/11/2016,202.72
5/12/2016,196.95
5/13/2016,197.15
5/16/2016,198.96
5/17/2016,200.67
5/18/2016,197.01
5/19/2016,195.16
5/20/2016,193.9
5/23/2016,189.97
5/24/2016,191.55
5/25/2016,190.4
5/26/2016,191.41
5/27/2016,192
5/31/2016,192.28
6/1/2016,193.2
6/2/2016,193.08
6/3/2016,193.65
6/6/2016,197.47
6/7/2016,195.69
6/8/2016,204.33
6/9/2016,203.82
6/10/2016,203.66
6/13/2016,202.81
6/14/2016,202.71
6/15/2016,206.39
6/16/2016,202.4
6/17/2016,206.84
6/20/2016,211.85
6/21/2016,209.68
6/22/2016,210.57
6/23/2016,210.47
6/24/2016,205.76
6/27/2016,204.8
6/28/2016,213.01
6/29/2016,215.27
6/30/2016,215.4
7/1/2016,227.4
7/5/2016,221.26
7/6/2016,227.65
7/7/2016,222.27
7/8/2016,225.35
7/11/2016,229.14
7/12/2016,239.36
7/13/2016,236.21
7/14/2016,236.53
7/15/2016,234.69
7/18/2016,240.7
7/19/2016,241.05
7/20/2016,241.52
7/21/2016,245.61
7/22/2016,237.59
7/25/2016,239.02
7/26/2016,236.14
7/27/2016,236.23
7/28/2016,244.01
7/29/2016,242.55
8/1/2016,244.88
8/2/2016,244.62
8/3/2016,244.82
8/4/2016,241.85
8/5/2016,244.42
8/8/2016,245.68
8/9/2016,245.96
8/10/2016,247.84
8/11/2016,245.01
8/12/2016,235.16
8/15/2016,239.84
8/16/2016,234
8/17/2016,233.18
8/18/2016,236.14
8/19/2016,236.27
8/22/2016,234.15
8/23/2016,234.15
8/24/2016,227.95
8/25/2016,224.49
8/26/2016,223.66
8/29/2016,223.66
8/30/2016,224.05
8/31/2016,222.52
9/1/2016,225.8
9/2/2016,229.2
9/6/2016,230.34
9/7/2016,232.64
9/8/2016,235.81
9/9/2016,236.47
9/12/2016,229.87
9/13/2016,224.9
9/14/2016,224.47
9/15/2016,221.61
9/16/2016,221.84
9/19/2016,231.56
9/20/2016,235.2
9/21/2016,236.09
9/22/2016,243.21
9/23/2016,243.2
9/26/2016,240.15
9/27/2016,242.44
9/28/2016,243.93
9/29/2016,237.97
9/30/2016,241.13
10/3/2016,235.89
10/4/2016,229.66
10/5/2016,229.64
10/6/2016,233.63
10/7/2016,232.47
10/10/2016,239.85
10/11/2016,237.76
10/12/2016,241.06
10/13/2016,238.05
10/14/2016,239.32
10/17/2016,234.79
10/18/2016,237.51
10/19/2016,235.21
10/20/2016,231.09
10/21/2016,227.22
10/24/2016,230.52
10/25/2016,233.27
10/26/2016,234.08
10/27/2016,236.37
10/28/2016,237.95
10/31/2016,238.93
11/1/2016,237.29
11/2/2016,235.28
11/3/2016,238.97
11/4/2016,238.52
11/7/2016,253.87
11/8/2016,256.9
11/9/2016,264.11
11/10/2016,263.35
11/11/2016,255.86
11/14/2016,256.98
11/15/2016,257.79
11/16/2016,258.59
11/17/2016,256.65
11/18/2016,247.5
11/21/2016,260.12
11/22/2016,259.43
11/23/2016,264.66
11/25/2016,263.7
11/28/2016,265.27
11/29/2016,252.64
11/30/2016,256.53
12/1/2016,255.59
12/2/2016,261.2
12/5/2016,265.39
12/6/2016,264.69
12/7/2016,260.15
12/8/2016,253.24
12/9/2016,261.63
12/12/2016,257.79
12/13/2016,259.91
12/14/2016,260.58
12/15/2016,257.83
12/16/2016,254.87
12/19/2016,248.18
12/20/2016,249.2
12/21/2016,247.03
12/22/2016,244.74
12/23/2016,237.4
12/27/2016,237.4
12/28/2016,230.23
12/29/2016,230.68
12/30/2016,228.36
1/3/2017,225.82
1/4/2017,232.88
1/5/2017,234.58
1/6/2017,233.43
1/9/2017,236.78
1/10/2017,242.01
1/11/2017,232.15
1/12/2017,234.39
1/13/2017,238.45
1/17/2017,231.75
1/18/2017,232.1
1/19/2017,226.36
1/20/2017,221.22
1/23/2017,221.36
1/24/2017,223.38
1/25/2017,221.08
1/26/2017,214.44
1/27/2017,215.9
1/30/2017,220.57
1/31/2017,226.87
2/1/2017,233.56
2/2/2017,236.89
2/3/2017,233.03
2/6/2017,238.14
2/7/2017,235.99
2/8/2017,239.28
2/9/2017,234.45
2/10/2017,243.24
2/13/2017,244.85
2/14/2017,245.7
2/15/2017,249.36
2/16/2017,252.57
2/17/2017,252.11
2/21/2017,247.6
2/22/2017,246.55
2/23/2017,241.28
2/24/2017,247.68
2/27/2017,251.91
2/28/2017,250.41
3/1/2017,251.51
3/2/2017,245.76
3/3/2017,250.55
3/6/2017,252.9
3/7/2017,242.69
3/8/2017,232.58
3/9/2017,231.44
3/10/2017,225.7
3/13/2017,232
3/14/2017,233.34
3/15/2017,232.75
3/16/2017,233.08
3/17/2017,233.99
3/20/2017,231.79
3/21/2017,231.67
3/22/2017,228.46
3/23/2017,228.68
3/24/2017,225.02
3/27/2017,222.67
3/28/2017,227.79
3/29/2017,228.9
3/30/2017,230.96
3/31/2017,228.45
4/3/2017,224.38
4/4/2017,227.31
4/5/2017,234.52
4/6/2017,229.62
4/7/2017,231.98
4/10/2017,232.02
4/11/2017,224.32
4/12/2017,222.02
4/13/2017,222.44
4/17/2017,222.44
4/18/2017,212.27
4/19/2017,212.97
4/20/2017,216.21
4/21/2017,213.09
4/24/2017,211.09
4/25/2017,212.47
4/26/2017,210.4
4/27/2017,212.81
4/28/2017,215.44
5/1/2017,215.44
5/2/2017,216.8
5/3/2017,210.26
5/4/2017,205.38
5/5/2017,208.37
5/8/2017,208.54
5/9/2017,210.17
5/10/2017,208.06
5/11/2017,212.6
5/12/2017,212.59
5/15/2017,210.67
5/16/2017,208.02
5/17/2017,210.21
5/18/2017,209.3
5/19/2017,213.6
5/22/2017,214.31
5/23/2017,213.11
5/24/2017,207.5
5/25/2017,206.12
5/26/2017,207.03
5/30/2017,207.76
5/31/2017,204.48
6/1/2017,201.49
6/2/2017,203.22
6/5/2017,203.04
6/6/2017,202
6/7/2017,200.77
6/8/2017,200.89
6/9/2017,204.74
6/12/2017,200.51
6/13/2017,200.67
6/14/2017,203.95
6/15/2017,201.78
6/16/2017,203.84
6/19/2017,205.39
6/20/2017,201.05
6/21/2017,205.28
6/22/2017,205.64
6/23/2017,207.02
6/26/2017,205.71
6/27/2017,211.17
6/28/2017,211.41
6/29/2017,211.88
6/30/2017,214.16
7/3/2017,214.07
7/5/2017,208.83
7/6/2017,206.86
7/7/2017,203.26
7/10/2017,205.08
7/11/2017,208.11
7/12/2017,209.88
7/13/2017,210.05
7/14/2017,218.49
7/17/2017,219
7/18/2017,223.11
7/19/2017,220.13
7/20/2017,216.58
7/21/2017,217.15
7/24/2017,223.02
7/25/2017,228.23
7/26/2017,229.11
7/27/2017,231.12
7/28/2017,232.7
7/31/2017,232.92
8/1/2017,234.59
8/2/2017,235.91
8/3/2017,236.56
8/4/2017,233.62
8/7/2017,237.1
8/8/2017,242.45
8/9/2017,245.45
8/10/2017,250.63
8/11/2017,243.28
8/14/2017,238.4
8/15/2017,236.12
8/16/2017,245.48
8/17/2017,244.71
8/18/2017,250.54
8/21/2017,258.12
8/22/2017,260.41
8/23/2017,265.94
8/24/2017,267.85
8/25/2017,261.88
8/28/2017,261.88
8/29/2017,266.96
8/30/2017,264.01
8/31/2017,268.97
9/1/2017,274.31
9/5/2017,275.32
9/6/2017,277.23
9/7/2017,276.83
9/8/2017,264.1
9/11/2017,268.12
9/12/2017,273.24
9/13/2017,258.94
9/14/2017,255.42
9/15/2017,252.88
9/18/2017,256.17
9/19/2017,253.98
9/20/2017,259.44
9/21/2017,250.81
9/22/2017,237.36
9/25/2017,240.81
9/26/2017,238.55
9/27/2017,233.1
9/28/2017,237.66
9/29/2017,239
10/2/2017,236.44
10/3/2017,241.68
10/4/2017,241.5
10/5/2017,239.67
10/6/2017,241.31
10/9/2017,250.9
10/10/2017,252.07
10/11/2017,253.97
10/12/2017,260.03
10/13/2017,266.4
10/16/2017,270.7
10/17/2017,268.36
10/18/2017,265.72
10/19/2017,267.76
10/20/2017,267.62
10/23/2017,270.42
10/24/2017,273.56
10/25/2017,270.65
10/26/2017,268.08
10/27/2017,264.19
10/30/2017,266.24
10/31/2017,280.56
11/1/2017,291.86
11/2/2017,287.52
11/3/2017,290.17
11/6/2017,294.53
11/7/2017,288.51
11/8/2017,289.68
11/9/2017,280.56
11/10/2017,276.29
11/13/2017,284.99
11/14/2017,268.73
11/15/2017,266.66
11/16/2017,258.88
11/17/2017,264.02
11/20/2017,265.93
11/21/2017,270.69
11/22/2017,270.01
11/24/2017,274.44
11/27/2017,263.73
11/28/2017,258.67
11/29/2017,262.57
11/30/2017,253.18
12/1/2017,257.26
12/4/2017,259.37
12/5/2017,247.5
12/6/2017,246.13
12/7/2017,251.6
12/8/2017,249.63
12/11/2017,256.33
12/12/2017,252.57
12/13/2017,253.22
12/14/2017,254.58
12/15/2017,264.26
12/18/2017,269.92
12/19/2017,268.17
12/20/2017,274.66
12/21/2017,275.32
12/22/2017,276.73
12/26/2017,276.73
12/27/2017,276.2
12/28/2017,281.72
12/29/2017,291.09
1/2/2018,287.74
1/3/2018,283.04
1/4/2018,288.44
1/5/2018,285.6
1/8/2018,285.79
1/9/2018,289.53
1/10/2018,295.08
1/11/2018,287.98
1/12/2018,290.46
1/16/2018,286.19
1/17/2018,283.12
1/18/2018,284.52
1/19/2018,290.3
1/22/2018,291.28
1/23/2018,293.28
1/24/2018,309.93
1/25/2018,312.44
1/26/2018,311.57
1/29/2018,315
1/30/2018,304.65
1/31/2018,310.32
2/1/2018,319.46
2/2/2018,306.51
2/5/2018,313.55
2/6/2018,305.24
2/7/2018,300.49
2/8/2018,299.84
2/9/2018,295.98
2/12/2018,298.99
2/13/2018,306.98
2/14/2018,321.86
2/15/2018,322.98
2/16/2018,317.69
2/20/2018,310.55
2/21/2018,315.93
2/22/2018,315.59
2/23/2018,314.1
2/26/2018,317.72
2/27/2018,315.85
2/28/2018,314.6
3/1/2018,307
3/2/2018,306.8
3/5/2018,306.25
3/6/2018,311.89
3/7/2018,309.9
3/8/2018,302.7
3/9/2018,316.31
3/12/2018,312.1
3/13/2018,316.78
3/14/2018,315.78
3/15/2018,311.06
3/16/2018,310.92
3/19/2018,307.58
3/20/2018,307.02
3/21/2018,307.13
3/22/2018,300.95
3/23/2018,295.4
3/26/2018,295.48
3/27/2018,296.46
3/28/2018,299.44
3/29/2018,303.36
4/2/2018,303.36
4/3/2018,307.06
4/4/2018,299.79
4/5/2018,303.79
4/6/2018,302.61
4/9/2018,306.44
4/10/2018,312.52
4/11/2018,316.49
4/12/2018,313.14
4/13/2018,318.32
4/16/2018,327.42
4/17/2018,324.57
4/18/2018,348.77
4/19/2018,344.07
4/20/2018,338.45
4/23/2018,325.49
4/24/2018,319.01
4/25/2018,322.7
4/26/2018,324.77
4/27/2018,316.76
4/30/2018,311.27
5/1/2018,311.28
5/2/2018,318.82
5/3/2018,314.05
5/4/2018,319.81
5/7/2018,319.81
5/8/2018,316.7
5/9/2018,317.7
5/10/2018,316.76
5/11/2018,320.84
5/14/2018,330.87
5/15/2018,329.14
5/16/2018,330.29
5/17/2018,333.02
5/18/2018,336.6
5/21/2018,334.8
5/22/2018,337.23
5/23/2018,334.23
5/24/2018,339.97
5/25/2018,337.2
5/29/2018,339.93
5/30/2018,345.05
5/31/2018,347.1
6/1/2018,352.19
6/4/2018,353.13
6/5/2018,359.16
6/6/2018,356.43
6/7/2018,353.93
6/8/2018,351.72
6/11/2018,348.8
6/12/2018,346.98
6/13/2018,356.54
6/14/2018,348.75
6/15/2018,346.41
6/18/2018,341.51
6/19/2018,334.16
6/20/2018,341.57
6/21/2018,341.89
6/22/2018,348.18
6/25/2018,335.85
6/26/2018,337.15
6/27/2018,339.28
6/28/2018,337.11
6/29/2018,339.71
7/2/2018,331.55
7/3/2018,329.07
7/5/2018,323.26
7/6/2018,317.49
7/9/2018,323.74
7/10/2018,322.47
7/11/2018,316.33
7/12/2018,323.62
7/13/2018,318.76
7/16/2018,311.7
7/17/2018,307.59
7/18/2018,310.44
7/19/2018,304.2
7/20/2018,308.48
7/23/2018,305.35
7/24/2018,309.87
7/25/2018,311.68
7/26/2018,313.83
7/27/2018,315.82
7/30/2018,315.72
7/31/2018,319.64
8/1/2018,309.51
8/2/2018,303.56
8/3/2018,308.52
8/6/2018,311.63
8/7/2018,315.6
8/8/2018,320.36
8/9/2018,316.68
8/10/2018,315.26
8/13/2018,309.12
8/14/2018,306.11
8/15/2018,292.97
8/16/2018,303.79
8/17/2018,307.31
8/20/2018,309.08
8/21/2018,309.04
8/22/2018,308.28
8/23/2018,302.53
8/24/2018,305.67
8/27/2018,305.67
8/28/2018,311.49
8/29/2018,307.46
8/30/2018,302.5
8/31/2018,291.38
9/4/2018,283.82
9/5/2018,283.17
9/6/2018,283.23
9/7/2018,281.15
9/10/2018,282.51
9/11/2018,278.51
9/12/2018,287.6
9/13/2018,287.4
9/14/2018,288.67
9/17/2018,279.07
9/18/2018,282.74
9/19/2018,285.2
9/20/2018,287.87
9/21/2018,302.13
9/24/2018,295.25
9/25/2018,295.16
9/26/2018,292.15
9/27/2018,286.22
9/28/2018,287.04
10/1/2018,284.71
10/2/2018,285
10/3/2018,290.84
10/4/2018,284.44
10/5/2018,287.66
10/8/2018,286.73
10/9/2018,296.78
10/10/2018,289.33
10/11/2018,289.31
10/12/2018,288.83
10/15/2018,287.85
10/16/2018,287.4
10/17/2018,282.37
10/18/2018,281.76
10/19/2018,283.96
10/22/2018,285.68
10/23/2018,282.08
10/24/2018,278.61
10/25/2018,276.92
10/26/2018,271.32
10/29/2018,267.89
10/30/2018,268.06
10/31/2018,262.03
11/1/2018,268.61
11/2/2018,271.84
11/5/2018,267.6
11/6/2018,268.14
11/7/2018,269.31
11/8/2018,268.52
11/9/2018,261.51
11/12/2018,259.89
11/13/2018,258.68
11/14/2018,257.92
11/15/2018,256.78
11/16/2018,259.14
11/19/2018,254.97
11/20/2018,252.99
11/21/2018,251.27
11/23/2018,248.87
11/26/2018,247.9
11/27/2018,245.53
11/28/2018,246.14
11/29/2018,251.95
11/30/2018,255.35
12/3/2018,256.4
12/4/2018,254.12
12/5/2018,255.8
12/6/2018,247.14
12/7/2018,248.63
12/10/2018,246.06
12/11/2018,245.47
12/12/2018,246.17
12/13/2018,247.53
12/14/2018,252.77
12/17/2018,250.49
12/18/2018,247.01
12/19/2018,249.63
12/20/2018,248.74
12/21/2018,247.92
12/24/2018,248.13
12/26/2018,248.13
12/27/2018,245.22
12/28/2018,244.47
12/31/2018,243.48
1/2/2019,247.69
1/3/2019,247.65
1/4/2019,253.06
1/7/2019,253.93
1/8/2019,254.54
1/9/2019,256.29
1/10/2019,256.43
1/11/2019,261.38
1/14/2019,259.8
1/15/2019,266.25
1/16/2019,265.25
1/17/2019,264.35
1/18/2019,269.68
1/22/2019,264.15
1/23/2019,266.77
1/24/2019,268.33
1/25/2019,272.74
1/28/2019,269.47
1/29/2019,276.26
1/30/2019,281.51
1/31/2019,284.43
2/1/2019,288.6
2/4/2019,302.29
2/5/2019,297.26
2/6/2019,294.57
2/7/2019,295.9
2/8/2019,286.45
2/11/2019,284.69
2/12/2019,282.9
2/13/2019,282.91
2/14/2019,278.19
2/15/2019,282.75
2/19/2019,288.7
2/20/2019,294.32
2/21/2019,293.05
2/22/2019,296.24
2/25/2019,295.82
2/26/2019,295.41
2/27/2019,297.57
2/28/2019,297.45
3/1/2019,300.73
3/4/2019,302
3/5/2019,311.08
3/6/2019,309.53
3/7/2019,301.65
3/8/2019,298.38
3/11/2019,293.98
3/12/2019,298.81
3/13/2019,301.3
3/14/2019,293.98
3/15/2019,294.95
3/18/2019,296.91
3/19/2019,299.75
3/20/2019,301.39
3/21/2019,296.39
3/22/2019,296.28
3/25/2019,295.54
3/26/2019,298.26
3/27/2019,297.86
3/28/2019,293.7
3/29/2019,295.96
4/1/2019,298.74
4/2/2019,299.54
4/3/2019,303.75
4/4/2019,299.93
4/5/2019,297.89
4/8/2019,300.57
4/9/2019,301.03
4/10/2019,301.68
4/11/2019,296.16
4/12/2019,297.21
4/15/2019,296.47
4/16/2019,295.59
4/17/2019,294.22
4/18/2019,289.19
4/22/2019,289.19
4/23/2019,282.77
4/24/2019,283.19
4/25/2019,281.31
4/26/2019,283.57
4/29/2019,283.08
4/30/2019,278.39
5/1/2019,277.54
5/2/2019,276.9
5/3/2019,278.2
5/6/2019,278.2
5/7/2019,274.92
5/8/2019,272.79
5/9/2019,268.94
5/10/2019,272.27
5/13/2019,269.13
5/14/2019,272.26
5/15/2019,277.65
5/16/2019,278.15
5/17/2019,274.31
5/20/2019,273.35
5/21/2019,275.5
5/22/2019,273.41
5/23/2019,271.34
5/24/2019,281.95
5/28/2019,276.49
5/29/2019,274.61
5/30/2019,277.41
5/31/2019,273.87
6/3/2019,270.5
6/4/2019,269.04
6/5/2019,266.86
6/6/2019,265.59
6/7/2019,264.52
6/10/2019,265.2
6/11/2019,270.76
6/12/2019,269.87
6/13/2019,269.93
6/14/2019,270.61
6/17/2019,268.35
6/18/2019,272.55
6/19/2019,275.82
6/20/2019,280.59
6/21/2019,275.72
6/24/2019,276.86
6/25/2019,280.64
6/26/2019,285.19
6/27/2019,290.45
6/28/2019,289.67
7/1/2019,281.49
7/2/2019,275.48
7/3/2019,281.54
7/5/2019,284.64
7/8/2019,290.4
7/9/2019,289.94
7/10/2019,296.67
7/11/2019,300.08
7/12/2019,307.93
7/15/2019,312.27
7/16/2019,321.6
7/17/2019,330.92
7/18/2019,339.95
7/19/2019,336.81
7/22/2019,327.1
7/23/2019,324.22
7/24/2019,332.84
7/25/2019,321.94
7/26/2019,322.6
7/29/2019,328.56
7/30/2019,328.5
7/31/2019,331.51
8/1/2019,334.14
8/2/2019,331.17
8/5/2019,340.81
8/6/2019,342.41
8/7/2019,339.07
8/8/2019,362.95
8/9/2019,355.37
8/12/2019,359.09
8/13/2019,364.15
8/14/2019,365.36
8/15/2019,371.94
8/16/2019,370.54
8/19/2019,364.44
8/20/2019,363.05
8/21/2019,362.36
8/22/2019,358.71
8/23/2019,359.12
8/26/2019,359.12
8/27/2019,360.08
8/28/2019,369.06
8/29/2019,377.65
8/30/2019,411.22
9/3/2019,412.02
9/4/2019,411.68
9/5/2019,400.25
9/6/2019,405.16
9/9/2019,413.5
9/10/2019,413.73
9/11/2019,409.35
9/12/2019,412.77
9/13/2019,406.31
9/16/2019,397.85
9/17/2019,389.97
9/18/2019,394.2
9/19/2019,396.48
9/20/2019,401.17
9/23/2019,400.37
9/24/2019,393.62
9/25/2019,397.28
9/26/2019,394.2
9/27/2019,394.28
9/30/2019,391
10/1/2019,396.34
10/2/2019,401.74
10/3/2019,405.05
10/4/2019,408.02
10/7/2019,405.64
10/8/2019,402.31
10/9/2019,397.61
10/10/2019,403.68
10/11/2019,401.74
10/14/2019,378.88
10/15/2019,389.01
10/16/2019,376.6
10/17/2019,372.49
10/18/2019,371.57
10/21/2019,367.98
10/22/2019,377.31
10/23/2019,379.23
10/24/2019,385.49
10/25/2019,383.8
10/28/2019,381.17
10/29/2019,385.74
10/30/2019,384.55
10/31/2019,381.38
11/1/2019,384.32
11/4/2019,374.84
11/5/2019,372.78
11/6/2019,372.21
11/7/2019,370.57
11/8/2019,370.22
11/11/2019,355.93
11/12/2019,358.11
11/13/2019,351.62
11/14/2019,346.44
11/15/2019,342.39
11/18/2019,339.12
11/19/2019,335.37
11/20/2019,327.88
11/21/2019,330.75
11/22/2019,334.21
11/25/2019,330.48
11/26/2019,333.18
11/27/2019,328.19
11/29/2019,311.91
12/2/2019,312.87
12/3/2019,305.12
12/4/2019,299.52
12/5/2019,302.95
12/6/2019,307.41
12/9/2019,304.25
12/10/2019,305.79
12/11/2019,316.09
12/12/2019,322.06
12/13/2019,323.77
12/16/2019,324.44
12/17/2019,318.78
12/18/2019,316.73
12/19/2019,323.65
12/20/2019,331.67
12/23/2019,327.54
12/24/2019,327.26
12/26/2019,327.26
12/27/2019,324.22
12/30/2019,326.53
12/31/2019,319.93
1/2/2020,325.37
1/3/2020,313.67
1/6/2020,315.09
1/7/2020,317.61
1/8/2020,320.22
1/9/2020,321.15
1/10/2020,323.74
1/13/2020,321.5
1/14/2020,316.43
1/15/2020,326.76
1/16/2020,314.34
1/17/2020,317.46
1/21/2020,311.69
1/22/2020,311.11
1/23/2020,304.48
1/24/2020,295.25
1/27/2020,287.51
1/28/2020,285.99
1/29/2020,286
1/30/2020,287.66
1/31/2020,292.79
2/3/2020,289.81
2/4/2020,292.24
2/5/2020,299.81
2/6/2020,297.42
2/7/2020,290.89
2/10/2020,293.56
2/11/2020,298.8
2/12/2020,298.68
2/13/2020,302.98
2/14/2020,296.79
2/18/2020,292.23
2/19/2020,292.44
2/20/2020,288.76
2/21/2020,285.59
2/24/2020,283.2
2/25/2020,283.73
2/26/2020,286.09
2/27/2020,282.12
2/28/2020,279.36
3/2/2020,289.42
3/3/2020,286.27
3/4/2020,289.05
3/5/2020,293.97
3/6/2020,293.01
3/9/2020,288.7
3/10/2020,289.44
3/11/2020,283.56
3/12/2020,270.04
3/13/2020,281.19
3/16/2020,272.41
3/17/2020,268.69
3/18/2020,259.88
3/19/2020,256.49
3/20/2020,256.01
3/23/2020,248.06
3/24/2020,256.8
3/25/2020,257.51
3/26/2020,255.7
3/27/2020,259.07
3/30/2020,258.18
3/31/2020,261.99
4/1/2020,256.83
4/2/2020,257.96
4/3/2020,256.14
4/6/2020,257.3
4/7/2020,261.39
4/8/2020,262.18
4/9/2020,266.06
4/13/2020,266.06
4/14/2020,271.13
4/15/2020,268.49
4/16/2020,268.33
4/17/2020,274.71
4/20/2020,285.49
4/21/2020,278.19
4/22/2020,273.93
4/23/2020,277.5
4/24/2020,279.2
4/27/2020,279.16
4/28/2020,280.29
4/29/2020,280.74
4/30/2020,277.88
5/1/2020,272.46
5/4/2020,269.13
5/5/2020,273.38
5/6/2020,280.23
5/7/2020,280.93
5/8/2020,280.93
5/11/2020,281.64
5/12/2020,281.06
5/13/2020,279.53
5/14/2020,275.35
5/15/2020,270.36
5/18/2020,279.32
5/19/2020,283.99
5/20/2020,288.93
5/21/2020,291.42
5/22/2020,279.38
5/26/2020,281.38
5/27/2020,276.2
5/28/2020,279.11
5/29/2020,280.9
6/1/2020,287.73
6/2/2020,292.95
6/3/2020,293.2
6/4/2020,291
6/5/2020,296.03
6/8/2020,297.69
6/9/2020,294.4
6/10/2020,296.66
6/11/2020,288.73
6/12/2020,288.96
6/15/2020,290.65
6/16/2020,297.17
6/17/2020,293.68
6/18/2020,294.18
6/19/2020,291.3
6/22/2020,288.45
6/23/2020,290.14
6/24/2020,286.14
6/25/2020,283.7
6/26/2020,289.32
6/29/2020,292.09
6/30/2020,292.08
7/1/2020,293.02
7/2/2020,295.27
7/6/2020,304.18
7/7/2020,307.22
7/8/2020,307.85
7/9/2020,302.31
7/10/2020,308.5
7/13/2020,313.03
7/14/2020,310.21
7/15/2020,308.9
7/16/2020,307.3
7/17/2020,301.83
7/20/2020,302.13
7/21/2020,307.38
7/22/2020,299.87
7/23/2020,312.5
7/24/2020,311.69
7/27/2020,313.07
7/28/2020,311.65
7/29/2020,316.64
7/30/2020,313.15
7/31/2020,314.52
8/3/2020,318.13
8/4/2020,321.95
8/5/2020,328.99
8/6/2020,330.27
8/7/2020,328.08
8/10/2020,325.89
8/11/2020,327.4
8/12/2020,325.39
8/13/2020,321.83
8/14/2020,327.89
8/17/2020,333.12
8/18/2020,334.89
8/19/2020,336.1
8/20/2020,334.34
8/21/2020,335.4
8/24/2020,340.74
8/25/2020,341.89
8/26/2020,346.11
8/27/2020,346.84
8/28/2020,350.9
8/31/2020,350.9
9/1/2020,354.73
9/2/2020,358.55
9/3/2020,344.47
9/4/2020,348.94
9/8/2020,339.62
9/9/2020,340.46
9/10/2020,338.46
9/11/2020,344.53
9/14/2020,348.66
9/15/2020,346.96
9/16/2020,347.57
9/17/2020,344.36
9/18/2020,340.2
9/21/2020,331.89
9/22/2020,333.32
9/23/2020,329.3
9/24/2020,325.48
9/25/2020,325.55
9/28/2020,331.03
9/29/2020,329.94
9/30/2020,331.38
10/1/2020,327.35
10/2/2020,328.96
10/5/2020,334.14
10/6/2020,331.32
10/7/2020,333.29
10/8/2020,334.66
10/9/2020,347.48
10/12/2020,346.12
10/13/2020,343.36
10/14/2020,350.26
10/15/2020,352.08
10/16/2020,357.35
10/19/2020,358.02
10/20/2020,365.77
10/21/2020,362.72
10/22/2020,361.22
10/23/2020,358.8
10/26/2020,357.54
10/27/2020,363.22
10/28/2020,359.28
10/29/2020,354.58
10/30/2020,346
11/2/2020,345.99
11/3/2020,350.65
11/4/2020,350.2
11/5/2020,355.03
11/6/2020,350.55
11/9/2020,359.51
11/10/2020,362.98
11/11/2020,364.69
11/12/2020,363.92
11/13/2020,362.9
11/16/2020,362.89
11/17/2020,363.94
11/18/2020,360.98
11/19/2020,361.55
11/20/2020,368.78
11/23/2020,363.79
11/24/2020,370.82
11/25/2020,366.54
11/27/2020,375.62
11/30/2020,365.95
12/1/2020,371.49
12/2/2020,365.11
12/3/2020,364.09
12/4/2020,374.26
12/7/2020,373.61
12/8/2020,374.23
12/9/2020,381.25
12/10/2020,397.93
12/11/2020,394.66
12/14/2020,401.59
12/15/2020,401.28
12/16/2020,397.46
12/17/2020,399.87
12/18/2020,399.13
12/21/2020,394.15
12/22/2020,379.15
12/23/2020,385.12
12/24/2020,387.84
12/28/2020,387.84
12/29/2020,386.31
12/30/2020,382.85
12/31/2020,379.04
1/4/2021,397.07
1/5/2021,403.43
1/6/2021,405.5
1/7/2021,413.16
1/8/2021,403.09
1/11/2021,389.85
1/12/2021,403.23
1/13/2021,403.58
1/14/2021,417.57
1/15/2021,411.27
1/19/2021,415.93
1/20/2021,416.05
1/21/2021,420.02
1/22/2021,417.13
1/25/2021,416.63
1/26/2021,412.24
1/27/2021,408.99
1/28/2021,406.36
1/29/2021,403.87
2/1/2021,407.68
2/2/2021,403.91
2/3/2021,402.71
2/4/2021,402.71
2/5/2021,411.52
2/8/2021,414.72
2/9/2021,419.35
2/10/2021,426.16
2/11/2021,425.15
2/12/2021,424.01
2/16/2021,429.58
2/17/2021,428.35
2/18/2021,437.2
2/19/2021,447.34
2/22/2021,445.16
2/23/2021,441.89
2/24/2021,450.01
2/25/2021,438.38
2/26/2021,424.06
3/1/2021,426.42
3/2/2021,426.22
3/3/2021,397.45
3/4/2021,368.04
3/5/2021,374.8
3/8/2021,372.89
3/9/2021,367.09
3/10/2021,366.38
3/11/2021,370.76
3/12/2021,365.6
3/15/2021,370.23
3/16/2021,368.77
3/17/2021,366.99
3/18/2021,366.14
3/19/2021,372.14
3/22/2021,375.9
3/23/2021,368.67
3/24/2021,369.58
3/25/2021,368.72
3/26/2021,374.11
3/29/2021,370.13
3/30/2021,363.93
3/31/2021,366.69
4/1/2021,369.95
4/5/2021,369.95
4/6/2021,381.92
4/7/2021,379.55
4/8/2021,383.99
4/9/2021,379.46
4/12/2021,368.2
4/13/2021,368.88
4/14/2021,373.9
4/15/2021,373.58
4/16/2021,373.56
4/19/2021,368.02
4/20/2021,366.13
4/21/2021,369.8
4/22/2021,366.69
4/23/2021,374.31
4/26/2021,380.51
4/27/2021,387.34
4/28/2021,398.09
4/29/2021,394.1
4/30/2021,403.62
5/3/2021,403.62
5/4/2021,403.4
5/5/2021,408.55
5/6/2021,409.47
5/7/2021,412.83
5/10/2021,405.56
5/11/2021,409.61
5/12/2021,406.49
5/13/2021,395.68
5/14/2021,400.72
5/17/2021,409.03
5/18/2021,410.32
5/19/2021,395.53
5/20/2021,391.53
5/21/2021,383.36
5/24/2021,390.78
5/25/2021,388.96
5/26/2021,394.68
5/27/2021,408.56
5/28/2021,413.53
6/1/2021,413.99
6/2/2021,416.34
6/3/2021,408.44
6/4/2021,411.42
6/7/2021,408.51
6/8/2021,409.69
6/9/2021,414.16
6/10/2021,417.54
6/11/2021,416.32
6/14/2021,422.03
6/15/2021,405.08
6/16/2021,403.04
6/17/2021,392.16
6/18/2021,391.73
6/21/2021,398.52
6/22/2021,405.27
6/23/2021,412.7
6/24/2021,420.7
6/25/2021,423.3
6/28/2021,417.98
6/29/2021,419.55
6/30/2021,416.09
7/1/2021,413.59
7/2/2021,419.04
7/6/2021,410.93
7/7/2021,418.14
7/8/2021,418.72
7/9/2021,428.39
7/12/2021,426.74
7/13/2021,429.02
7/14/2021,424.52
7/15/2021,428.8
7/16/2021,435.67
7/19/2021,421.81
7/20/2021,426.92
7/21/2021,424.57
7/22/2021,432.36
7/23/2021,442.76
7/26/2021,450.57
7/27/2021,442.31
7/28/2021,446.53
7/29/2021,453.24
7/30/2021,446.78
8/2/2021,446.04
8/3/2021,443.02
8/4/2021,439.72
8/5/2021,444.9
8/6/2021,438.88
8/9/2021,425.24
8/10/2021,432.84
8/11/2021,442.38
8/12/2021,449.52
8/13/2021,449.01
8/16/2021,445.72
8/17/2021,438.51
8/18/2021,431.6
8/19/2021,420.02
8/20/2021,421.85
8/23/2021,431.65
8/24/2021,435.82
8/25/2021,438.04
8/26/2021,429.06
8/27/2021,434.51
8/30/2021,434.51
8/31/2021,446.95
9/1/2021,442.23
9/2/2021,445.18
9/3/2021,452.5
9/7/2021,445.9
9/8/2021,450.55
9/9/2021,461.48
9/10/2021,466.16
9/13/2021,451.04
9/14/2021,448.56
9/15/2021,457.61
9/16/2021,443.54
9/17/2021,442.73
9/20/2021,435.72
9/21/2021,430.44
9/22/2021,439.49
9/23/2021,442.52
9/24/2021,443.34
9/27/2021,433.19
9/28/2021,424.39
9/29/2021,419.38
9/30/2021,409.97
10/1/2021,410.65
10/4/2021,409.6
10/5/2021,414.18
10/6/2021,412.92
10/7/2021,417.29
10/8/2021,439.2
10/11/2021,437
10/12/2021,433.75
10/13/2021,432.36
10/14/2021,440.97
10/15/2021,457.75
10/18/2021,457.2
10/19/2021,458.5
10/20/2021,479.87
10/21/2021,456.42
10/22/2021,452.31
10/25/2021,466.06
10/26/2021,460.44
10/27/2021,444.63
10/28/2021,448.23
10/29/2021,445.29
11/1/2021,451.21
11/2/2021,448.79
11/3/2021,438.83
11/4/2021,438.16
11/5/2021,444.67
11/8/2021,449.28
11/9/2021,443.91
11/10/2021,452.09
11/11/2021,452.15
11/12/2021,457.61
11/15/2021,448.9
11/16/2021,443.99
11/17/2021,443.33
11/18/2021,449.93
11/19/2021,459.48
11/22/2021,466.89
11/23/2021,467.05
11/24/2021,479.34
11/26/2021,457.66
11/29/2021,463.35
11/30/2021,456.47
12/1/2021,457.61
12/2/2021,457.91
12/3/2021,459.71
12/6/2021,455.05
12/7/2021,463.19
12/8/2021,463.82
12/9/2021,455.21
12/10/2021,452.08
12/13/2021,451.03
12/14/2021,445.68
12/15/2021,437.23
12/16/2021,449.22
12/17/2021,449.86
12/20/2021,442.69
12/21/2021,449.18
12/22/2021,456.88
12/23/2021,458.48
12/27/2021,459.21
12/28/2021,459.21
12/29/2021,467.32
12/30/2021,472.01
12/31/2021,476.09
1/3/2022,476.09
1/4/2022,484.69
1/5/2022,473.22
1/6/2022,467.37
1/7/2022,475.31
1/10/2022,476.68
1/11/2022,499.61
1/12/2022,505.21
1/13/2022,507.77
1/14/2022,508.54
1/18/2022,505.67
1/19/2022,530.71
1/20/2022,545.59
1/21/2022,551.53
1/24/2022,514.33
1/25/2022,513
1/26/2022,522.3
1/27/2022,515.72
1/28/2022,514.49
1/31/2022,516.18
2/1/2022,526.94
2/2/2022,528.02
2/3/2022,526.51
2/4/2022,530.3
2/7/2022,539.05
2/8/2022,521.37
2/9/2022,532.69
2/10/2022,539.67
2/11/2022,528.47
2/14/2022,531.54
2/15/2022,534.44
2/16/2022,537.25
2/17/2022,548.67
2/18/2022,554.94
2/22/2022,566.8
2/23/2022,562.64
2/24/2022,570.52
2/25/2022,562
2/28/2022,559.1
3/1/2022,579.34
3/2/2022,598.24
3/3/2022,622.65
3/4/2022,669.65
3/7/2022,1099.71
3/8/2022,1099.71
3/9/2022,1099.71
3/10/2022,1099.71
3/11/2022,1099.71
3/14/2022,1099.71
3/15/2022,1099.71
3/16/2022,1044.96
3/17/2022,961.66
3/18/2022,846.72
3/21/2022,720.22
3/22/2022,642.85
3/23/2022,739.24
3/24/2022,850.18
3/25/2022,810.99
3/28/2022,747.55
3/29/2022,726.33
3/30/2022,751.81
3/31/2022,733.43
4/1/2022,759.05
4/4/2022,759.5
4/5/2022,761.22
4/6/2022,764.79
4/7/2022,769.76
4/8/2022,773.47
4/11/2022,741.96
4/12/2022,741.89
4/13/2022,753.24
4/14/2022,757.74
4/18/2022,757.74
4/19/2022,771.25
4/20/2022,765.31
4/21/2022,774.61
4/22/2022,756.1
4/25/2022,745.49
4/26/2022,755.76
4/27/2022,760.92
4/28/2022,753.24
4/29/2022,725.55
5/2/2022,725.55
5/3/2022,706.79
5/4/2022,698.88
5/5/2022,687.04
5/6/2022,686.2
5/9/2022,642.9
5/10/2022,648.34
5/11/2022,634.6
5/12/2022,634.81
5/13/2022,622.29
5/16/2022,605.92
5/17/2022,602.81
5/18/2022,597.39
5/19/2022,645
5/20/2022,639.12
5/23/2022,633.46
5/24/2022,606.26
5/25/2022,611.77
5/26/2022,621.16
5/27/2022,645.96
5/31/2022,648.38
6/1/2022,642
6/2/2022,642
6/3/2022,642
6/6/2022,677.86
6/7/2022,672.86
6/8/2022,658.64
6/9/2022,639.7
6/10/2022,622.5
6/13/2022,591.91
6/14/2022,576.49
6/15/2022,590.17
6/16/2022,576.58
6/17/2022,585.87
6/21/2022,592.41
6/22/2022,558.09
6/23/2022,548.7
6/24/2022,511.31
6/27/2022,522.35
6/28/2022,528.7
6/29/2022,543.05
6/30/2022,518.19
7/1/2022,497.99
7/5/2022,516.73
7/6/2022,498.33
7/7/2022,491.18
7/8/2022,492.34
7/11/2022,498.4
7/12/2022,487.9
7/13/2022,482.79
7/14/2022,442.96
7/15/2022,442.53
7/18/2022,471.45
7/19/2022,470.26
7/20/2022,483.69
7/21/2022,490.56
7/22/2022,505.32
7/25/2022,507.39
7/26/2022,492.34
7/27/2022,497.85
7/28/2022,500.69
7/29/2022,539.4
8/1/2022,538.25
8/2/2022,513.48
8/3/2022,509.84
8/4/2022,506.67
8/5/2022,507.05
8/8/2022,494.84
8/9/2022,491.99
8/10/2022,513.31
8/11/2022,539.9
8/12/2022,525.71
8/15/2022,502.4
8/16/2022,507.45
8/17/2022,499.45
8/18/2022,497.12
8/19/2022,508.04
8/22/2022,509.85
8/23/2022,496.12
8/24/2022,487.18
8/25/2022,494.45
8/26/2022,493.44
8/29/2022,493.44
8/30/2022,487.25
8/31/2022,488.28
9/1/2022,463.27
9/2/2022,468.3
9/6/2022,492.23
9/7/2022,492.28
9/8/2022,496.36
9/9/2022,525.11
9/12/2022,561.28
9/13/2022,554.65
9/14/2022,553.18
9/15/2022,528.24
9/16/2022,553.95
9/19/2022,561.64
9/20/2022,570
9/21/2022,569.49
9/22/2022,560.67
9/23/2022,533.73
9/26/2022,505.69
9/27/2022,497.9
9/28/2022,496.89
9/29/2022,509.55
9/30/2022,481.15
10/3/2022,484
10/4/2022,502.22
10/5/2022,514.29
10/6/2022,518.82
10/7/2022,512.09
10/10/2022,510.37
10/11/2022,502.8
10/12/2022,507.93
10/13/2022,511.36
10/14/2022,496.62
10/17/2022,491.02
10/18/2022,498.74
10/19/2022,500.53
10/20/2022,506.24
10/21/2022,500.66
10/24/2022,507.31
10/25/2022,508.78
10/26/2022,516.82
10/27/2022,510.15
10/28/2022,504.43
10/31/2022,497.07
11/1/2022,538.19
11/2/2022,550.64
11/3/2022,519.61
11/4/2022,542.76
11/7/2022,533.07
11/8/2022,547.34
11/9/2022,563.15
11/10/2022,592.1
11/11/2022,614.74
11/14/2022,658.27
11/15/2022,690.54
11/16/2022,628.22
11/17/2022,571.09
11/18/2022,578.59
11/21/2022,569.01
11/22/2022,593.08
11/23/2022,599.09
11/25/2022,579.16
11/28/2022,583.96
11/29/2022,612.11
11/30/2022,615.16
12/1/2022,629.23
12/2/2022,658