Effective date ,Dow Jones Commodity Index Petroleum
11/30/2012,147.27
12/3/2012,147.33
12/4/2012,146.03
12/5/2012,144.83
12/6/2012,142.33
12/7/2012,141.94
12/10/2012,141.57
12/11/2012,142.17
12/12/2012,143.94
12/13/2012,142.32
12/14/2012,144.03
12/17/2012,144.12
12/18/2012,145.53
12/19/2012,147.94
12/20/2012,148.14
12/21/2012,146.05
12/24/2012,145.87
12/26/2012,149.37
12/27/2012,149.22
12/28/2012,148.8
12/31/2012,149.98
1/2/2013,151.88
1/3/2013,151.52
1/4/2013,151.24
1/7/2013,151.56
1/8/2013,151.92
1/9/2013,151.83
1/10/2013,152.63
1/11/2013,151.5
1/14/2013,152.75
1/15/2013,151.05
1/16/2013,151.9
1/17/2013,153.85
1/18/2013,154.43
1/22/2013,155.38
1/23/2013,154.32
1/24/2013,155.34
1/25/2013,155.19
1/28/2013,156.03
1/29/2013,157.73
1/30/2013,158.61
1/31/2013,158.51
2/1/2013,159.54
2/4/2013,157.48
2/5/2013,158.52
2/6/2013,158.59
2/7/2013,158.16
2/8/2013,159.29
2/11/2013,160.21
2/12/2013,161.24
2/13/2013,161.07
2/14/2013,161.61
2/15/2013,160.11
2/19/2013,160.57
2/20/2013,157.78
2/21/2013,154.52
2/22/2013,155.16
2/25/2013,155.24
2/26/2013,153.55
2/27/2013,152.71
2/28/2013,151.78
3/1/2013,150.13
3/4/2013,149.31
3/5/2013,151.03
3/6/2013,150.37
3/7/2013,151.54
3/8/2013,152.29
3/11/2013,152.08
3/12/2013,152.24
3/13/2013,151.78
3/14/2013,152.45
3/15/2013,153.35
3/18/2013,153.36
3/19/2013,150.52
3/20/2013,152.27
3/21/2013,150.62
3/22/2013,151.74
3/25/2013,152.99
3/26/2013,155.13
3/27/2013,155.68
3/28/2013,156.43
4/1/2013,156.75
4/2/2013,156.55
4/3/2013,151.77
4/4/2013,150.17
4/5/2013,148.52
4/8/2013,149.77
4/9/2013,151.24
4/10/2013,151.18
4/11/2013,149.36
4/12/2013,146.57
4/15/2013,142.97
4/16/2013,142.69
4/17/2013,139.43
4/18/2013,141.14
4/19/2013,141.67
4/22/2013,142.9
4/23/2013,142.67
4/24/2013,145.5
4/25/2013,148.54
4/26/2013,147.88
4/29/2013,149.38
4/30/2013,147.68
5/1/2013,143.96
5/2/2013,148.24
5/3/2013,150.53
5/6/2013,151.88
5/7/2013,150.91
5/8/2013,151.8
5/9/2013,151.92
5/10/2013,151.15
5/13/2013,149.76
5/14/2013,148.88
5/15/2013,149.46
5/16/2013,150.58
5/17/2013,151.91
5/20/2013,152.61
5/21/2013,151.26
5/22/2013,148.73
5/23/2013,148.6
5/24/2013,148.61
5/28/2013,150.3
5/29/2013,147.56
5/30/2013,147.84
5/31/2013,145.17
6/3/2013,147.48
6/4/2013,148.08
6/5/2013,148.37
6/6/2013,149.69
6/7/2013,151.4
6/10/2013,150.85
6/11/2013,149.9
6/12/2013,150.72
6/13/2013,152.39
6/14/2013,154.02
6/17/2013,153.61
6/18/2013,154.56
6/19/2013,154.53
6/20/2013,149.08
6/21/2013,147.04
6/24/2013,148.39
6/25/2013,148.57
6/26/2013,148.85
6/27/2013,150.84
6/28/2013,149.94
7/1/2013,151.66
7/2/2013,153.78
7/3/2013,156.38
7/5/2013,159.24
7/8/2013,158.85
7/9/2013,159.43
7/10/2013,162.16
7/11/2013,160.53
7/12/2013,162.17
7/15/2013,162.42
7/16/2013,162.44
7/17/2013,163.25
7/18/2013,164.65
7/19/2013,164.41
7/22/2013,163.35
7/23/2013,163.79
7/24/2013,161.64
7/25/2013,161.69
7/26/2013,160.77
7/29/2013,160.68
7/30/2013,159.2
7/31/2013,161.47
8/1/2013,164.94
8/2/2013,163.64
8/5/2013,162.89
8/6/2013,161.19
8/7/2013,159.37
8/8/2013,157.85
8/9/2013,160.62
8/12/2013,161.11
8/13/2013,162.14
8/14/2013,162.52
8/15/2013,163.52
8/16/2013,163.89
8/19/2013,163.15
8/20/2013,161.81
8/21/2013,160.6
8/22/2013,161.68
8/23/2013,163.51
8/26/2013,162.71
8/27/2013,167.52
8/28/2013,169.76
8/29/2013,167.82
8/30/2013,165.88
9/3/2013,167.19
9/4/2013,165.81
9/5/2013,166.78
9/6/2013,169.14
9/9/2013,166.66
9/10/2013,163.12
9/11/2013,163
9/12/2013,164.64
9/13/2013,164.21
9/16/2013,162.03
9/17/2013,159.6
9/18/2013,163.22
9/19/2013,160.94
9/20/2013,160.11
9/23/2013,158.26
9/24/2013,158.22
9/25/2013,157.77
9/26/2013,158.73
9/27/2013,158.15
9/30/2013,157.37
10/1/2013,156.84
10/2/2013,159.32
10/3/2013,158.66
10/4/2013,159.14
10/7/2013,158.63
10/8/2013,159.28
10/9/2013,157.02
10/10/2013,159.84
10/11/2013,158.54
10/14/2013,158.77
10/15/2013,157.49
10/16/2013,159.2
10/17/2013,156.77
10/18/2013,157.67
10/21/2013,156.15
10/22/2013,154.92
10/23/2013,152.19
10/24/2013,152.11
10/25/2013,152.75
10/28/2013,154.95
10/29/2013,154.24
10/30/2013,153.68
10/31/2013,152.72
11/1/2013,149.54
11/4/2013,149.52
11/5/2013,148.03
11/6/2013,149.42
11/7/2013,147.86
11/8/2013,149.23
11/11/2013,150.47
11/12/2013,148.34
11/13/2013,150.16
11/14/2013,151.06
11/15/2013,151.12
11/18/2013,150.35
11/19/2013,149.71
11/20/2013,150.46
11/21/2013,153.22
11/22/2013,153.27
11/25/2013,152.39
11/26/2013,152.11
11/27/2013,151.25
11/29/2013,150.74
12/2/2013,152.55
12/3/2013,155.14
12/4/2013,155.75
12/5/2013,155.45
12/6/2013,156.09
12/9/2013,154.53
12/10/2013,155.54
12/11/2013,154.84
12/12/2013,154.15
12/13/2013,153.32
12/16/2013,154.59
12/17/2013,153.84
12/18/2013,155.26
12/19/2013,156.62
12/20/2013,157.84
12/23/2013,157.36
12/24/2013,158
12/26/2013,158.35
12/27/2013,159.11
12/30/2013,157.61
12/31/2013,156.74
1/2/2014,152.21
1/3/2014,150.08
1/6/2014,149.57
1/7/2014,150.28
1/8/2014,148.9
1/9/2014,147.86
1/10/2014,149.21
1/13/2014,147.95
1/14/2014,148.32
1/15/2014,150.06
1/16/2014,149.37
1/17/2014,150.24
1/21/2014,150.59
1/22/2014,153.06
1/23/2014,153.2
1/24/2014,152.92
1/27/2014,151.24
1/28/2014,153.1
1/29/2014,153.51
1/30/2014,154.28
1/31/2014,152.65
2/3/2014,151.56
2/4/2014,151.91
2/5/2014,152.55
2/6/2014,153.55
2/7/2014,156.78
2/10/2014,156.18
2/11/2014,156.52
2/12/2014,157
2/13/2014,157.33
2/14/2014,157.9
2/18/2014,160.34
2/19/2014,161.04
2/20/2014,161.07
2/21/2014,160.11
2/24/2014,161
2/25/2014,159.44
2/26/2014,160.12
2/27/2014,159.47
2/28/2014,159.79
3/3/2014,163.12
3/4/2014,160.63
3/5/2014,157.97
3/6/2014,158.17
3/7/2014,159.5
3/10/2014,157.46
3/11/2014,156.74
3/12/2014,154.66
3/13/2014,154.45
3/14/2014,155.76
3/17/2014,153.5
3/18/2014,154.98
3/19/2014,154.57
3/20/2014,154.86
3/21/2014,155.55
3/24/2014,155.55
3/25/2014,155.35
3/26/2014,156.35
3/27/2014,157.81
3/28/2014,158.23
3/31/2014,157.84
4/1/2014,154.99
4/2/2014,154.41
4/3/2014,155.96
4/4/2014,156.99
4/7/2014,155.81
4/8/2014,158.6
4/9/2014,159.53
4/10/2014,158.85
4/11/2014,158.72
4/14/2014,160.26
4/15/2014,160.3
4/16/2014,160.54
4/17/2014,160.81
4/21/2014,161.35
4/22/2014,159.57
4/23/2014,159.15
4/24/2014,160.26
4/25/2014,158.62
4/28/2014,157.7
4/29/2014,158.62
4/30/2014,156.62
5/1/2014,156.03
5/2/2014,156.73
5/5/2014,155.85
5/6/2014,155.36
5/7/2014,157.02
5/8/2014,156.3
5/9/2014,155.71
5/12/2014,156.4
5/13/2014,157.6
5/14/2014,158.72
5/15/2014,158.08
5/16/2014,158.76
5/19/2014,158.9
5/20/2014,159.28
5/21/2014,161.17
5/22/2014,160.86
5/23/2014,161.55
5/27/2014,160.94
5/28/2014,159.77
5/29/2014,160.45
5/30/2014,159.27
6/2/2014,158.67
6/3/2014,158.74
6/4/2014,158.37
6/5/2014,158.7
6/6/2014,158.39
6/9/2014,160.42
6/10/2014,159.93
6/11/2014,160.26
6/12/2014,163.91
6/13/2014,164.12
6/16/2014,164.63
6/17/2014,164.77
6/18/2014,165.08
6/19/2014,166
6/20/2014,166.54
6/23/2014,165.61
6/24/2014,165.78
6/25/2014,165.7
6/26/2014,164.69
6/27/2014,164.66
6/30/2014,163.71
7/1/2014,163.68
7/2/2014,162.37
7/3/2014,161.79
7/7/2014,160.83
7/8/2014,159.79
7/9/2014,158.4
7/10/2014,159.28
7/11/2014,156.47
7/14/2014,156.97
7/15/2014,155.59
7/16/2014,156.43
7/17/2014,157.92
7/18/2014,157.3
7/21/2014,158.48
7/22/2014,157.81
7/23/2014,158.72
7/24/2014,157.38
7/25/2014,158.35
7/28/2014,157.42
7/29/2014,157.16
7/30/2014,155.9
7/31/2014,153.96
8/1/2014,152.87
8/4/2014,153.34
8/5/2014,152.13
8/6/2014,152.06
8/7/2014,152.85
8/8/2014,152.45
8/11/2014,152.48
8/12/2014,150.79
8/13/2014,151.72
8/14/2014,147.46
8/15/2014,149.39
8/18/2014,146.91
8/19/2014,146.42
8/20/2014,147.28
8/21/2014,148.03
8/22/2014,147.56
8/25/2014,147.56
8/26/2014,147.96
8/27/2014,148.11
8/28/2014,148.38
8/29/2014,149.96
9/2/2014,145.56
9/3/2014,149.45
9/4/2014,147.87
9/5/2014,146.39
9/8/2014,145.44
9/9/2014,144.78
9/10/2014,143.04
9/11/2014,143.77
9/12/2014,142.76
9/15/2014,143.18
9/16/2014,145.32
9/17/2014,144.76
9/18/2014,143.01
9/19/2014,143.25
9/22/2014,141.68
9/23/2014,142.19
9/24/2014,143.21
9/25/2014,143.18
9/26/2014,143.71
9/29/2014,144.73
9/30/2014,140.28
10/1/2014,139.79
10/2/2014,139.33
10/3/2014,137.57
10/6/2014,138.44
10/7/2014,136.53
10/8/2014,134.52
10/9/2014,132.16
10/10/2014,132.29
10/13/2014,131.53
10/14/2014,125.82
10/15/2014,124.7
10/16/2014,126.6
10/17/2014,127.04
10/20/2014,126.35
10/21/2014,127.33
10/22/2014,124.7
10/23/2014,127.34
10/24/2014,125.98
10/27/2014,125.77
10/28/2014,126.41
10/29/2014,127.87
10/30/2014,126.43
10/31/2014,125.78
11/3/2014,123.7
11/4/2014,121.14
11/5/2014,122.35
11/6/2014,122.06
11/7/2014,123.12
11/10/2014,121.4
11/11/2014,121.54
11/12/2014,120.28
11/13/2014,115.32
11/14/2014,117.91
11/17/2014,117.64
11/18/2014,116.45
11/19/2014,115.99
11/20/2014,117.64
11/21/2014,118.92
11/24/2014,117.84
11/25/2014,115.76
11/26/2014,115.08
11/28/2014,103.96
12/1/2014,107.77
12/2/2014,104.56
12/3/2014,104.55
12/4/2014,103.82
12/5/2014,102.74
12/8/2014,98.75
12/9/2014,99.9
12/10/2014,95.9
12/11/2014,94.88
12/12/2014,92.05
12/15/2014,89.93
12/16/2014,89.02
12/17/2014,90.27
12/18/2014,87.09
12/19/2014,90.59
12/22/2014,88.42
12/23/2014,90.95
12/24/2014,88.7
12/26/2014,87.44
12/29/2014,85.23
12/30/2014,85.77
12/31/2014,84.84
1/2/2015,83.56
1/5/2015,79.57
1/6/2015,76.74
1/7/2015,77.09
1/8/2015,77.39
1/9/2015,76.8
1/12/2015,73.71
1/13/2015,73.12
1/14/2015,76.29
1/15/2015,74.03
1/16/2015,76.87
1/20/2015,73.71
1/21/2015,75.12
1/22/2015,73.98
1/23/2015,73.8
1/26/2015,73.06
1/27/2015,74.67
1/28/2015,72.91
1/29/2015,73.16
1/30/2015,78.17
2/2/2015,81
2/3/2015,85.79
2/4/2015,80.17
2/5/2015,83.06
2/6/2015,85.23
2/9/2015,87.21
2/10/2015,84.49
2/11/2015,83.09
2/12/2015,87.41
2/13/2015,90.02
2/17/2015,90.6
2/18/2015,88.53
2/19/2015,87.6
2/20/2015,87.22
2/23/2015,85.63
2/24/2015,85.31
2/25/2015,88.44
2/26/2015,85.73
2/27/2015,88.69
3/2/2015,86.38
3/3/2015,88.22
3/4/2015,88.16
3/5/2015,87.35
3/6/2015,86.45
3/9/2015,86.15
3/10/2015,83.64
3/11/2015,84.42
3/12/2015,83.56
3/13/2015,80.44
3/16/2015,78.95
3/17/2015,78.09
3/18/2015,80.92
3/19/2015,79.27
3/20/2015,80.62
3/23/2015,81.54
3/24/2015,81.06
3/25/2015,83.01
3/26/2015,86.47
3/27/2015,82.82
3/30/2015,82.45
3/31/2015,81.06
4/1/2015,84.16
4/2/2015,81.65
4/6/2015,86.21
4/7/2015,88
4/8/2015,83.29
4/9/2015,84.51
4/10/2015,86.59
4/13/2015,87.24
4/14/2015,88.96
4/15/2015,93.43
4/16/2015,94.31
4/17/2015,93.53
4/20/2015,93.82
4/21/2015,92
4/22/2015,92.2
4/23/2015,94.93
4/24/2015,94.85
4/27/2015,94.49
4/28/2015,94.4
4/29/2015,96.27
4/30/2015,97.73
5/1/2015,97.32
5/4/2015,97.21
5/5/2015,99.19
5/6/2015,99.56
5/7/2015,96.71
5/8/2015,96.95
5/11/2015,96.66
5/12/2015,99.33
5/13/2015,99.46
5/14/2015,98.84
5/15/2015,98.59
5/18/2015,97.97
5/19/2015,94.76
5/20/2015,96.1
5/21/2015,98.59
5/22/2015,96.98
5/26/2015,94.42
5/27/2015,92.77
5/28/2015,93.21
5/29/2015,97.4
6/1/2015,96.82
6/2/2015,98.13
6/3/2015,95.8
6/4/2015,93.08
6/5/2015,94.82
6/8/2015,93.86
6/9/2015,97.13
6/10/2015,98.95
6/11/2015,98.14
6/12/2015,96.8
6/15/2015,95.93
6/16/2015,96.32
6/17/2015,96.48
6/18/2015,97.06
6/19/2015,95.24
6/22/2015,95.57
6/23/2015,97.07
6/24/2015,95.87
6/25/2015,94.98
6/26/2015,95.09
6/29/2015,93.31
6/30/2015,95.31
7/1/2015,92.48
7/2/2015,92.65
7/6/2015,85.52
7/7/2015,85.31
7/8/2015,85.24
7/9/2015,87.2
7/10/2015,87.16
7/13/2015,86.24
7/14/2015,86.97
7/15/2015,84.54
7/16/2015,84.12
7/17/2015,84.15
7/20/2015,83.38
7/21/2015,83.93
7/22/2015,82.2
7/23/2015,81.12
7/24/2015,80.23
7/27/2015,78.84
7/28/2015,79.26
7/29/2015,79.89
7/30/2015,79.7
7/31/2015,78.08
8/3/2015,74.67
8/4/2015,75.34
8/5/2015,74.64
8/6/2015,74.1
8/7/2015,73.16
8/10/2015,75.45
8/11/2015,73.36
8/12/2015,74.16
8/13/2015,73.03
8/14/2015,72.84
8/17/2015,72.11
8/18/2015,72.46
8/19/2015,69.92
8/20/2015,69.47
8/21/2015,67.86
8/24/2015,64.31
8/25/2015,65.28
8/26/2015,64.38
8/27/2015,70.28
8/28/2015,74.37
8/31/2015,79.92
9/1/2015,74.3
9/2/2015,75.33
9/3/2015,76.3
9/4/2015,74.99
9/8/2015,74.9
9/9/2015,72.49
9/10/2015,74.68
9/11/2015,73.36
9/14/2015,71.72
9/15/2015,72.21
9/16/2015,75.49
9/17/2015,74.73
9/18/2015,72.19
9/21/2015,74.45
9/22/2015,74.18
9/23/2015,72.29
9/24/2015,72.61
9/25/2015,73.46
9/28/2015,71.49
9/29/2015,72.74
9/30/2015,72.82
10/1/2015,72.25
10/2/2015,72.63
10/5/2015,74.3
10/6/2015,77.68
10/7/2015,76.72
10/8/2015,78.81
10/9/2015,78.86
10/12/2015,75.33
10/13/2015,74.41
10/14/2015,74.38
10/15/2015,74.08
10/16/2015,75.23
10/19/2015,72.81
10/20/2015,72.88
10/21/2015,71.75
10/22/2015,72.13
10/23/2015,71.47
10/26/2015,70.64
10/27/2015,69.61
10/28/2015,73.32
10/29/2015,73.29
10/30/2015,74.21
11/2/2015,73.53
11/3/2015,76.24
11/4/2015,73.63
11/5/2015,72.34
11/6/2015,71.72
11/9/2015,71.52
11/10/2015,72.09
11/11/2015,70.34
11/12/2015,68.63
11/13/2015,67.3
11/16/2015,67.71
11/17/2015,66.57
11/18/2015,67.11
11/19/2015,67.07
11/20/2015,67.36
11/23/2015,67.57
11/24/2015,69.36
11/25/2015,69.38
11/27/2015,67.44
11/30/2015,67.08
12/1/2015,67.14
12/2/2015,64.28
12/3/2015,65.86
12/4/2015,64.54
12/7/2015,61.39
12/8/2015,61.15
12/9/2015,61.1
12/10/2015,61.16
12/11/2015,59.25
12/14/2015,59.03
12/15/2015,60.13
12/16/2015,57.99
12/17/2015,57.51
12/18/2015,57.4
12/21/2015,56.45
12/22/2015,56.47
12/23/2015,58.42
12/24/2015,59.14
12/28/2015,57.44
12/29/2015,59.07
12/30/2015,57.07
12/31/2015,57.81
1/4/2016,57.73
1/5/2016,56.74
1/6/2016,53.54
1/7/2016,52.74
1/8/2016,52.44
1/11/2016,50.27
1/12/2016,49.12
1/13/2016,48.7
1/14/2016,49.72
1/15/2016,47.13
1/19/2016,46.28
1/20/2016,44.44
1/21/2016,46.16
1/22/2016,50.41
1/25/2016,47.92
1/26/2016,49.55
1/27/2016,51.16
1/28/2016,52.62
1/29/2016,53.68
2/1/2016,51.11
2/2/2016,48.69
2/3/2016,51.91
2/4/2016,51.48
2/5/2016,50.95
2/8/2016,49.93
2/9/2016,47.17
2/10/2016,47.79
2/11/2016,47.47
2/12/2016,52.24
2/16/2016,50.55
2/17/2016,53.66
2/18/2016,53.4
2/19/2016,51.49
2/22/2016,53.83
2/23/2016,51.69
2/24/2016,52.79
2/25/2016,53.94
2/26/2016,53.82
2/29/2016,55.19
3/1/2016,55.64
3/2/2016,56.06
3/3/2016,56.07
3/4/2016,58.16
3/7/2016,61.65
3/8/2016,60.48
3/9/2016,63.09
3/10/2016,62.23
3/11/2016,63.3
3/14/2016,61.68
3/15/2016,60.58
3/16/2016,63.1
3/17/2016,65.1
3/18/2016,64.5
3/21/2016,64.96
3/22/2016,65.32
3/23/2016,63.03
3/24/2016,62.76
3/28/2016,62.41
3/29/2016,60.86
3/30/2016,61.12
3/31/2016,61.32
4/1/2016,58.76
4/4/2016,57.2
4/5/2016,57.1
4/6/2016,59.85
4/7/2016,59.32
4/8/2016,63.51
4/11/2016,64.92
4/12/2016,67.74
4/13/2016,67.35
4/14/2016,66.81
4/15/2016,65.35
4/18/2016,64.89
4/19/2016,66.66
4/20/2016,69.15
4/21/2016,67.94
4/22/2016,68.77
4/25/2016,67.53
4/26/2016,69.45
4/27/2016,71.26
4/28/2016,72.53
4/29/2016,72.1
5/2/2016,70.3
5/3/2016,68.56
5/4/2016,68.36
5/5/2016,69
5/6/2016,69.63
5/9/2016,67.37
5/10/2016,69.86
5/11/2016,73.02
5/12/2016,73.59
5/13/2016,73.31
5/16/2016,75.32
5/17/2016,76.16
5/18/2016,76.14
5/19/2016,75.67
5/20/2016,75.74
5/23/2016,75.31
5/24/2016,76.01
5/25/2016,77.18
5/26/2016,77
5/27/2016,76.82
5/31/2016,76.64
6/1/2016,76.32
6/2/2016,76.8
6/3/2016,75.94
6/6/2016,77.1
6/7/2016,78.47
6/8/2016,80.09
6/9/2016,79.4
6/10/2016,77.39
6/13/2016,77.25
6/14/2016,76.45
6/15/2016,75.49
6/16/2016,72.79
6/17/2016,75.49
6/20/2016,77.95
6/21/2016,77.77
6/22/2016,76.95
6/23/2016,78.23
6/24/2016,74.59
6/27/2016,72.58
6/28/2016,74.73
6/29/2016,77.77
6/30/2016,75.48
7/1/2016,76.2
7/5/2016,72.64
7/6/2016,73.67
7/7/2016,70.59
7/8/2016,70.97
7/11/2016,70.62
7/12/2016,73.72
7/13/2016,70.6
7/14/2016,72.37
7/15/2016,72.63
7/18/2016,71.42
7/19/2016,71.09
7/20/2016,71.61
7/21/2016,70.19
7/22/2016,69.29
7/25/2016,67.79
7/26/2016,67.73
7/27/2016,66.13
7/28/2016,64.99
7/29/2016,65.48
8/1/2016,63.32
8/2/2016,62.86
8/3/2016,64.71
8/4/2016,66.28
8/5/2016,66.37
8/8/2016,68.05
8/9/2016,67.73
8/10/2016,66.4
8/11/2016,69.38
8/12/2016,70.68
8/15/2016,72.66
8/16/2016,73.88
8/17/2016,74.62
8/18/2016,76.51
8/19/2016,76.71
8/22/2016,74.45
8/23/2016,75.45
8/24/2016,73.93
8/25/2016,74.75
8/26/2016,75.04
8/29/2016,73.98
8/30/2016,73.02
8/31/2016,70.42
9/1/2016,68.06
9/2/2016,69.91
9/6/2016,70.4
9/7/2016,71.43
9/8/2016,74.74
9/9/2016,72.26
9/12/2016,72.91
9/13/2016,71.24
9/14/2016,69.54
9/15/2016,70.57
9/16/2016,69.52
9/19/2016,69.69
9/20/2016,69.61
9/21/2016,71.22
9/22/2016,72.61
9/23/2016,70.29
9/26/2016,72.2
9/27/2016,70.14
9/28/2016,73.73
9/29/2016,75.14
9/30/2016,75.79
10/3/2016,76.61
10/4/2016,76.82
10/5/2016,78.25
10/6/2016,79.09
10/7/2016,78.4
10/10/2016,80.44
10/11/2016,79.56
10/12/2016,78.76
10/13/2016,79.3
10/14/2016,79.13
10/17/2016,78.59
10/18/2016,78.98
10/19/2016,80.56
10/20/2016,78.8
10/21/2016,79.4
10/24/2016,78.99
10/25/2016,78.21
10/26/2016,77.22
10/27/2016,78.01
10/28/2016,76.64
10/31/2016,73.71
11/1/2016,73.63
11/2/2016,71.53
11/3/2016,70.73
11/4/2016,69.57
11/7/2016,70.55
11/8/2016,70.83
11/9/2016,71.3
11/10/2016,70.82
11/11/2016,69.23
11/14/2016,68.65
11/15/2016,72.14
11/16/2016,71.77
11/17/2016,71.86
11/18/2016,72.32
11/21/2016,75.43
11/22/2016,75.43
11/23/2016,75.36
11/25/2016,72.68
11/28/2016,74.27
11/29/2016,71.55
11/30/2016,77.67
12/1/2016,80.76
12/2/2016,81.52
12/5/2016,81.86
12/6/2016,80.55
12/7/2016,79.41
12/8/2016,80.7
12/9/2016,81.69
12/12/2016,83.94
12/13/2016,84.33
12/14/2016,82.11
12/15/2016,81.84
12/16/2016,83.48
12/19/2016,83.36
12/20/2016,83.96
12/21/2016,82.91
12/22/2016,83.56
12/23/2016,83.69
12/27/2016,85.25
12/28/2016,85.47
12/29/2016,85.32
12/30/2016,85.23
1/3/2017,83.16
1/4/2017,84.33
1/5/2017,84.78
1/6/2017,85.15
1/9/2017,82.3
1/10/2017,80.77
1/11/2017,83.05
1/12/2017,84.44
1/13/2017,83.76
1/17/2017,83.86
1/18/2017,81.78
1/19/2017,81.92
1/20/2017,83.68
1/23/2017,83.08
1/24/2017,83.6
1/25/2017,82.76
1/26/2017,84.22
1/27/2017,83.11
1/30/2017,82.46
1/31/2017,82.97
2/1/2017,84.61
2/2/2017,84.03
2/3/2017,84.42
2/6/2017,83
2/7/2017,82.17
2/8/2017,83.04
2/9/2017,84.05
2/10/2017,85.77
2/13/2017,84.43
2/14/2017,84.96
2/15/2017,84.71
2/16/2017,84.59
2/17/2017,84.65
2/21/2017,85.46
2/22/2017,84.42
2/23/2017,85.7
2/24/2017,84.93
2/27/2017,85.1
2/28/2017,84.89
3/1/2017,84.54
3/2/2017,82.59
3/3/2017,83.53
3/6/2017,83.71
3/7/2017,83.84
3/8/2017,80.39
3/9/2017,78.76
3/10/2017,77.73
3/13/2017,77.61
3/14/2017,76.83
3/15/2017,78.1
3/16/2017,77.98
3/17/2017,78.1
3/20/2017,77.89
3/21/2017,77.01
3/22/2017,76.57
3/23/2017,76.24
3/24/2017,76.6
3/27/2017,76.56
3/28/2017,77.45
3/29/2017,79.04
3/30/2017,80.07
3/31/2017,80.56
4/3/2017,80.07
4/4/2017,81.45
4/5/2017,81.7
4/6/2017,82.45
4/7/2017,83.26
4/10/2017,84.48
4/11/2017,84.9
4/12/2017,84.7
4/13/2017,84.85
4/17/2017,84.19
4/18/2017,83.6
4/19/2017,80.9
4/20/2017,80.64
4/21/2017,79.07
4/24/2017,78.51
4/25/2017,78.9
4/26/2017,78.76
4/27/2017,77.47
4/28/2017,77.8
5/1/2017,76.96
5/2/2017,75.55
5/3/2017,75.79
5/4/2017,72.43
5/5/2017,73.66
5/8/2017,74.09
5/9/2017,73.42
5/10/2017,75.63
5/11/2017,76.53
5/12/2017,76.56
5/15/2017,77.99
5/16/2017,77.89
5/17/2017,78.58
5/18/2017,78.93
5/19/2017,80.6
5/22/2017,81.28
5/23/2017,81.65
5/24/2017,81.47
5/25/2017,78.19
5/26/2017,79.02
5/30/2017,78.65
5/31/2017,76.61
6/1/2017,76.6
6/2/2017,75.44
6/5/2017,74.62
6/6/2017,75.48
6/7/2017,72.43
6/8/2017,72.38
6/9/2017,72.88
6/12/2017,73.14
6/13/2017,73.7
6/14/2017,71.19
6/15/2017,71.03
6/16/2017,71.62
6/19/2017,70.97
6/20/2017,69.57
6/21/2017,68.19
6/22/2017,68.59
6/23/2017,68.89
6/26/2017,69.29
6/27/2017,70.75
6/28/2017,71.61
6/29/2017,71.98
6/30/2017,73.55
7/3/2017,75.09
7/5/2017,72.55
7/6/2017,73.16
7/7/2017,71.05
7/10/2017,71.42
7/11/2017,72.34
7/12/2017,72.83
7/13/2017,73.77
7/14/2017,74.65
7/17/2017,74.01
7/18/2017,74.5
7/19/2017,75.89
7/20/2017,75.5
7/21/2017,73.72
7/24/2017,74.31
7/25/2017,76.6
7/26/2017,77.87
7/27/2017,78.48
7/28/2017,79.68
7/31/2017,80.5
8/1/2017,79.12
8/2/2017,79.81
8/3/2017,79.22
8/4/2017,79.79
8/7/2017,79.33
8/8/2017,79.04
8/9/2017,79.56
8/10/2017,78.38
8/11/2017,78.51
8/14/2017,76.84
8/15/2017,76.61
8/16/2017,75.68
8/17/2017,76.22
8/18/2017,78.39
8/21/2017,76.76
8/22/2017,77.24
8/23/2017,78.27
8/24/2017,77.5
8/25/2017,77.85
8/28/2017,77
8/29/2017,77.28
8/30/2017,76.85
8/31/2017,79.84
9/1/2017,79.83
9/5/2017,80.89
9/6/2017,81.64
9/7/2017,81.87
9/8/2017,80.36
9/11/2017,80.45
9/12/2017,80.82
9/13/2017,82.11
9/14/2017,82.71
9/15/2017,83.11
9/18/2017,82.7
9/19/2017,82.24
9/20/2017,83.58
9/21/2017,83.64
9/22/2017,83.98
9/25/2017,86.49
9/26/2017,85.83
9/27/2017,85.73
9/28/2017,85.11
9/29/2017,84.78
10/2/2017,83.13
10/3/2017,82.88
10/4/2017,82.72
10/5/2017,84.22
10/6/2017,81.82
10/9/2017,82
10/10/2017,83.69
10/11/2017,84.19
10/12/2017,83.2
10/13/2017,84.62
10/16/2017,85.35
10/17/2017,85.31
10/18/2017,85.49
10/19/2017,84.42
10/20/2017,85.24
10/23/2017,84.96
10/24/2017,86.04
10/25/2017,86.06
10/26/2017,86.96
10/27/2017,88.68
10/30/2017,89.08
10/31/2017,89.57
11/1/2017,89.25
11/2/2017,89.47
11/3/2017,91.22
11/6/2017,94.06
11/7/2017,93.52
11/8/2017,93.19
11/9/2017,93.84
11/10/2017,93.34
11/13/2017,93.06
11/14/2017,91.37
11/15/2017,90.99
11/16/2017,90.51
11/17/2017,92.42
11/20/2017,91.81
11/21/2017,92.37
11/22/2017,93.48
11/24/2017,94.51
11/27/2017,93.94
11/28/2017,93.76
11/29/2017,92.62
11/30/2017,92.53
12/1/2017,94.11
12/4/2017,92.27
12/5/2017,92.78
12/6/2017,90.27
12/7/2017,91.6
12/8/2017,93.07
12/11/2017,94.26
12/12/2017,92.8
12/13/2017,91.45
12/14/2017,92.3
12/15/2017,92.4
12/18/2017,92.7
12/19/2017,93.32
12/20/2017,94.3
12/21/2017,94.73
12/22/2017,95.06
12/26/2017,97.66
12/27/2017,97.15
12/28/2017,97.45
12/29/2017,98.31
1/2/2018,97.88
1/3/2018,99.74
1/4/2018,100.11
1/5/2018,99.29
1/8/2018,99.44
1/9/2018,101.01
1/10/2018,101.67
1/11/2018,101.9
1/12/2018,102.48
1/16/2018,101.75
1/17/2018,102.06
1/18/2018,102.08
1/19/2018,101.18
1/22/2018,101.73
1/23/2018,103.04
1/24/2018,104.14
1/25/2018,104.19
1/26/2018,104.84
1/29/2018,103.66
1/30/2018,102.21
1/31/2018,102.64
2/1/2018,103.88
2/2/2018,102.75
2/5/2018,101.17
2/6/2018,99.77
2/7/2018,97.54
2/8/2018,96.66
2/9/2018,93.74
2/12/2018,93.7
2/13/2018,93.68
2/14/2018,95.79
2/15/2018,96.42
2/16/2018,97.32
2/20/2018,97.88
2/21/2018,97.96
2/22/2018,99.45
2/23/2018,100.71
2/26/2018,101.32
2/27/2018,100.14
2/28/2018,97.55
3/1/2018,96.21
3/2/2018,96.67
3/5/2018,98.46
3/6/2018,98.61
3/7/2018,96.76
3/8/2018,95.4
3/9/2018,97.9
3/12/2018,96.99
3/13/2018,96.5
3/14/2018,97.06
3/15/2018,97.38
3/16/2018,98.93
3/19/2018,98.6
3/20/2018,100.63
3/21/2018,103.35
3/22/2018,102.33
3/23/2018,104.31
3/26/2018,103.87
3/27/2018,103.77
3/28/2018,102.82
3/29/2018,103.52
4/2/2018,100.94
4/3/2018,101.57
4/4/2018,101.3
4/5/2018,101.58
4/6/2018,99.7
4/9/2018,101.72
4/10/2018,104.85
4/11/2018,106.64
4/12/2018,106.41
4/13/2018,107.14
4/16/2018,105.5
4/17/2018,105.67
4/18/2018,108.28
4/19/2018,108.65
4/20/2018,108.75
4/23/2018,109.53
4/24/2018,108.43
4/25/2018,108.6
4/26/2018,109.34
4/27/2018,109.22
4/30/2018,110.04
5/1/2018,107.94
5/2/2018,108.42
5/3/2018,108.87
5/4/2018,110.76
5/7/2018,112.45
5/8/2018,110.22
5/9/2018,113.63
5/10/2018,113.94
5/11/2018,113.46
5/14/2018,114.39
5/15/2018,114.92
5/16/2018,115.67
5/17/2018,116.11
5/18/2018,115.37
5/21/2018,116.42
5/22/2018,116.76
5/23/2018,116.55
5/24/2018,115.16
5/25/2018,111.4
5/29/2018,109.78
5/30/2018,112.38
5/31/2018,111.48
6/1/2018,109.88
6/4/2018,108.19
6/5/2018,108.44
6/6/2018,107.69
6/7/2018,110.04
6/8/2018,109.41
6/11/2018,109.5
6/12/2018,109.3
6/13/2018,110.03
6/14/2018,109.37
6/15/2018,106
6/18/2018,107.91
6/19/2018,107.15
6/20/2018,107.37
6/21/2018,106.05
6/22/2018,109.86
6/25/2018,108.92
6/26/2018,111.47
6/27/2018,114.35
6/28/2018,114.81
6/29/2018,116.57
7/2/2018,114.83
7/3/2018,115.13
7/5/2018,114.59
7/6/2018,114.72
7/9/2018,115.4
7/10/2018,116.06
7/11/2018,109.71
7/12/2018,109.97
7/13/2018,111.05
7/16/2018,106.41
7/17/2018,106.8
7/18/2018,107.67
7/19/2018,108
7/20/2018,108.46
7/23/2018,108.64
7/24/2018,109.41
7/25/2018,110.4
7/26/2018,111.33
7/27/2018,110.53
7/30/2018,111.82
7/31/2018,109.85
8/1/2018,107.62
8/2/2018,109.33
8/3/2018,108.98
8/6/2018,109.71
8/7/2018,110.47
8/8/2018,106.98
8/9/2018,106.55
8/10/2018,107.69
8/13/2018,107.1
8/14/2018,106.93
8/15/2018,104.29
8/16/2018,104.97
8/17/2018,105.43
8/20/2018,105.96
8/21/2018,106.56
8/22/2018,109.51
8/23/2018,109.57
8/24/2018,111.07
8/27/2018,111.44
8/28/2018,111.15
8/29/2018,112.58
8/30/2018,113.45
8/31/2018,112.93
9/4/2018,113.4
9/5/2018,111.85
9/6/2018,110.55
9/7/2018,110.78
9/10/2018,110.92
9/11/2018,113.19
9/12/2018,114.34
9/13/2018,111.87
9/14/2018,111.74
9/17/2018,111.73
9/18/2018,113.07
9/19/2018,114.15
9/20/2018,113.42
9/21/2018,113.71
9/24/2018,116.33
9/25/2018,117.19
9/26/2018,116.41
9/27/2018,117.27
9/28/2018,119.02
10/1/2018,122.02
10/2/2018,122.03
10/3/2018,123.66
10/4/2018,121.28
10/5/2018,120.87
10/8/2018,120.56
10/9/2018,121.63
10/10/2018,119.03
10/11/2018,115.2
10/12/2018,115.47
10/15/2018,115.9
10/16/2018,116.49
10/17/2018,114.05
10/18/2018,112.83
10/19/2018,113.58
10/22/2018,113.78
10/23/2018,109.48
10/24/2018,109.6
10/25/2018,110.43
10/26/2018,111.17
10/29/2018,110.62
10/30/2018,109.04
10/31/2018,107.87
11/1/2018,104.97
11/2/2018,104.33
11/5/2018,104.56
11/6/2018,103.35
11/7/2018,103.14
11/8/2018,101.47
11/9/2018,100.6
11/12/2018,100.61
11/13/2018,94.41
11/14/2018,95.36
11/15/2018,95.51
11/16/2018,95.61
11/19/2018,95.96
11/20/2018,90.37
11/21/2018,91.47
11/23/2018,84.97
11/26/2018,86.92
11/27/2018,86.57
11/28/2018,84.61
11/29/2018,85.94
11/30/2018,85.05
12/3/2018,88.19
12/4/2018,88.85
12/5/2018,88.34
12/6/2018,86.02
12/7/2018,88.47
12/10/2018,85.88
12/11/2018,86.48
12/12/2018,86.22
12/13/2018,88.05
12/14/2018,86.28
12/17/2018,84.82
12/18/2018,79.9
12/19/2018,81.96
12/20/2018,78.31
12/21/2018,77.68
12/24/2018,73.52
12/26/2018,78.27
12/27/2018,75.9
12/28/2018,76.4
12/31/2018,77.14
1/2/2019,78.71
1/3/2019,79.73
1/4/2019,81.22
1/7/2019,81.98
1/8/2019,83.88
1/9/2019,87.72
1/10/2019,88.35
1/11/2019,86.92
1/14/2019,85.23
1/15/2019,87.27
1/16/2019,87.96
1/17/2019,87.64
1/18/2019,89.87
1/22/2019,88.14
1/23/2019,87.64
1/24/2019,88.04
1/25/2019,88.68
1/28/2019,86.01
1/29/2019,88.14
1/30/2019,89.19
1/31/2019,88.42
2/1/2019,90.7
2/4/2019,90.08
2/5/2019,89.12
2/6/2019,89.97
2/7/2019,88.41
2/8/2019,89.13
2/11/2019,88.63
2/12/2019,89.99
2/13/2019,91.81
2/14/2019,92.91
2/15/2019,95.25
2/19/2019,95.56
2/20/2019,96.69
2/21/2019,96.71
2/22/2019,96.94
2/25/2019,93.85
2/26/2019,94.38
2/27/2019,96.34
2/28/2019,96.39
3/1/2019,94.46
3/4/2019,95.55
3/5/2019,95.68
3/6/2019,95.61
3/7/2019,96.17
3/8/2019,95.27
3/11/2019,96.41
3/12/2019,96.44
3/13/2019,98.11
3/14/2019,98.13
3/15/2019,97.93
3/18/2019,98.57
3/19/2019,98.7
3/20/2019,100.08
3/21/2019,99.42
3/22/2019,98.04
3/25/2019,98.09
3/26/2019,99.32
3/27/2019,98.65
3/28/2019,98.3
3/29/2019,99.3
4/1/2019,101.15
4/2/2019,102.33
4/3/2019,102.29
4/4/2019,102.11
4/5/2019,103.48
4/8/2019,104.92
4/9/2019,104.32
4/10/2019,105.77
4/11/2019,104.44
4/12/2019,105.06
4/15/2019,104.4
4/16/2019,105.26
4/17/2019,105
4/18/2019,105.39
4/22/2019,107.87
4/23/2019,108.7
4/24/2019,108.23
4/25/2019,107.7
4/26/2019,104.74
4/29/2019,104.87
4/30/2019,105.77
5/1/2019,105.67
5/2/2019,103.42
5/3/2019,103.72
5/6/2019,103.87
5/7/2019,102.12
5/8/2019,103.04
5/9/2019,102.46
5/10/2019,102.61
5/13/2019,101.83
5/14/2019,102.95
5/15/2019,103.87
5/16/2019,105.37
5/17/2019,104.79
5/20/2019,104.64
5/21/2019,104.66
5/22/2019,102.44
5/23/2019,97.28
5/24/2019,98.32
5/28/2019,99.66
5/29/2019,98.69
5/30/2019,95.33
5/31/2019,90.62
6/3/2019,89.6
6/4/2019,90.06
6/5/2019,87.6
6/6/2019,88.82
6/7/2019,91
6/10/2019,89.88
6/11/2019,90.01
6/12/2019,86.8
6/13/2019,88.51
6/14/2019,89.16
6/17/2019,87.89
6/18/2019,90.18
6/19/2019,89.95
6/20/2019,94.13
6/21/2019,95.19
6/24/2019,95.25
6/25/2019,95.57
6/26/2019,98.03
6/27/2019,97.85
6/28/2019,96.59
7/1/2019,97.31
7/2/2019,93.34
7/3/2019,94.97
7/5/2019,95.41
7/8/2019,95.31
7/9/2019,95.54
7/10/2019,99.56
7/11/2019,99.17
7/12/2019,99.11
7/15/2019,98.15
7/16/2019,95.43
7/17/2019,94.18
7/18/2019,91.83
7/19/2019,92.65
7/22/2019,93.49
7/23/2019,94.41
7/24/2019,93.51
7/25/2019,93.73
7/26/2019,93.79
7/29/2019,94.42
7/30/2019,96.06
7/31/2019,96.91
8/1/2019,90.34
8/2/2019,92.33
8/5/2019,89.98
8/6/2019,88.56
8/7/2019,84.4
8/8/2019,86.12
8/9/2019,88.27
8/12/2019,88.46
8/13/2019,92.01
8/14/2019,89.27
8/15/2019,87.8
8/16/2019,88.3
8/19/2019,89.88
8/20/2019,90.24
8/21/2019,90.28
8/22/2019,89.64
8/23/2019,88.16
8/26/2019,87.32
8/27/2019,88.8
8/28/2019,90.31
8/29/2019,91.34
8/30/2019,89.15
9/3/2019,87.33
9/4/2019,91.04
9/5/2019,91.47
9/6/2019,91.91
9/9/2019,93.61
9/10/2019,93.24
9/11/2019,90.87
9/12/2019,89.72
9/13/2019,89.3
9/16/2019,101.32
9/17/2019,95.93
9/18/2019,94.46
9/19/2019,95.21
9/20/2019,94.98
9/23/2019,95.64
9/24/2019,93.59
9/25/2019,92.39
9/26/2019,92.52
9/27/2019,91.84
9/30/2019,89.21
10/1/2019,88.7
10/2/2019,86.98
10/3/2019,86.85
10/4/2019,87.75
10/7/2019,87.72
10/8/2019,87.38
10/9/2019,87.49
10/10/2019,88.49
10/11/2019,90.42
10/14/2019,88.69
10/15/2019,87.92
10/16/2019,88.83
10/17/2019,89.33
10/18/2019,89.08
10/21/2019,88.43
10/22/2019,89.68
10/23/2019,91.68
10/24/2019,92.38
10/25/2019,92.88
10/28/2019,91.92
10/29/2019,91.72
10/30/2019,90.49
10/31/2019,89.17
11/1/2019,92.24
11/4/2019,92.99
11/5/2019,93.94
11/6/2019,92.35
11/7/2019,93.03
11/8/2019,92.97
11/11/2019,92.44
11/12/2019,92.19
11/13/2019,92.65
11/14/2019,92.37
11/15/2019,93.79
11/18/2019,92.45
11/19/2019,90.17
11/20/2019,92.49
11/21/2019,94.79
11/22/2019,93.81
11/25/2019,94.17
11/26/2019,95.01
11/27/2019,94.53
11/29/2019,90.4
12/2/2019,91.14
12/3/2019,91.05
12/4/2019,94.21
12/5/2019,94.59
12/6/2019,95.75
12/9/2019,95.44
12/10/2019,95.69
12/11/2019,94.54
12/12/2019,95.14
12/13/2019,96.65
12/16/2019,97.06
12/17/2019,98.23
12/18/2019,98.17
12/19/2019,98.77
12/20/2019,98.01
12/23/2019,98.16
12/24/2019,99.13
12/26/2019,100.11
12/27/2019,100.18
12/30/2019,99.89
12/31/2019,98.77
1/2/2020,99.07
1/3/2020,102
1/6/2020,102.17
1/7/2020,101.27
1/8/2020,96.91
1/9/2020,96.56
1/10/2020,95.89
1/13/2020,94.45
1/14/2020,94.71
1/15/2020,93.93
1/16/2020,94.73
1/17/2020,94.7
1/21/2020,94.34
1/22/2020,91.91
1/23/2020,90.31
1/24/2020,88.1
1/27/2020,86.02
1/28/2020,86.78
1/29/2020,86.78
1/30/2020,84.59
1/31/2020,83.67
2/3/2020,81.03
2/4/2020,80.45
2/5/2020,82.53
2/6/2020,82.65
2/7/2020,82.19
2/10/2020,80.94
2/11/2020,81.78
2/12/2020,84.29
2/13/2020,84.93
2/14/2020,85.9
2/18/2020,85.85
2/19/2020,87.76
2/20/2020,88.07
2/21/2020,87
2/24/2020,83.76
2/25/2020,81.49
2/26/2020,79.11
2/27/2020,76.87
2/28/2020,73.98
3/2/2020,77.09
3/3/2020,77.43
3/4/2020,76.95
3/5/2020,75.39
3/6/2020,68.32
3/9/2020,53.4
3/10/2020,57.77
3/11/2020,56.38
3/12/2020,53.02
3/13/2020,53.08
3/16/2020,47.42
3/17/2020,45.56
3/18/2020,38.14
3/19/2020,44.22
3/20/2020,41.07
3/23/2020,41.01
3/24/2020,42.24
3/25/2020,43.19
3/26/2020,40.95
3/27/2020,39.9
3/30/2020,37.74
3/31/2020,37.95
4/1/2020,36.31
4/2/2020,43.17
4/3/2020,48.04
4/6/2020,45.85
4/7/2020,44.4
4/8/2020,46.94
4/9/2020,46.19
4/13/2020,48.11
4/14/2020,47.24
4/15/2020,44.83
4/16/2020,44.6
4/17/2020,44.35
4/20/2020,39.24
4/21/2020,27.92
4/22/2020,30.64
4/23/2020,33.24
4/24/2020,33.19
4/27/2020,28.9
4/28/2020,32.57
4/29/2020,35.07
4/30/2020,38.8
5/1/2020,38.69
5/4/2020,39.59
5/5/2020,45.2
5/6/2020,43.43
5/7/2020,43.6
5/8/2020,46.18
5/11/2020,44.83
5/12/2020,45.7
5/13/2020,44.86
5/14/2020,47.6
5/15/2020,49.7
5/18/2020,53.41
5/19/2020,53.26
5/20/2020,55.09
5/21/2020,55.51
5/22/2020,54.42
5/26/2020,55.96
5/27/2020,53.81
5/28/2020,54.49
5/29/2020,57.13
6/1/2020,57.38
6/2/2020,59.67
6/3/2020,59.96
6/4/2020,60.23
6/5/2020,63.94
6/8/2020,62.13
6/9/2020,63.14
6/10/2020,64.06
6/11/2020,59.34
6/12/2020,59.48
6/15/2020,60.89
6/16/2020,62.94
6/17/2020,62.53
6/18/2020,63.72
6/19/2020,64.86
6/22/2020,66.06
6/23/2020,65.68
6/24/2020,61.97
6/25/2020,62.74
6/26/2020,62.13
6/29/2020,63.81
6/30/2020,63.39
7/1/2020,64.33
7/2/2020,65.85
7/6/2020,65.96
7/7/2020,66.06
7/8/2020,66.37
7/9/2020,64.83
7/10/2020,66.2
7/13/2020,65.57
7/14/2020,65.74
7/15/2020,66.96
7/16/2020,66.2
7/17/2020,65.86
7/20/2020,66.19
7/21/2020,68.07
7/22/2020,67.9
7/23/2020,66.68
7/24/2020,66.93
7/27/2020,67.08
7/28/2020,66.47
7/29/2020,66.93
7/30/2020,65.03
7/31/2020,65.42
8/3/2020,66.58
8/4/2020,67.29
8/5/2020,68.32
8/6/2020,67.88
8/7/2020,66.77
8/10/2020,67.76
8/11/2020,67.42
8/12/2020,68.92
8/13/2020,68.32
8/14/2020,68.13
8/17/2020,69.16
8/18/2020,69.38
8/19/2020,69.23
8/20/2020,68.71
8/21/2020,67.73
8/24/2020,68.8
8/25/2020,69.81
8/26/2020,69.58
8/27/2020,68.61
8/28/2020,68.88
8/31/2020,68.07
9/1/2020,68.48
9/2/2020,66.61
9/3/2020,65.94
9/4/2020,63.98
9/8/2020,59.56
9/9/2020,61.38
9/10/2020,60.42
9/11/2020,60.48
9/14/2020,60.46
9/15/2020,61.73
9/16/2020,64.2
9/17/2020,65.8
9/18/2020,65.82
9/21/2020,62.99
9/22/2020,63.2
9/23/2020,63.47
9/24/2020,63.84
9/25/2020,63.96
9/28/2020,64.65
9/29/2020,62.71
9/30/2020,63.98
10/1/2020,61.82
10/2/2020,59.53
10/5/2020,62.76
10/6/2020,65.05
10/7/2020,63.88
10/8/2020,65.91
10/9/2020,65.3
10/12/2020,63.56
10/13/2020,64.65
10/14/2020,65.84
10/15/2020,65.56
10/16/2020,65.32
10/19/2020,64.98
10/20/2020,65.79
10/21/2020,63.45
10/22/2020,64.52
10/23/2020,63.48
10/26/2020,61.47
10/27/2020,62.98
10/28/2020,59.78
10/29/2020,57.82
10/30/2020,57.43
11/2/2020,58.88
11/3/2020,60.15
11/4/2020,62.43
11/5/2020,62.03
11/6/2020,59.94
11/9/2020,64.66
11/10/2020,66.48
11/11/2020,66.76
11/12/2020,66.26
11/13/2020,64.72
11/16/2020,66.36
11/17/2020,66.41
11/18/2020,67.22
11/19/2020,67.04
11/20/2020,67.87
11/23/2020,69.19
11/24/2020,72.07
11/25/2020,73.18
11/27/2020,72.93
11/30/2020,72.36
12/1/2020,71.39
12/2/2020,72.53
12/3/2020,73.31
12/4/2020,74.09
12/7/2020,73.58
12/8/2020,73.58
12/9/2020,73.56
12/10/2020,75.73
12/11/2020,75.36
12/14/2020,75.88
12/15/2020,76.78
12/16/2020,77.23
12/17/2020,78.19
12/18/2020,79.23
12/21/2020,77.1
12/22/2020,75.96
12/23/2020,77.73
12/24/2020,77.74
12/28/2020,77.07
12/29/2020,77.57
12/30/2020,78.16
12/31/2020,78.26
1/4/2021,77.02
1/5/2021,80.63
1/6/2021,81.66
1/7/2021,81.94
1/8/2021,84.26
1/11/2021,84.04
1/12/2021,85.58
1/13/2021,85.15
1/14/2021,85.89
1/15/2021,84.1
1/19/2021,85.02
1/20/2021,85.36
1/21/2021,85.18
1/22/2021,84.02
1/25/2021,84.69
1/26/2021,84.68
1/27/2021,84.91
1/28/2021,84.24
1/29/2021,83.99
2/1/2021,85.99
2/2/2021,87.89
2/3/2021,89.33
2/4/2021,89.88
2/5/2021,90.88
2/8/2021,92.64
2/9/2021,93.3
2/10/2021,93.81
2/11/2021,93.31
2/12/2021,95
2/16/2021,96.48
2/17/2021,97.93
2/18/2021,97.37
2/19/2021,95.89
2/22/2021,99.06
2/23/2021,99.29
2/24/2021,101.67
2/25/2021,101.85
2/26/2021,99.11
3/1/2021,97.95
3/2/2021,96.61
3/3/2021,98.56
3/4/2021,102.34
3/5/2021,105.78
3/8/2021,104.25
3/9/2021,103.03
3/10/2021,103.49
3/11/2021,105.96
3/12/2021,105.7
3/15/2021,105.02
3/16/2021,104.22
3/17/2021,103.51
3/18/2021,96.89
3/19/2021,98.56
3/22/2021,98.88
3/23/2021,93.58
3/24/2021,98.48
3/25/2021,94.51
3/26/2021,98.33
3/29/2021,99
3/30/2021,97.86
3/31/2021,95.94
4/1/2021,98.9
4/5/2021,95.19
4/6/2021,96.16
4/7/2021,96.48
4/8/2021,96.51
4/9/2021,96.23
4/12/2021,96.77
4/13/2021,97.33
4/14/2021,101.68
4/15/2021,102.14
4/16/2021,101.81
4/19/2021,102.02
4/20/2021,100.89
4/21/2021,99.16
4/22/2021,99.26
4/23/2021,100.29
4/26/2021,99.87
4/27/2021,101.3
4/28/2021,102.95
4/29/2021,104.65
4/30/2021,102.57
5/3/2021,103.99
5/4/2021,105.99
5/5/2021,106.15
5/6/2021,104.74
5/7/2021,105.07
5/10/2021,105.16
5/11/2021,105.72
5/12/2021,107.03
5/13/2021,103.46
5/14/2021,105.66
5/17/2021,107.01
5/18/2021,106.19
5/19/2021,102.88
5/20/2021,100.87
5/21/2021,102.84
5/24/2021,106.16
5/25/2021,106.24
5/26/2021,106.66
5/27/2021,107.41
5/28/2021,106.73
6/1/2021,108.86
6/2/2021,110.5
6/3/2021,110.44
6/4/2021,111.5
6/7/2021,110.87
6/8/2021,111.92
6/9/2021,111.78
6/10/2021,112.19
6/11/2021,112.35
6/14/2021,112.46
6/15/2021,113.85
6/16/2021,114.14
6/17/2021,112.2
6/18/2021,113.06
6/21/2021,115.28
6/22/2021,115.38
6/23/2021,116.06
6/24/2021,116.35
6/25/2021,117.07
6/28/2021,115.26
6/29/2021,115.5
6/30/2021,115.95
7/1/2021,118.16
7/2/2021,118.58
7/6/2021,115.72
7/7/2021,113.98
7/8/2021,115.08
7/9/2021,117.33
7/12/2021,116.53
7/13/2021,118.27
7/14/2021,115.55
7/15/2021,113.59
7/16/2021,113.75
7/19/2021,106
7/20/2021,107.13
7/21/2021,111.73
7/22/2021,114.11
7/23/2021,114.55
7/26/2021,114.71
7/27/2021,114.45
7/28/2021,115.19
7/29/2021,117.11
7/30/2021,117.62
8/2/2021,113.73
8/3/2021,112.88
8/4/2021,109.74
8/5/2021,111.21
8/6/2021,109.87
8/9/2021,107.03
8/10/2021,109.48
8/11/2021,110.54
8/12/2021,110.23
8/13/2021,109.21
8/16/2021,107.39
8/17/2021,106.52
8/18/2021,105.11
8/19/2021,102.1
8/20/2021,100.09
8/23/2021,105.49
8/24/2021,108.62
8/25/2021,110.23
8/26/2021,108.68
8/27/2021,110.72
8/30/2021,111.64
8/31/2021,110.75
9/1/2021,110.55
9/2/2021,112.99
9/3/2021,112.16
9/7/2021,110.61
9/8/2021,111.68
9/9/2021,109.97
9/10/2021,112.02
9/13/2021,112.85
9/14/2021,112.83
9/15/2021,115.81
9/16/2021,115.81
9/17/2021,115.19
9/20/2021,112.79
9/21/2021,113.22
9/22/2021,115.85
9/23/2021,117.66
9/24/2021,118.77
9/27/2021,121.03
9/28/2021,120.53
9/29/2021,120.31
9/30/2021,120.93
10/1/2021,122.36
10/4/2021,125.43
10/5/2021,127.79
10/6/2021,125.33
10/7/2021,126.38
10/8/2021,127.48
10/11/2021,129.08
10/12/2021,128.66
10/13/2021,128.42
10/14/2021,129.83
10/15/2021,131.43
10/18/2021,130.93
10/19/2021,131.78
10/20/2021,133.17
10/21/2021,131.37
10/22/2021,132.71
10/25/2021,133.39
10/26/2021,134.29
10/27/2021,131.24
10/28/2021,130.86
10/29/2021,131.51
11/1/2021,132.69
11/2/2021,132.78
11/3/2021,128.24
11/4/2021,125.86
11/5/2021,128.81
11/8/2021,129.42
11/9/2021,131.57
11/10/2021,127.79
11/11/2021,127.6
11/12/2021,126.41
11/15/2021,126.25
11/16/2021,126.86
11/17/2021,123.61
11/18/2021,124.79
11/19/2021,120.79
11/22/2021,122.4
11/23/2021,125.53
11/24/2021,125.4
11/26/2021,109.74
11/29/2021,112.58
11/30/2021,106.8
12/1/2021,106.57
12/2/2021,107.66
12/3/2021,107.67
12/6/2021,112.24
12/7/2021,116.02
12/8/2021,116.79
12/9/2021,114.95
12/10/2021,115.69
12/13/2021,114.91
12/14/2021,114.01
12/15/2021,114.13
12/16/2021,116.45
12/17/2021,114.17
12/20/2021,110.81
12/21/2021,114.91
12/22/2021,117.13
12/23/2021,118.98
12/27/2021,121.47
12/28/2021,122.14
12/29/2021,122.82
12/30/2021,123.55
12/31/2021,120.74
1/3/2022,122.35
1/4/2022,123.93
1/5/2022,125.41
1/6/2022,127.46
1/7/2022,126.76
1/10/2022,125.56
1/11/2022,129.72
1/12/2022,131.4
1/13/2022,130.82
1/14/2022,133.21
1/18/2022,135.43
1/19/2022,136.85
1/20/2022,136.67
1/21/2022,136
1/24/2022,133.24
1/25/2022,136.3
1/26/2022,139.21
1/27/2022,138.51
1/28/2022,139.07
1/31/2022,140.35
2/1/2022,140.61
2/2/2022,141.01
2/3/2022,143.9
2/4/2022,147.16
2/7/2022,145.74
2/8/2022,142.03
2/9/2022,142.9
2/10/2022,142.73
2/11/2022,146.36
2/14/2022,149.22
2/15/2022,144.21
2/16/2022,146.54
2/17/2022,143.7
2/18/2022,144.27
2/22/2022,147.4
2/23/2022,147.7
2/24/2022,150.2
2/25/2022,147.46
2/28/2022,153.63
3/1/2022,165.25
3/2/2022,177.75
3/3/2022,175.2
3/4/2022,187.56
3/7/2022,193.65
3/8/2022,201.78
3/9/2022,174.36
3/10/2022,167.33
3/11/2022,171.54
3/14/2022,163.12
3/15/2022,153.46
3/16/2022,151.79
3/17/2022,165.34
3/18/2022,167.57
3/21/2022,178.2
3/22/2022,177.82
3/23/2022,187.1
3/24/2022,183.71
3/25/2022,185.69
3/28/2022,173.09
3/29/2022,169.86
3/30/2022,175.39
3/31/2022,165.3
4/1/2022,164.94
4/4/2022,170.74
4/5/2022,168.34
4/6/2022,160.28
4/7/2022,158.23
4/8/2022,161.62
4/11/2022,155.7
4/12/2022,165.01
4/13/2022,170.87
4/14/2022,175.7
4/18/2022,177.78
4/19/2022,169.37
4/20/2022,170.14
4/21/2022,172.04
4/22/2022,169.93
4/25/2022,164.39
4/26/2022,169.69
4/27/2022,171.51
4/28/2022,175.95
4/29/2022,175.71
5/2/2022,177.34
5/3/2022,172.95
5/4/2022,180.69
5/5/2022,180.92
5/6/2022,181.69
5/9/2022,171.26
5/10/2022,166.27
5/11/2022,173.66
5/12/2022,173.01
5/13/2022,179.01
5/16/2022,182.68
5/17/2022,179.4
5/18/2022,174.24
5/19/2022,178.46
5/20/2022,179.06
5/23/2022,179.53
5/24/2022,179.44
5/25/2022,180.69
5/26/2022,186.3
5/27/2022,188.49
5/31/2022,189.39
6/1/2022,191.75
6/2/2022,194.19
6/3/2022,198.07
6/6/2022,197.98
6/7/2022,197.78
6/8/2022,200.61
6/9/2022,199.91
6/10/2022,196.76
6/13/2022,195.03
6/14/2022,193.42
6/15/2022,190.49
6/16/2022,192.79
6/17/2022,182.64
6/21/2022,185
6/22/2022,180.7
6/23/2022,177.75
6/24/2022,182.28
6/27/2022,183.63
6/28/2022,186.51
6/29/2022,183.46
6/30/2022,176.63
7/1/2022,181.72
7/5/2022,166.86
7/6/2022,163
7/7/2022,170.46
7/8/2022,172.17
7/11/2022,171.65
7/12/2022,159.2
7/13/2022,158.87
7/14/2022,155.92
7/15/2022,159.13
7/18/2022,165.37
7/19/2022,166.36
7/20/2022,165.36
7/21/2022,159.99
7/22/2022,158.47
7/25/2022,161.21
7/26/2022,159.93
7/27/2022,163.87
7/28/2022,163.12
7/29/2022,165.72
8/1/2022,158.3
8/2/2022,158.76
8/3/2022,153.91
8/4/2022,149.88
8/5/2022,149.7
8/8/2022,150.96
8/9/2022,151.44
8/10/2022,153.3
8/11/2022,156.35
8/12/2022,154.48
8/15/2022,150.35
8/16/2022,146.93
8/17/2022,149.67
8/18/2022,153.75
8/19/2022,154.55
8/22/2022,154.29
8/23/2022,159.31
8/24/2022,161.51
8/25/2022,158.58
8/26/2022,159.71
8/29/2022,164.41
8/30/2022,155.92
8/31/2022,152.19
9/1/2022,147.12
9/2/2022,148.51
9/6/2022,148.04
9/7/2022,141.76
9/8/2022,142.87
9/9/2022,147.62
9/12/2022,149.26
9/13/2022,147.74
9/14/2022,147.86
9/15/2022,141.75
9/16/2022,142.2
9/19/2022,143.63
9/20/2022,142.09
9/21/2022,140.84
9/22/2022,142.32
9/23/2022,134.82
9/26/2022,131.43
9/27/2022,134.87
9/28/2022,140.64
9/29/2022,139.14
9/30/2022,136.15
10/3/2022,142.71
10/4/2022,148.29
10/5/2022,151.19
10/6/2022,153.01
10/7/2022,158.55
10/10/2022,154.68
10/11/2022,150.47
10/12/2022,147.76
10/13/2022,150.01
10/14/2022,145.16
10/17/2022,145.44
10/18/2022,142.27
10/19/2022,145
10/20/2022,144.66
10/21/2022,145.5
10/24/2022,145.62
10/25/2022,146.64
10/26/2022,150.32
10/27/2022,152.28
10/28/2022,150.58
10/31/2022,148.44
11/1/2022,150.59
11/2/2022,153.45
11/3/2022,152.38
11/4/2022,158.26
11/7/2022,155.93
11/8/2022,151.72
11/9/2022,146.31
11/10/2022,146.48
11/11/2022,149.4
11/14/2022,145.43
11/15/2022,146.94
11/16/2022,145.28
11/17/2022,140.13
11/18/2022,137.95
11/21/2022,137.46
11/22/2022,139.26
11/23/2022,134.93
11/25/2022,132.02
11/28/2022,132.39
11/29/2022,133.79
11/30/2022,138.26
12/1/2022,138.48
12/2/2022,135.8