Effective date ,S&P GSCI
10/31/2012,637.74
11/1/2012,638.86
11/2/2012,626.07
11/5/2012,629.85
11/6/2012,644.61
11/7/2012,629
11/8/2012,631.53
11/9/2012,636.41
11/12/2012,634.52
11/13/2012,633.32
11/14/2012,637.39
11/15/2012,634.1
11/16/2012,637.01
11/19/2012,650.58
11/20/2012,642.72
11/21/2012,646.01
11/23/2012,649.8
11/26/2012,646.99
11/27/2012,645.96
11/28/2012,642.59
11/29/2012,649.34
11/30/2012,650.05
12/3/2012,650.78
12/4/2012,644.95
12/5/2012,643.26
12/6/2012,635.69
12/7/2012,632.88
12/10/2012,631.4
12/11/2012,631.93
12/12/2012,637.05
12/13/2012,631.38
12/14/2012,637.14
12/17/2012,636.92
12/18/2012,640.18
12/19/2012,644.73
12/20/2012,643.49
12/21/2012,639.09
12/24/2012,637.84
12/26/2012,646.31
12/27/2012,645.78
12/28/2012,644.43
12/31/2012,646.58
1/2/2013,652.56
1/3/2013,650.05
1/4/2013,646.71
1/7/2013,648.69
1/8/2013,650.18
1/9/2013,649.31
1/10/2013,653.11
1/11/2013,649.58
1/14/2013,655.19
1/15/2013,652.18
1/16/2013,653.31
1/17/2013,658.21
1/18/2013,660.83
1/22/2013,664.07
1/23/2013,661.98
1/24/2013,664.22
1/25/2013,662.75
1/28/2013,665.33
1/29/2013,670.51
1/30/2013,675.94
1/31/2013,675.37
2/1/2013,679.05
2/4/2013,673.87
2/5/2013,676.7
2/6/2013,676.14
2/7/2013,674.01
2/8/2013,678.14
2/11/2013,677.66
2/12/2013,678.9
2/13/2013,679.2
2/14/2013,679.37
2/15/2013,675.95
2/19/2013,675.63
2/20/2013,668.28
2/21/2013,657.31
2/22/2013,658.12
2/25/2013,658.64
2/26/2013,653.56
2/27/2013,650.13
2/28/2013,648.21
3/1/2013,642.65
3/4/2013,640.41
3/5/2013,645.94
3/6/2013,641.74
3/7/2013,646.65
3/8/2013,648.81
3/11/2013,648.72
3/12/2013,649.62
3/13/2013,647.17
3/14/2013,650.23
3/15/2013,652.5
3/18/2013,650.3
3/19/2013,643.16
3/20/2013,648.7
3/21/2013,644.55
3/22/2013,646.5
3/25/2013,649.03
3/26/2013,654.54
3/27/2013,657.78
3/28/2013,655.05
4/1/2013,653.1
4/2/2013,651.87
4/3/2013,638.67
4/4/2013,633
4/5/2013,628.26
4/8/2013,632.31
4/9/2013,637.09
4/10/2013,636.03
4/11/2013,631.61
4/12/2013,623.16
4/15/2013,608.83
4/16/2013,609.91
4/17/2013,600.97
4/18/2013,606.01
4/19/2013,607.5
4/22/2013,609.1
4/23/2013,607.11
4/24/2013,614.65
4/25/2013,625.15
4/26/2013,622.29
4/29/2013,629.99
4/30/2013,624.43
5/1/2013,611.06
5/2/2013,622.62
5/3/2013,631.08
5/6/2013,632.74
5/7/2013,630.47
5/8/2013,632.85
5/9/2013,634.91
5/10/2013,629.36
5/13/2013,627.87
5/14/2013,625.54
5/15/2013,624.91
5/16/2013,627.99
5/17/2013,632.05
5/20/2013,635.02
5/21/2013,631.02
5/22/2013,625.96
5/23/2013,624.86
5/24/2013,624.4
5/28/2013,630.57
5/29/2013,623.35
5/30/2013,622.46
5/31/2013,615.46
6/3/2013,622.56
6/4/2013,625.64
6/5/2013,626.58
6/6/2013,628.7
6/7/2013,631.05
6/10/2013,626.86
6/11/2013,622.42
6/12/2013,623.62
6/13/2013,626.36
6/14/2013,631.24
6/17/2013,630.52
6/18/2013,633.01
6/19/2013,635.84
6/20/2013,616.46
6/21/2013,610.04
6/24/2013,610.3
6/25/2013,611.83
6/26/2013,610.93
6/27/2013,615.88
6/28/2013,611.3
7/1/2013,616.01
7/2/2013,621.03
7/3/2013,629.38
7/5/2013,634.02
7/8/2013,634.83
7/9/2013,637.17
7/10/2013,644.31
7/11/2013,641.56
7/12/2013,644.63
7/15/2013,644.4
7/16/2013,645.99
7/17/2013,646.65
7/18/2013,651.05
7/19/2013,650.66
7/22/2013,648.43
7/23/2013,648.62
7/24/2013,642.1
7/25/2013,640.68
7/26/2013,636.81
7/29/2013,636.48
7/30/2013,632.09
7/31/2013,638.64
8/1/2013,646.77
8/2/2013,642.74
8/5/2013,639.59
8/6/2013,634.83
8/7/2013,629.7
8/8/2013,627.95
8/9/2013,634.71
8/12/2013,638.88
8/13/2013,641.23
8/14/2013,643.68
8/15/2013,648.86
8/16/2013,649.92
8/19/2013,649.52
8/20/2013,645.45
8/21/2013,642.3
8/22/2013,643.29
8/23/2013,649.4
8/26/2013,650.66
8/27/2013,662.96
8/28/2013,668.6
8/29/2013,663.48
8/30/2013,657.05
9/3/2013,660.66
9/4/2013,656.07
9/5/2013,657.07
9/6/2013,664.33
9/9/2013,657.13
9/10/2013,647.13
9/11/2013,647.51
9/12/2013,652.26
9/13/2013,650.02
9/16/2013,644.19
9/17/2013,636.3
9/18/2013,645.92
9/19/2013,643.27
9/20/2013,638.63
9/23/2013,633.42
9/24/2013,632.59
9/25/2013,633.82
9/26/2013,637.03
9/27/2013,636.39
9/30/2013,632.4
10/1/2013,629.49
10/2/2013,637.18
10/3/2013,635.73
10/4/2013,637.24
10/7/2013,638.02
10/8/2013,640.42
10/9/2013,633.36
10/10/2013,642.05
10/11/2013,638.45
10/14/2013,639.44
10/15/2013,636.38
10/16/2013,641.27
10/17/2013,634.96
10/18/2013,638.62
10/21/2013,634.81
10/22/2013,632.65
10/23/2013,623.91
10/24/2013,622.84
10/25/2013,624.36
10/28/2013,629.69
10/29/2013,627.67
10/30/2013,627.21
10/31/2013,622.52
11/1/2013,612.24
11/4/2013,610.66
11/5/2013,606.77
11/6/2013,609.73
11/7/2013,605.02
11/8/2013,609.95
11/11/2013,614.2
11/12/2013,609.25
11/13/2013,613.7
11/14/2013,616.8
11/15/2013,616.92
11/18/2013,613.95
11/19/2013,611.67
11/20/2013,614.19
11/21/2013,622.23
11/22/2013,624.37
11/25/2013,622.58
11/26/2013,622.4
11/27/2013,620.76
11/29/2013,620.12
12/2/2013,623.53
12/3/2013,629.81
12/4/2013,631.85
12/5/2013,630.15
12/6/2013,631.94
12/9/2013,628.35
12/10/2013,630.05
12/11/2013,629.95
12/12/2013,626.38
12/13/2013,623.59
12/16/2013,627.39
12/17/2013,624.29
12/18/2013,627.88
12/19/2013,632
12/20/2013,637.1
12/23/2013,635.61
12/24/2013,637.04
12/26/2013,637.76
12/27/2013,640.67
12/30/2013,635.79
12/31/2013,632.29
1/2/2014,620.36
1/3/2014,614.43
1/6/2014,613.84
1/7/2014,615.22
1/8/2014,610.67
1/9/2014,605.81
1/10/2014,610.3
1/13/2014,609.48
1/14/2014,610.17
1/15/2014,614.72
1/16/2014,613.44
1/17/2014,615.56
1/21/2014,616.41
1/22/2014,623.24
1/23/2014,623.6
1/24/2014,624.87
1/27/2014,618.31
1/28/2014,623.91
1/29/2014,626.91
1/30/2014,626.64
1/31/2014,622.26
2/3/2014,619.11
2/4/2014,623.44
2/5/2014,624.11
2/6/2014,626.71
2/7/2014,635.11
2/10/2014,632.49
2/11/2014,634.83
2/12/2014,636.22
2/13/2014,637.91
2/14/2014,640.06
2/18/2014,649.79
2/19/2014,653.38
2/20/2014,652.78
2/21/2014,650.88
2/24/2014,652.52
2/25/2014,649.07
2/26/2014,649.64
2/27/2014,647.07
2/28/2014,649.64
3/3/2014,660.22
3/4/2014,655.96
3/5/2014,648.57
3/6/2014,650.66
3/7/2014,653.24
3/10/2014,646.84
3/11/2014,645.73
3/12/2014,641.11
3/13/2014,639.2
3/14/2014,644.05
3/17/2014,637.19
3/18/2014,642.18
3/19/2014,641.71
3/20/2014,639.54
3/21/2014,641.09
3/24/2014,641.49
3/25/2014,642.41
3/26/2014,643.32
3/27/2014,649.55
3/28/2014,650.67
3/31/2014,648.86
4/1/2014,640.83
4/2/2014,637.04
4/3/2014,642.54
4/4/2014,645.19
4/7/2014,642.37
4/8/2014,650.89
4/9/2014,654.22
4/10/2014,653.1
4/11/2014,652.26
4/14/2014,658.04
4/15/2014,658.46
4/16/2014,659.62
4/17/2014,661.29
4/21/2014,660.71
4/22/2014,657.81
4/23/2014,657.49
4/24/2014,661.49
4/25/2014,657.7
4/28/2014,654.77
4/29/2014,658.84
4/30/2014,652.51
5/1/2014,648.61
5/2/2014,650.94
5/5/2014,648.94
5/6/2014,648.99
5/7/2014,651.43
5/8/2014,649.58
5/9/2014,647.3
5/12/2014,648.97
5/13/2014,652.03
5/14/2014,655.23
5/15/2014,652.04
5/16/2014,652.86
5/19/2014,653.8
5/20/2014,654.04
5/21/2014,658.35
5/22/2014,657.17
5/23/2014,658.41
5/27/2014,655.44
5/28/2014,652.84
5/29/2014,654.26
5/30/2014,649.63
6/2/2014,648.46
6/3/2014,647.6
6/4/2014,645.99
6/5/2014,646.63
6/6/2014,646.63
6/9/2014,651.28
6/10/2014,648.05
6/11/2014,647.54
6/12/2014,658.55
6/13/2014,660.46
6/16/2014,661.32
6/17/2014,661.92
6/18/2014,663.39
6/19/2014,668.03
6/20/2014,668.86
6/23/2014,665.75
6/24/2014,667.19
6/25/2014,666.62
6/26/2014,664.13
6/27/2014,663.44
6/30/2014,658.57
7/1/2014,657.68
7/2/2014,654.56
7/3/2014,653.3
7/7/2014,647.81
7/8/2014,643.87
7/9/2014,638.6
7/10/2014,638.91
7/11/2014,630.72
7/14/2014,632.27
7/15/2014,627.84
7/16/2014,630.2
7/17/2014,633.73
7/18/2014,630.92
7/21/2014,633.29
7/22/2014,631.45
7/23/2014,634.01
7/24/2014,630.91
7/25/2014,634.17
7/28/2014,631.89
7/29/2014,630.23
7/30/2014,627.2
7/31/2014,621.7
8/1/2014,617.5
8/4/2014,620.23
8/5/2014,616.04
8/6/2014,618.26
8/7/2014,619.11
8/8/2014,617.07
8/11/2014,618.2
8/12/2014,612.06
8/13/2014,613.31
8/14/2014,602.55
8/15/2014,607.45
8/18/2014,600.33
8/19/2014,599.45
8/20/2014,601.32
8/21/2014,603.72
8/22/2014,602.97
8/25/2014,603.04
8/26/2014,604.81
8/27/2014,605.58
8/28/2014,606.84
8/29/2014,610.92
9/2/2014,598.85
9/3/2014,607.35
9/4/2014,603.29
9/5/2014,600.35
9/8/2014,597.2
9/9/2014,594.87
9/10/2014,589.3
9/11/2014,588.72
9/12/2014,585.66
9/15/2014,586.3
9/16/2014,592.2
9/17/2014,590.9
9/18/2014,583.82
9/19/2014,583
9/22/2014,577.77
9/23/2014,578.3
9/24/2014,581.5
9/25/2014,580.97
9/26/2014,582.52
9/29/2014,586.96
9/30/2014,574.29
10/1/2014,573.08
10/2/2014,570
10/3/2014,565.79
10/6/2014,570.22
10/7/2014,567.13
10/8/2014,561.33
10/9/2014,555.51
10/10/2014,554.29
10/13/2014,554.28
10/14/2014,539.84
10/15/2014,533.56
10/16/2014,538.6
10/17/2014,540.23
10/20/2014,537.24
10/21/2014,541.03
10/22/2014,534.96
10/23/2014,541.93
10/24/2014,537.1
10/27/2014,537.29
10/28/2014,540.55
10/29/2014,546.75
10/30/2014,541.63
10/31/2014,539.59
11/3/2014,535.78
11/4/2014,526.84
11/5/2014,529.25
11/6/2014,529.71
11/7/2014,534.1
11/10/2014,529.15
11/11/2014,530.23
11/12/2014,528.13
11/13/2014,514.44
11/14/2014,520.97
11/17/2014,521.45
11/18/2014,517.36
11/19/2014,516.42
11/20/2014,521.59
11/21/2014,525.2
11/24/2014,521.14
11/25/2014,516.62
11/26/2014,514.93
11/28/2014,482.11
12/1/2014,492.94
12/2/2014,482
12/3/2014,480.04
12/4/2014,478.05
12/5/2014,475.83
12/8/2014,463.59
12/9/2014,467.81
12/10/2014,456.31
12/11/2014,454.22
12/12/2014,447.69
12/15/2014,441.53
12/16/2014,436.55
12/17/2014,440.33
12/18/2014,433.15
12/19/2014,440.71
12/22/2014,433.22
12/23/2014,439.87
12/24/2014,431.6
12/26/2014,429.16
12/29/2014,424.19
12/30/2014,423.84
12/31/2014,418.12
1/2/2015,414.96
1/5/2015,404.61
1/6/2015,397.95
1/7/2015,396.68
1/8/2015,397.1
1/9/2015,395.01
1/12/2015,384.79
1/13/2015,381.02
1/14/2015,388.98
1/15/2015,382.72
1/16/2015,391.44
1/20/2015,381.24
1/21/2015,386.15
1/22/2015,381.68
1/23/2015,379.74
1/26/2015,377.65
1/27/2015,382.2
1/28/2015,376.73
1/29/2015,375.08
1/30/2015,389.68
2/2/2015,396.34
2/3/2015,412.7
2/4/2015,395.9
2/5/2015,404.06
2/6/2015,410.41
2/9/2015,417.09
2/10/2015,408.59
2/11/2015,404.24
2/12/2015,416.98
2/13/2015,425.99
2/17/2015,426.25
2/18/2015,420.57
2/19/2015,418.36
2/20/2015,416.17
2/23/2015,410.59
2/24/2015,410.19
2/25/2015,418.4
2/26/2015,411.72
2/27/2015,421.24
3/2/2015,413.06
3/3/2015,417.21
3/4/2015,417.37
3/5/2015,414.71
3/6/2015,411.78
3/9/2015,410.58
3/10/2015,402.92
3/11/2015,405.51
3/12/2015,403.36
3/13/2015,393.35
3/16/2015,389.73
3/17/2015,386.91
3/18/2015,395.91
3/19/2015,392.02
3/20/2015,398.17
3/23/2015,401.82
3/24/2015,400.17
3/25/2015,404.72
3/26/2015,413.4
3/27/2015,402.71
3/30/2015,402.4
3/31/2015,396.65
4/1/2015,406.71
4/2/2015,400.97
4/6/2015,413.14
4/7/2015,417.87
4/8/2015,404.07
4/9/2015,406.35
4/10/2015,412.37
4/13/2015,412.76
4/14/2015,417.95
4/15/2015,430.83
4/16/2015,434.67
4/17/2015,431.71
4/20/2015,430.82
4/21/2015,426.16
4/22/2015,426.56
4/23/2015,435.07
4/24/2015,435.42
4/27/2015,434.02
4/28/2015,434.67
4/29/2015,440.9
4/30/2015,445.58
5/1/2015,443.83
5/4/2015,444.03
5/5/2015,450.6
5/6/2015,450.97
5/7/2015,441.85
5/8/2015,444.31
5/11/2015,442.28
5/12/2015,450.83
5/13/2015,451.52
5/14/2015,451.84
5/15/2015,450.76
5/18/2015,448.74
5/19/2015,437.39
5/20/2015,440.59
5/21/2015,448.08
5/22/2015,441.93
5/26/2015,432.59
5/27/2015,427.2
5/28/2015,429.16
5/29/2015,439.09
6/1/2015,438.48
6/2/2015,443.49
6/3/2015,436.19
6/4/2015,428.76
6/5/2015,432.88
6/8/2015,432.21
6/9/2015,442.54
6/10/2015,447.25
6/11/2015,442.92
6/12/2015,437.93
6/15/2015,434.39
6/16/2015,435.72
6/17/2015,436.43
6/18/2015,437.47
6/19/2015,431.55
6/22/2015,433.15
6/23/2015,438.79
6/24/2015,435.16
6/25/2015,434.16
6/26/2015,435.74
6/29/2015,431.61
6/30/2015,440.69
7/1/2015,432.64
7/2/2015,433.81
7/6/2015,412.51
7/7/2015,409.29
7/8/2015,409.36
7/9/2015,415.45
7/10/2015,415.48
7/13/2015,413.66
7/14/2015,414.79
7/15/2015,407.85
7/16/2015,406.15
7/17/2015,404.73
7/20/2015,400.11
7/21/2015,400.86
7/22/2015,395.35
7/23/2015,391.01
7/24/2015,386.64
7/27/2015,380.66
7/28/2015,383.54
7/29/2015,384.76
7/30/2015,383.65
7/31/2015,378.38
8/3/2015,368.68
8/4/2015,371.33
8/5/2015,369.32
8/6/2015,367.43
8/7/2015,365.42
8/10/2015,375.04
8/11/2015,367.05
8/12/2015,367.89
8/13/2015,365.67
8/14/2015,365.02
8/17/2015,362.4
8/18/2015,362.27
8/19/2015,354.79
8/20/2015,355.2
8/21/2015,348.11
8/24/2015,336.88
8/25/2015,339.75
8/26/2015,335.51
8/27/2015,353.62
8/28/2015,365.65
8/31/2015,380.85
9/1/2015,364.14
9/2/2015,366.64
9/3/2015,369.67
9/4/2015,364.87
9/8/2015,366.93
9/9/2015,359.92
9/10/2015,366.64
9/11/2015,363.47
9/14/2015,359.61
9/15/2015,360.44
9/16/2015,368.37
9/17/2015,365.76
9/18/2015,357.59
9/21/2015,364.58
9/22/2015,362.28
9/23/2015,357.26
9/24/2015,358.31
9/25/2015,362.01
9/28/2015,355.7
9/29/2015,358.67
9/30/2015,359.34
10/1/2015,356.7
10/2/2015,358.25
10/5/2015,363.65
10/6/2015,374.65
10/7/2015,372.57
10/8/2015,378
10/9/2015,379.52
10/12/2015,370.26
10/13/2015,368.59
10/14/2015,368.19
10/15/2015,366.58
10/16/2015,369.21
10/19/2015,361.61
10/20/2015,362.73
10/21/2015,359.15
10/22/2015,359.96
10/23/2015,357.09
10/26/2015,354.65
10/27/2015,351.24
10/28/2015,361.58
10/29/2015,360.44
10/30/2015,363.44
11/2/2015,360.54
11/3/2015,368.17
11/4/2015,360.07
11/5/2015,355.41
11/6/2015,353.68
11/9/2015,350.98
11/10/2015,351.54
11/11/2015,348.07
11/12/2015,343.68
11/13/2015,339.48
11/16/2015,339.29
11/17/2015,335.89
11/18/2015,337.02
11/19/2015,337.46
11/20/2015,337.72
11/23/2015,338.74
11/24/2015,343.39
11/25/2015,343.72
11/27/2015,337.29
11/30/2015,336.15
12/1/2015,337.7
12/2/2015,328.31
12/3/2015,333.44
12/4/2015,331.36
12/7/2015,320.06
12/8/2015,319
12/9/2015,319.07
12/10/2015,319.55
12/11/2015,313.92
12/14/2015,312.4
12/15/2015,314.24
12/16/2015,307.74
12/17/2015,305.49
12/18/2015,307.39
12/21/2015,305.94
12/22/2015,305.01
12/23/2015,311.73
12/24/2015,314.01
12/28/2015,309.46
12/29/2015,315.23
12/30/2015,309.12
12/31/2015,311.65
1/4/2016,309.64
1/5/2016,307.16
1/6/2016,297.95
1/7/2016,295.71
1/8/2016,295.57
1/11/2016,287.62
1/12/2016,284.76
1/13/2016,284.65
1/14/2016,287.02
1/15/2016,279.17
1/19/2016,277.9
1/20/2016,271.81
1/21/2016,278.04
1/22/2016,290.2
1/25/2016,283.15
1/26/2016,288.83
1/27/2016,293.41
1/28/2016,296.26
1/29/2016,300.67
2/1/2016,292.92
2/2/2016,285.54
2/3/2016,295.3
2/4/2016,293.7
2/5/2016,291.64
2/8/2016,288.89
2/9/2016,280.61
2/10/2016,282.29
2/11/2016,281.7
2/12/2016,294.98
2/16/2016,290.97
2/17/2016,300.42
2/18/2016,299.17
2/19/2016,293.73
2/22/2016,300.7
2/23/2016,294.46
2/24/2016,297.85
2/25/2016,300.7
2/26/2016,300
2/29/2016,303.63
3/1/2016,304.73
3/2/2016,306.39
3/3/2016,307.16
3/4/2016,314.68
3/7/2016,324.21
3/8/2016,320.58
3/9/2016,328.73
3/10/2016,327.4
3/11/2016,331.41
3/14/2016,327.13
3/15/2016,323.83
3/16/2016,330.7
3/17/2016,337.88
3/18/2016,335.3
3/21/2016,336.15
3/22/2016,337.53
3/23/2016,329.37
3/24/2016,327.91
3/28/2016,327.84
3/29/2016,324.21
3/30/2016,323.3
3/31/2016,323.42
4/1/2016,316.4
4/4/2016,311.37
4/5/2016,310.41
4/6/2016,317.59
4/7/2016,316.23
4/8/2016,329.02
4/11/2016,332
4/12/2016,341.58
4/13/2016,341.98
4/14/2016,339.67
4/15/2016,336.25
4/18/2016,335.85
4/19/2016,343.57
4/20/2016,352.48
4/21/2016,348.33
4/22/2016,347.98
4/25/2016,345.23
4/26/2016,351.68
4/27/2016,356.09
4/28/2016,359.56
4/29/2016,360.41
5/2/2016,355.13
5/3/2016,348.34
5/4/2016,347.71
5/5/2016,347.81
5/6/2016,350.62
5/9/2016,342.89
5/10/2016,351.72
5/11/2016,361.15
5/12/2016,362.92
5/13/2016,361.72
5/16/2016,367.66
5/17/2016,370.76
5/18/2016,369.98
5/19/2016,366.95
5/20/2016,367.3
5/23/2016,364.89
5/24/2016,366.12
5/25/2016,370.68
5/26/2016,371.6
5/27/2016,371.88
5/31/2016,370.95
6/1/2016,371.67
6/2/2016,374.55
6/3/2016,374.02
6/6/2016,378.77
6/7/2016,382.37
6/8/2016,389.83
6/9/2016,387.76
6/10/2016,381.26
6/13/2016,381.3
6/14/2016,379.16
6/15/2016,376.17
6/16/2016,367.81
6/17/2016,376.85
6/20/2016,382.89
6/21/2016,380.16
6/22/2016,377.03
6/23/2016,380.72
6/24/2016,369.23
6/27/2016,364.07
6/28/2016,372.1
6/29/2016,380.33
6/30/2016,374.03
7/1/2016,376.44
7/5/2016,364.31
7/6/2016,365.96
7/7/2016,355.27
7/8/2016,358.04
7/11/2016,355.91
7/12/2016,365.54
7/13/2016,358.09
7/14/2016,362.25
7/15/2016,361.12
7/18/2016,358.43
7/19/2016,355.34
7/20/2016,354.99
7/21/2016,350.89
7/22/2016,349.03
7/25/2016,345.15
7/26/2016,344.35
7/27/2016,339.4
7/28/2016,336.68
7/29/2016,339.4
8/1/2016,332.43
8/2/2016,330.85
8/3/2016,336.81
8/4/2016,340.67
8/5/2016,342.03
8/8/2016,346.94
8/9/2016,345.28
8/10/2016,341.63
8/11/2016,349.71
8/12/2016,353.12
8/15/2016,359.65
8/16/2016,363.15
8/17/2016,365.08
8/18/2016,370.77
8/19/2016,370.44
8/22/2016,364.4
8/23/2016,367.03
8/24/2016,361.52
8/25/2016,363.15
8/26/2016,363.07
8/29/2016,359.14
8/30/2016,355.72
8/31/2016,348.21
9/1/2016,341.87
9/2/2016,347.18
9/6/2016,348.19
9/7/2016,352.18
9/8/2016,361.99
9/9/2016,354.77
9/12/2016,356.81
9/13/2016,350.6
9/14/2016,346.47
9/15/2016,349.49
9/16/2016,348.1
9/19/2016,348.96
9/20/2016,350.19
9/21/2016,354.9
9/22/2016,358.89
9/23/2016,351.53
9/26/2016,356.46
9/27/2016,350.39
9/28/2016,360.22
9/29/2016,363.33
9/30/2016,364.47
10/3/2016,366.81
10/4/2016,367.42
10/5/2016,371.74
10/6/2016,372.85
10/7/2016,371.81
10/10/2016,378.34
10/11/2016,375.63
10/12/2016,372.76
10/13/2016,375.81
10/14/2016,375.63
10/17/2016,374.62
10/18/2016,375.56
10/19/2016,379.49
10/20/2016,374.09
10/21/2016,375.78
10/24/2016,374.95
10/25/2016,373.11
10/26/2016,370.47
10/27/2016,373.74
10/28/2016,370.01
10/31/2016,361.62
11/1/2016,360.6
11/2/2016,354.9
11/3/2016,352.29
11/4/2016,349.1
11/7/2016,352.92
11/8/2016,354.65
11/9/2016,356.55
11/10/2016,356.24
11/11/2016,351.2
11/14/2016,349.77
11/15/2016,359.36
11/16/2016,357.56
11/17/2016,357.97
11/18/2016,359.71
11/21/2016,370.55
11/22/2016,370.98
11/23/2016,371.24
11/25/2016,365.14
11/28/2016,370.4
11/29/2016,360
11/30/2016,377.22
12/1/2016,384.77
12/2/2016,386.39
12/5/2016,390.18
12/6/2016,387.12
12/7/2016,383.42
12/8/2016,387.01
12/9/2016,390.84
12/12/2016,396.4
12/13/2016,396.9
12/14/2016,391.14
12/15/2016,389.25
12/16/2016,393.46
12/19/2016,392.08
12/20/2016,392.32
12/21/2016,390.7
12/22/2016,391.95
12/23/2016,391.89
12/27/2016,398.22
12/28/2016,399.18
12/29/2016,398.48
12/30/2016,398.2
1/3/2017,390.66
1/4/2017,396.14
1/5/2017,397.84
1/6/2017,398.18
1/9/2017,390.48
1/10/2017,389.01
1/11/2017,394.64
1/12/2017,400.68
1/13/2017,399.85
1/17/2017,400.91
1/18/2017,395.17
1/19/2017,394.96
1/20/2017,399.41
1/23/2017,398.77
1/24/2017,400.17
1/25/2017,397.93
1/26/2017,400.68
1/27/2017,397.47
1/30/2017,393.51
1/31/2017,395.83
2/1/2017,401.7
2/2/2017,400.35
2/3/2017,400.38
2/6/2017,396.76
2/7/2017,395.5
2/8/2017,398.78
2/9/2017,401.76
2/10/2017,407.83
2/13/2017,403.78
2/14/2017,405.1
2/15/2017,405.48
2/16/2017,403.71
2/17/2017,403.03
2/21/2017,404.51
2/22/2017,401.58
2/23/2017,403.74
2/24/2017,401.83
2/27/2017,401.06
2/28/2017,402.22
3/1/2017,403.23
3/2/2017,396.12
3/3/2017,398.56
3/6/2017,398.78
3/7/2017,397.44
3/8/2017,387.67
3/9/2017,382.6
3/10/2017,380.06
3/13/2017,380.16
3/14/2017,377.21
3/15/2017,381.89
3/16/2017,382.26
3/17/2017,383.12
3/20/2017,382.16
3/21/2017,379.41
3/22/2017,378.22
3/23/2017,377.44
3/24/2017,378.13
3/27/2017,376.71
3/28/2017,380.04
3/29/2017,384.81
3/30/2017,387.16
3/31/2017,388.22
4/3/2017,385.6
4/4/2017,389.41
4/5/2017,390.71
4/6/2017,392.84
4/7/2017,395.2
4/10/2017,398.84
4/11/2017,400.63
4/12/2017,400.06
4/13/2017,401.58
4/17/2017,399.31
4/18/2017,396.54
4/19/2017,388.83
4/20/2017,387.7
4/21/2017,383.03
4/24/2017,381.24
4/25/2017,383.57
4/26/2017,383.29
4/27/2017,380.38
4/28/2017,382.77
5/1/2017,381.64
5/2/2017,378.14
5/3/2017,378.8
5/4/2017,367.82
5/5/2017,371.39
5/8/2017,371.1
5/9/2017,368.88
5/10/2017,375.54
5/11/2017,378.29
5/12/2017,379.5
5/15/2017,382.63
5/16/2017,381.77
5/17/2017,384.35
5/18/2017,384.11
5/19/2017,391.04
5/22/2017,393.67
5/23/2017,393.04
5/24/2017,391.92
5/25/2017,383.11
5/26/2017,385.5
5/30/2017,382.86
5/31/2017,377.85
6/1/2017,377.36
6/2/2017,374.34
6/5/2017,371.72
6/6/2017,374.55
6/7/2017,366.99
6/8/2017,367.9
6/9/2017,369.81
6/12/2017,368.35
6/13/2017,369.88
6/14/2017,362.06
6/15/2017,361.85
6/16/2017,364.17
6/19/2017,361.38
6/20/2017,357.1
6/21/2017,352.7
6/22/2017,352.52
6/23/2017,353.8
6/26/2017,355.5
6/27/2017,359.65
6/28/2017,362.61
6/29/2017,365.33
6/30/2017,372.38
7/3/2017,377.72
7/5/2017,369.92
7/6/2017,371.31
7/7/2017,365.51
7/10/2017,366.92
7/11/2017,370.25
7/12/2017,370.22
7/13/2017,370.34
7/14/2017,373.46
7/17/2017,371.9
7/18/2017,373.57
7/19/2017,377.9
7/20/2017,376.88
7/21/2017,371.17
7/24/2017,371.21
7/25/2017,376.84
7/26/2017,381.32
7/27/2017,383.93
7/28/2017,386.62
7/31/2017,388.07
8/1/2017,382.96
8/2/2017,385.77
8/3/2017,383.17
8/4/2017,384.51
8/7/2017,384.8
8/8/2017,384.91
8/9/2017,386.89
8/10/2017,381.93
8/11/2017,383
8/14/2017,378.02
8/15/2017,376.65
8/16/2017,374.29
8/17/2017,374.9
8/18/2017,380.68
8/21/2017,376.5
8/22/2017,377.45
8/23/2017,379.99
8/24/2017,378.99
8/25/2017,379.06
8/28/2017,376.96
8/29/2017,377.48
8/30/2017,375.85
8/31/2017,386
9/1/2017,386.38
9/5/2017,389.97
9/6/2017,392.43
9/7/2017,392.34
9/8/2017,387.18
9/11/2017,388.16
9/12/2017,388.65
9/13/2017,392.41
9/14/2017,394.23
9/15/2017,395.9
9/18/2017,394.94
9/19/2017,393.5
9/20/2017,398.7
9/21/2017,397.27
9/22/2017,398.04
9/25/2017,404.25
9/26/2017,401.57
9/27/2017,402.27
9/28/2017,400.2
9/29/2017,399.31
10/2/2017,393.98
10/3/2017,393.85
10/4/2017,393.73
10/5/2017,398.7
10/6/2017,391.85
10/9/2017,392.46
10/10/2017,398.51
10/11/2017,399.64
10/12/2017,398.1
10/13/2017,402.8
10/16/2017,404.66
10/17/2017,403.24
10/18/2017,403.32
10/19/2017,401.03
10/20/2017,402.38
10/23/2017,402.94
10/24/2017,406.76
10/25/2017,406.44
10/26/2017,408.54
10/27/2017,412.04
10/30/2017,413.8
10/31/2017,415.14
11/1/2017,415.16
11/2/2017,415.7
11/3/2017,420.59
11/6/2017,429.44
11/7/2017,427.58
11/8/2017,427.39
11/9/2017,429.19
11/10/2017,428.59
11/13/2017,428.53
11/14/2017,421.84
11/15/2017,420.62
11/16/2017,418.75
11/17/2017,425.35
11/20/2017,422.82
11/21/2017,424.66
11/22/2017,429.02
11/24/2017,431.23
11/27/2017,429.62
11/28/2017,428.79
11/29/2017,426.11
11/30/2017,424.26
12/1/2017,429.48
12/4/2017,423.56
12/5/2017,422.74
12/6/2017,414.64
12/7/2017,416.7
12/8/2017,420.33
12/11/2017,423.4
12/12/2017,418.48
12/13/2017,415.83
12/14/2017,418.76
12/15/2017,419.7
12/18/2017,421.11
12/19/2017,422.82
12/20/2017,425.98
12/21/2017,427.8
12/22/2017,429.34
12/26/2017,437.26
12/27/2017,437.58
12/28/2017,439.9
12/29/2017,442.44
1/2/2018,442.72
1/3/2018,447.14
1/4/2018,447.83
1/5/2018,443.76
1/8/2018,443.76
1/9/2018,448.4
1/10/2018,450.45
1/11/2018,451.22
1/12/2018,453.23
1/16/2018,450.91
1/17/2018,452.74
1/18/2018,453.12
1/19/2018,450.37
1/22/2018,452.35
1/23/2018,455.67
1/24/2018,461.36
1/25/2018,460.86
1/26/2018,463.44
1/29/2018,460.59
1/30/2018,456.61
1/31/2018,456.53
2/1/2018,460.23
2/2/2018,456.53
2/5/2018,451.6
2/6/2018,447.38
2/7/2018,440.34
2/8/2018,438.06
2/9/2018,428.53
2/12/2018,430.5
2/13/2018,431.7
2/14/2018,439.14
2/15/2018,441.53
2/16/2018,443.59
2/20/2018,444.21
2/21/2018,444.57
2/22/2018,448.84
2/23/2018,451.53
2/26/2018,453.68
2/27/2018,450.09
2/28/2018,443.38
3/1/2018,441.04
3/2/2018,441.56
3/5/2018,447.54
3/6/2018,448.22
3/7/2018,441.54
3/8/2018,437.7
3/9/2018,444.4
3/12/2018,441.5
3/13/2018,440.57
3/14/2018,441.61
3/15/2018,441.32
3/16/2018,444.63
3/19/2018,441.29
3/20/2018,446.15
3/21/2018,453.47
3/22/2018,450.3
3/23/2018,455.17
3/26/2018,453.42
3/27/2018,453.05
3/28/2018,450.03
3/29/2018,452.94
4/2/2018,445.07
4/3/2018,446.9
4/4/2018,445.72
4/5/2018,448.46
4/6/2018,443.72
4/9/2018,451.91
4/10/2018,461.15
4/11/2018,466.72
4/12/2018,466.87
4/13/2018,468.31
4/16/2018,464.51
4/17/2018,464.85
4/18/2018,474.78
4/19/2018,474.03
4/20/2018,473.77
4/23/2018,473.52
4/24/2018,470.42
4/25/2018,472
4/26/2018,473.53
4/27/2018,473.15
4/30/2018,475.76
5/1/2018,470.92
5/2/2018,472.52
5/3/2018,474.28
5/4/2018,479.46
5/7/2018,482.55
5/8/2018,477.01
5/9/2018,485.64
5/10/2018,487.14
5/11/2018,484.43
5/14/2018,486.71
5/15/2018,487.51
5/16/2018,489.2
5/17/2018,490.22
5/18/2018,489.13
5/21/2018,493.06
5/22/2018,494.83
5/23/2018,495.11
5/24/2018,491.49
5/25/2018,482.07
5/29/2018,477.08
5/30/2018,483.69
5/31/2018,481.43
6/1/2018,477.11
6/4/2018,470.5
6/5/2018,472.2
6/6/2018,471.28
6/7/2018,477.43
6/8/2018,476.17
6/11/2018,475.35
6/12/2018,476.47
6/13/2018,478.02
6/14/2018,474.14
6/15/2018,463.61
6/18/2018,467.39
6/19/2018,462.65
6/20/2018,463.76
6/21/2018,460.73
6/22/2018,471.45
6/25/2018,466.27
6/26/2018,473.06
6/27/2018,481.23
6/28/2018,481.55
6/29/2018,487.44
7/2/2018,479.57
7/3/2018,481
7/5/2018,478.61
7/6/2018,480.73
7/9/2018,481.11
7/10/2018,480.64
7/11/2018,459.38
7/12/2018,461.47
7/13/2018,463.37
7/16/2018,450.73
7/17/2018,451.58
7/18/2018,454.3
7/19/2018,455.18
7/20/2018,457.58
7/23/2018,457.87
7/24/2018,460.61
7/25/2018,465.3
7/26/2018,467.01
7/27/2018,464.66
7/30/2018,469.41
7/31/2018,464.83
8/1/2018,457.52
8/2/2018,462.03
8/3/2018,462.15
8/6/2018,464.5
8/7/2018,466.67
8/8/2018,458.41
8/9/2018,457.17
8/10/2018,458.18
8/13/2018,455.09
8/14/2018,454.99
8/15/2018,445.12
8/16/2018,449.37
8/17/2018,451.63
8/20/2018,452.36
8/21/2018,453.82
8/22/2018,460.33
8/23/2018,459.3
8/24/2018,463.79
8/27/2018,465.06
8/28/2018,463.33
8/29/2018,467.99
8/30/2018,469.29
8/31/2018,468.69
9/4/2018,468.1
9/5/2018,463.48
9/6/2018,459.79
9/7/2018,461.03
9/10/2018,462.51
9/11/2018,467.28
9/12/2018,471.39
9/13/2018,464.27
9/14/2018,464.38
9/17/2018,463.41
9/18/2018,467.8
9/19/2018,471.95
9/20/2018,471.27
9/21/2018,473.84
9/24/2018,480.36
9/25/2018,482.5
9/26/2018,479.69
9/27/2018,481.24
9/28/2018,486.28
10/1/2018,496.04
10/2/2018,497.94
10/3/2018,502.55
10/4/2018,495.16
10/5/2018,494.31
10/8/2018,493.51
10/9/2018,496.39
10/10/2018,488.35
10/11/2018,478.67
10/12/2018,480.66
10/15/2018,483.94
10/16/2018,484.69
10/17/2018,477.99
10/18/2018,472.8
10/19/2018,474.72
10/22/2018,475.32
10/23/2018,464.04
10/24/2018,463.92
10/25/2018,465.11
10/26/2018,468.08
10/29/2018,465.41
10/30/2018,459.77
10/31/2018,456.32
11/1/2018,450.82
11/2/2018,450.54
11/5/2018,451.29
11/6/2018,446.97
11/7/2018,447.23
11/8/2018,443.35
11/9/2018,440.55
11/12/2018,441.47
11/13/2018,426.42
11/14/2018,432.83
11/15/2018,429.98
11/16/2018,432.38
11/19/2018,435.24
11/20/2018,418.37
11/21/2018,422.13
11/23/2018,403.56
11/26/2018,407.89
11/27/2018,406.2
11/28/2018,404.38
11/29/2018,408.13
11/30/2018,406.52
12/3/2018,414.76
12/4/2018,417.06
12/5/2018,415.75
12/6/2018,407.68
12/7/2018,416.21
12/10/2018,408.35
12/11/2018,409.55
12/12/2018,407.92
12/13/2018,412.91
12/14/2018,406.09
12/17/2018,400.48
12/18/2018,387.87
12/19/2018,392.63
12/20/2018,381.78
12/21/2018,380.32
12/24/2018,367.29
12/26/2018,380.23
12/27/2018,374.17
12/28/2018,374.98
12/31/2018,374.33
1/2/2019,377.91
1/3/2019,381.2
1/4/2019,386.8
1/7/2019,389.19
1/8/2019,394.47
1/9/2019,405.36
1/10/2019,405.77
1/11/2019,402.93
1/14/2019,399.64
1/15/2019,404.4
1/16/2019,406.27
1/17/2019,406.05
1/18/2019,413.2
1/22/2019,406.6
1/23/2019,405.75
1/24/2019,406.65
1/25/2019,409.69
1/28/2019,401.28
1/29/2019,407.1
1/30/2019,410.38
1/31/2019,407.89
2/1/2019,413.3
2/4/2019,412.67
2/5/2019,410.21
2/6/2019,412
2/7/2019,406.18
2/8/2019,407.89
2/11/2019,406.27
2/12/2019,410.36
2/13/2019,414.69
2/14/2019,416.24
2/15/2019,423.4
2/19/2019,424.21
2/20/2019,427.1
2/21/2019,428.19
2/22/2019,429.45
2/25/2019,420.53
2/26/2019,421.51
2/27/2019,426.77
2/28/2019,426.35
3/1/2019,421.35
3/4/2019,423.05
3/5/2019,424.39
3/6/2019,422.72
3/7/2019,423.37
3/8/2019,421.84
3/11/2019,423.79
3/12/2019,426.05
3/13/2019,431.49
3/14/2019,431.81
3/15/2019,432.48
3/18/2019,434.52
3/19/2019,435.38
3/20/2019,439.49
3/21/2019,438.41
3/22/2019,434.17
3/25/2019,434.29
3/26/2019,437.11
3/27/2019,434.74
3/28/2019,432.8
3/29/2019,434.13
4/1/2019,439.7
4/2/2019,442.69
4/3/2019,443.51
4/4/2019,443.93
4/5/2019,447.27
4/8/2019,451.44
4/9/2019,449.68
4/10/2019,453.84
4/11/2019,449.85
4/12/2019,452.47
4/15/2019,450.07
4/16/2019,450.97
4/17/2019,449.86
4/18/2019,450.85
4/22/2019,456.25
4/23/2019,457.18
4/24/2019,455.09
4/25/2019,452.83
4/26/2019,445.34
4/29/2019,444.82
4/30/2019,446.45
5/1/2019,446.39
5/2/2019,440.23
5/3/2019,440.83
5/6/2019,439.66
5/7/2019,435.14
5/8/2019,436.78
5/9/2019,434
5/10/2019,434.34
5/13/2019,431.47
5/14/2019,436.89
5/15/2019,439.63
5/16/2019,445.15
5/17/2019,443
5/20/2019,443.49
5/21/2019,443.12
5/22/2019,436.07
5/23/2019,422.69
5/24/2019,427.13
5/28/2019,432
5/29/2019,429.51
5/30/2019,421.88
5/31/2019,407.76
6/3/2019,405.26
6/4/2019,406.96
6/5/2019,398.56
6/6/2019,402.93
6/7/2019,407.17
6/10/2019,405.67
6/11/2019,407.35
6/12/2019,399.78
6/13/2019,405.01
6/14/2019,406.96
6/17/2019,404.56
6/18/2019,410.41
6/19/2019,408.49
6/20/2019,420.16
6/21/2019,421.16
6/24/2019,422.81
6/25/2019,424.63
6/26/2019,430.87
6/27/2019,430.55
6/28/2019,425.36
7/1/2019,425.44
7/2/2019,414.5
7/3/2019,421
7/5/2019,422.34
7/8/2019,421.54
7/9/2019,422.35
7/10/2019,434.12
7/11/2019,433.6
7/12/2019,434.63
7/15/2019,430.93
7/16/2019,423.02
7/17/2019,419.89
7/18/2019,412.6
7/19/2019,415.92
7/22/2019,416.86
7/23/2019,419.74
7/24/2019,417.72
7/25/2019,417.46
7/26/2019,416.69
7/29/2019,418.52
7/30/2019,421.65
7/31/2019,422.44
8/1/2019,403.17
8/2/2019,407.67
8/5/2019,401.9
8/6/2019,397.52
8/7/2019,387.47
8/8/2019,394.25
8/9/2019,399.73
8/12/2019,397.15
8/13/2019,405.55
8/14/2019,398.07
8/15/2019,394.52
8/16/2019,395.88
8/19/2019,399.34
8/20/2019,399.86
8/21/2019,400.02
8/22/2019,397.98
8/23/2019,393.36
8/26/2019,392.51
8/27/2019,396.03
8/28/2019,400.37
8/29/2019,403.61
8/30/2019,397.06
9/3/2019,392.44
9/4/2019,403.72
9/5/2019,404.27
9/6/2019,404.47
9/9/2019,409.68
9/10/2019,410.39
9/11/2019,404.2
9/12/2019,403.44
9/13/2019,403.83
9/16/2019,436.08
9/17/2019,420.65
9/18/2019,417.01
9/19/2019,418.52
9/20/2019,417.41
9/23/2019,420.38
9/24/2019,414.8
9/25/2019,411.72
9/26/2019,411.39
9/27/2019,409.6
9/30/2019,403.61
10/1/2019,402.31
10/2/2019,397.18
10/3/2019,397.36
10/4/2019,399.47
10/7/2019,399.21
10/8/2019,399.49
10/9/2019,400.18
10/10/2019,402.16
10/11/2019,409.42
10/14/2019,405.25
10/15/2019,403.38
10/16/2019,405.32
10/17/2019,407.09
10/18/2019,406.7
10/21/2019,404.01
10/22/2019,406.9
10/23/2019,412.75
10/24/2019,414.49
10/25/2019,416.23
10/28/2019,414.03
10/29/2019,413.97
10/30/2019,411.73
10/31/2019,407.51
11/1/2019,416.88
11/4/2019,419.2
11/5/2019,421.93
11/6/2019,416.93
11/7/2019,418.7
11/8/2019,419.11
11/11/2019,416.52
11/12/2019,417.32
11/13/2019,418.03
11/14/2019,417.15
11/15/2019,420.5
11/18/2019,415.65
11/19/2019,409.67
11/20/2019,415.38
11/21/2019,420.82
11/22/2019,418.93
11/25/2019,420.02
11/26/2019,422.06
11/27/2019,420.34
11/29/2019,409.19
12/2/2019,410.79
12/3/2019,410.75
12/4/2019,418.75
12/5/2019,419.66
12/6/2019,422.74
12/9/2019,421.64
12/10/2019,423.2
12/11/2019,420.28
12/12/2019,423.64
12/13/2019,428.05
12/16/2019,431.09
12/17/2019,433.8
12/18/2019,433.11
12/19/2019,434.96
12/20/2019,433.3
12/23/2019,433.04
12/24/2019,435.99
12/26/2019,439.7
12/27/2019,440.27
12/30/2019,439.58
12/31/2019,436.22
1/2/2020,436.82
1/3/2020,443.35
1/6/2020,444.63
1/7/2020,442.35
1/8/2020,431.04
1/9/2020,430.6
1/10/2020,430.12
1/13/2020,426.27
1/14/2020,427.72
1/15/2020,425.45
1/16/2020,425.84
1/17/2020,426.91
1/21/2020,425.14
1/22/2020,418.53
1/23/2020,413.65
1/24/2020,406.27
1/27/2020,398.34
1/28/2020,400.39
1/29/2020,398.75
1/30/2020,392.02
1/31/2020,388.8
2/3/2020,381.35
2/4/2020,380.33
2/5/2020,386.28
2/6/2020,387.19
2/7/2020,386.2
2/10/2020,382.18
2/11/2020,384.56
2/12/2020,392.04
2/13/2020,394.01
2/14/2020,396.23
2/18/2020,398.34
2/19/2020,403.64
2/20/2020,403.22
2/21/2020,400.54
2/24/2020,389.26
2/25/2020,382.82
2/26/2020,376.2
2/27/2020,367.9
2/28/2020,358.44
3/2/2020,368.82
3/3/2020,371.06
3/4/2020,370.11
3/5/2020,365.27
3/6/2020,345.14
3/9/2020,305.29
3/10/2020,318.91
3/11/2020,313.29
3/12/2020,300.45
3/13/2020,298.4
3/16/2020,279
3/17/2020,273.87
3/18/2020,251.02
3/19/2020,269.53
3/20/2020,261.59
3/23/2020,263.63
3/24/2020,270.58
3/25/2020,273.38
3/26/2020,266.17
3/27/2020,261.54
3/30/2020,254.64
3/31/2020,255.54
4/1/2020,247.12
4/2/2020,263.95
4/3/2020,275.44
4/6/2020,271.7
4/7/2020,270.56
4/8/2020,277.08
4/9/2020,276.41
4/13/2020,280.12
4/14/2020,278.54
4/15/2020,270.95
4/16/2020,270.66
4/17/2020,270.57
4/20/2020,258.69
4/21/2020,228.24
4/22/2020,236.8
4/23/2020,243.35
4/24/2020,241.45
4/27/2020,230.45
4/28/2020,239.97
4/29/2020,246.03
4/30/2020,257.04
5/1/2020,256.49
5/4/2020,259.09
5/5/2020,274.17
5/6/2020,268.76
5/7/2020,271.34
5/8/2020,278.13
5/11/2020,274.1
5/12/2020,276.84
5/13/2020,272.9
5/14/2020,279.94
5/15/2020,285.15
5/18/2020,296.36
5/19/2020,296.49
5/20/2020,301.52
5/21/2020,301.52
5/22/2020,297.92
5/26/2020,303.49
5/27/2020,297.3
5/28/2020,299.51
5/29/2020,307.08
6/1/2020,307.35
6/2/2020,312.67
6/3/2020,313.91
6/4/2020,316
6/5/2020,325.54
6/8/2020,321.63
6/9/2020,324.41
6/10/2020,327.43
6/11/2020,314.79
6/12/2020,314.28
6/15/2020,317.2
6/16/2020,322.31
6/17/2020,321.63
6/18/2020,324.4
6/19/2020,327.64
6/22/2020,330.63
6/23/2020,329.77
6/24/2020,319.02
6/25/2020,320.22
6/26/2020,318.09
6/29/2020,324.51
6/30/2020,325.48
7/1/2020,328.74
7/2/2020,332.86
7/6/2020,334.28
7/7/2020,335.18
7/8/2020,337.25
7/9/2020,333.88
7/10/2020,337.9
7/13/2020,336.24
7/14/2020,335.75
7/15/2020,339.95
7/16/2020,338.3
7/17/2020,337.46
7/20/2020,337.3
7/21/2020,343.2
7/22/2020,343.67
7/23/2020,341.66
7/24/2020,342.01
7/27/2020,342.56
7/28/2020,341.36
7/29/2020,343.38
7/30/2020,337.76
7/31/2020,339.82
8/3/2020,344.71
8/4/2020,346.67
8/5/2020,350.3
8/6/2020,349.28
8/7/2020,345.15
8/10/2020,348.77
8/11/2020,347.09
8/12/2020,351.82
8/13/2020,352.05
8/14/2020,352.17
8/17/2020,357.21
8/18/2020,358.23
8/19/2020,358.53
8/20/2020,356.31
8/21/2020,353.36
8/24/2020,356.18
8/25/2020,360.04
8/26/2020,359.87
8/27/2020,358.83
8/28/2020,359.95
8/31/2020,358.21
9/1/2020,359.76
9/2/2020,353.72
9/3/2020,350.86
9/4/2020,347.11
9/8/2020,335.58
9/9/2020,341.06
9/10/2020,339.76
9/11/2020,341.05
9/14/2020,342.49
9/15/2020,345.14
9/16/2020,351.99
9/17/2020,356.23
9/18/2020,358.03
9/21/2020,347.36
9/22/2020,347.96
9/23/2020,347.73
9/24/2020,348.47
9/25/2020,348.23
9/28/2020,350.56
9/29/2020,344.88
9/30/2020,350.18
10/1/2020,343.47
10/2/2020,337.48
10/5/2020,347.38
10/6/2020,353.74
10/7/2020,353.48
10/8/2020,359.08
10/9/2020,360.58
10/12/2020,355.79
10/13/2020,358.41
10/14/2020,362.2
10/15/2020,363.22
10/16/2020,362.61
10/19/2020,362.14
10/20/2020,364.79
10/21/2020,360.11
10/22/2020,361.48
10/23/2020,358.77
10/26/2020,353.14
10/27/2020,357.26
10/28/2020,346.56
10/29/2020,341.16
10/30/2020,340.78
11/2/2020,345
11/3/2020,348.47
11/4/2020,354.79
11/5/2020,354.9
11/6/2020,349.62
11/9/2020,361.29
11/10/2020,368.94
11/11/2020,369.68
11/12/2020,368.35
11/13/2020,364.5
11/16/2020,369.03
11/17/2020,369.95
11/18/2020,372.68
11/19/2020,370.19
11/20/2020,373.87
11/23/2020,377.49
11/24/2020,385.7
11/25/2020,387.57
11/27/2020,388.06
11/30/2020,385.59
12/1/2020,383.56
12/2/2020,386.27
12/3/2020,386.68
12/4/2020,388.55
12/7/2020,386.37
12/8/2020,385.52
12/9/2020,387.12
12/10/2020,394.37
12/11/2020,393.72
12/14/2020,395.26
12/15/2020,398.36
12/16/2020,400.13
12/17/2020,404.51
12/18/2020,408.02
12/21/2020,402.18
12/22/2020,398.69
12/23/2020,404.54
12/24/2020,404.67
12/28/2020,401.83
12/29/2020,404.68
12/30/2020,407.83
12/31/2020,409.46
1/4/2021,408.05
1/5/2021,420.63
1/6/2021,422.7
1/7/2021,423.35
1/8/2021,427.56
1/11/2021,426.02
1/12/2021,433.55
1/13/2021,433.33
1/14/2021,436.94
1/15/2021,431.74
1/19/2021,432.33
1/20/2021,433.66
1/21/2021,433.36
1/22/2021,427.41
1/25/2021,431.49
1/26/2021,433.84
1/27/2021,433.31
1/28/2021,430.55
1/29/2021,430.99
2/1/2021,437.28
2/2/2021,441
2/3/2021,445.62
2/4/2021,447.25
2/5/2021,450.61
2/8/2021,457.73
2/9/2021,459.65
2/10/2021,459.49
2/11/2021,458.74
2/12/2021,463.95
2/16/2021,470.27
2/17/2021,473.15
2/18/2021,472.78
2/19/2021,470.09
2/22/2021,480.9
2/23/2021,481.16
2/24/2021,489.3
2/25/2021,488.67
2/26/2021,476.99
3/1/2021,472.62
3/2/2021,471.96
3/3/2021,474.61
3/4/2021,481.35
3/5/2021,491.43
3/8/2021,487.62
3/9/2021,484.87
3/10/2021,485.46
3/11/2021,493.41
3/12/2021,492.22
3/15/2021,491.91
3/16/2021,490.18
3/17/2021,488.61
3/18/2021,469.28
3/19/2021,475.1
3/22/2021,475.63
3/23/2021,461.39
3/24/2021,474.22
3/25/2021,462.3
3/26/2021,474.01
3/29/2021,474.58
3/30/2021,468.96
3/31/2021,467.41
4/1/2021,474.02
4/5/2021,464.33
4/6/2021,468.57
4/7/2021,469.95
4/8/2021,472.66
4/9/2021,471.16
4/12/2021,470.38
4/13/2021,473.69
4/14/2021,487.52
4/15/2021,490.15
4/16/2021,488.72
4/19/2021,490.58
4/20/2021,489.32
4/21/2021,487.19
4/22/2021,490.26
4/23/2021,494.1
4/26/2021,497.81
4/27/2021,501.96
4/28/2021,504.92
4/29/2021,508.65
4/30/2021,505.85
5/3/2021,509.63
5/4/2021,516.52
5/5/2021,519.21
5/6/2021,518.86
5/7/2021,523.03
5/10/2021,520.84
5/11/2021,524.41
5/12/2021,526.65
5/13/2021,511.52
5/14/2021,515
5/17/2021,520.92
5/18/2021,519.43
5/19/2021,507.45
5/20/2021,502.43
5/21/2021,506.4
5/24/2021,514.25
5/25/2021,512.51
5/26/2021,513.9
5/27/2021,521.12
5/28/2021,519.23
6/1/2021,528.08
6/2/2021,531.23
6/3/2021,527.04
6/4/2021,533.74
6/7/2021,529.65
6/8/2021,532.74
6/9/2021,531.92
6/10/2021,532.62
6/11/2021,532.03
6/14/2021,529.53
6/15/2021,529.68
6/16/2021,529.98
6/17/2021,515.51
6/18/2021,520.03
6/21/2021,525.52
6/22/2021,525.35
6/23/2021,528.35
6/24/2021,528.63
6/25/2021,529.97
6/28/2021,528.86
6/29/2021,530.03
6/30/2021,535.98
7/1/2021,540.53
7/2/2021,541.46
7/6/2021,528.83
7/7/2021,523.84
7/8/2021,524.96
7/9/2021,531.76
7/12/2021,531.75
7/13/2021,536.72
7/14/2021,531.43
7/15/2021,527.34
7/16/2021,528.17
7/19/2021,506.51
7/20/2021,512.63
7/21/2021,525.44
7/22/2021,531.69
7/23/2021,532.48
7/26/2021,535.33
7/27/2021,532.92
7/28/2021,535.58
7/29/2021,543.34
7/30/2021,541.13
8/2/2021,533.45
8/3/2021,530.15
8/4/2021,521.9
8/5/2021,526.04
8/6/2021,522.34
8/9/2021,512.53
8/10/2021,521.33
8/11/2021,525.08
8/12/2021,525.87
8/13/2021,524.74
8/16/2021,520.52
8/17/2021,515.43
8/18/2021,511.29
8/19/2021,500.4
8/20/2021,494.43
8/23/2021,510.65
8/24/2021,520.1
8/25/2021,524.33
8/26/2021,521.59
8/27/2021,529.1
8/30/2021,529.7
8/31/2021,527.37
9/1/2021,526.09
9/2/2021,532.64
9/3/2021,531.87
9/7/2021,525.1
9/8/2021,528.84
9/9/2021,525.1
9/10/2021,531.43
9/13/2021,533.38
9/14/2021,533.92
9/15/2021,545.01
9/16/2021,542.58
9/17/2021,538.85
9/20/2021,529.55
9/21/2021,529.1
9/22/2021,539.31
9/23/2021,546.01
9/24/2021,549.72
9/27/2021,558.69
9/28/2021,557.61
9/29/2021,554.51
9/30/2021,557.71
10/1/2021,561.91
10/4/2021,571.16
10/5/2021,579.28
10/6/2021,569.16
10/7/2021,573.86
10/8/2021,576.88
10/11/2021,581.23
10/12/2021,579.49
10/13/2021,579.2
10/14/2021,585.92
10/15/2021,591.73
10/18/2021,588.41
10/19/2021,589.88
10/20/2021,595.78
10/21/2021,585.83
10/22/2021,590.06
10/25/2021,596.52
10/26/2021,598.07
10/27/2021,590
10/28/2021,589.2
10/29/2021,588.21
11/1/2021,592.38
11/2/2021,592.95
11/3/2021,580.72
11/4/2021,573.62
11/5/2021,580.26
11/8/2021,582.56
11/9/2021,586.55
11/10/2021,579.21
11/11/2021,582.57
11/12/2021,579.62
11/15/2021,579.94
11/16/2021,580.36
11/17/2021,572.28
11/18/2021,575.03
11/19/2021,567.13
11/22/2021,571.35
11/23/2021,580.47
11/24/2021,581.01
11/26/2021,539.93
11/29/2021,542.48
11/30/2021,522.44
12/1/2021,521.29
12/2/2021,524.19
12/3/2021,525.15
12/6/2021,534.31
12/7/2021,544.61
12/8/2021,547.27
12/9/2021,541.61
12/10/2021,544.33
12/13/2021,541.82
12/14/2021,538.86
12/15/2021,536.29
12/16/2021,546.07
12/17/2021,540.29
12/20/2021,530.68
12/21/2021,544.64
12/22/2021,553.86
12/23/2021,558.35
12/27/2021,566.53
12/28/2021,566.18
12/29/2021,568.8
12/30/2021,567.97
12/31/2021,561.18
1/3/2022,564.48
1/4/2022,570.98
1/5/2022,575.15
1/6/2022,578.04
1/7/2022,578.11
1/10/2022,574.42
1/11/2022,587.99
1/12/2022,595.55
1/13/2022,590.07
1/14/2022,596.76
1/18/2022,603.72
1/19/2022,610.98
1/20/2022,611.42
1/21/2022,608.88
1/24/2022,601.58
1/25/2022,611.04
1/26/2022,619.55
1/27/2022,616.74
1/28/2022,620.35
1/31/2022,623.78
2/1/2022,626.69
2/2/2022,630.89
2/3/2022,635.03
2/4/2022,643.01
2/7/2022,639.93
2/8/2022,631.7
2/9/2022,636.98
2/10/2022,635.46
2/11/2022,643.08
2/14/2022,652.38
2/15/2022,638.65
2/16/2022,647.98
2/17/2022,641.92
2/18/2022,643.6
2/22/2022,656.22
2/23/2022,658.85
2/24/2022,667.6
2/25/2022,652.62
2/28/2022,673.05
3/1/2022,710.8
3/2/2022,746.07
3/3/2022,745.85
3/4/2022,783.32
3/7/2022,803.75
3/8/2022,822.3
3/9/2022,745.73
3/10/2022,727.48
3/11/2022,740.84
3/14/2022,716.1
3/15/2022,693.01
3/16/2022,684.42
3/17/2022,723.15
3/18/2022,725.61
3/21/2022,755.95
3/22/2022,755
3/23/2022,782.85
3/24/2022,774.76
3/25/2022,781.59
3/28/2022,746.63
3/29/2022,731.81
3/30/2022,750.92
3/31/2022,724.19
4/1/2022,721.21
4/4/2022,737.66
4/5/2022,734.83
4/6/2022,713.61
4/7/2022,709.11
4/8/2022,720.36
4/11/2022,706.81
4/12/2022,734.02
4/13/2022,751.15
4/14/2022,764.9
4/18/2022,776.28
4/19/2022,749.88
4/20/2022,751.05
4/21/2022,754.97
4/22/2022,745
4/25/2022,726.94
4/26/2022,742.03
4/27/2022,749.35
4/28/2022,757.05
4/29/2022,756.75
5/2/2022,760.61
5/3/2022,747.73
5/4/2022,771.37
5/5/2022,774.46
5/6/2022,769.37
5/9/2022,733.73
5/10/2022,723.24
5/11/2022,745.66
5/12/2022,744.53
5/13/2022,759.68
5/16/2022,776.4
5/17/2022,772.38
5/18/2022,754.73
5/19/2022,766.44
5/20/2022,765.76
5/23/2022,772.17
5/24/2022,769.02
5/25/2022,771.9
5/26/2022,785.81
5/27/2022,792.75
5/31/2022,786.45
6/1/2022,793.48
6/2/2022,800.34
6/3/2022,808.3
6/6/2022,816.44
6/7/2022,814.27
6/8/2022,818.63
6/9/2022,816.81
6/10/2022,804.8
6/13/2022,794.07
6/14/2022,781.17
6/15/2022,776.47
6/16/2022,783.07
6/17/2022,753.61
6/21/2022,755.44
6/22/2022,742.01
6/23/2022,724.63
6/24/2022,735.03
6/27/2022,737.16
6/28/2022,744.91
6/29/2022,737.16
6/30/2022,709.23
7/1/2022,719.67
7/5/2022,674.69
7/6/2022,664.15
7/7/2022,691.2
7/8/2022,697.69
7/11/2022,696.31
7/12/2022,657.75
7/13/2022,659.71
7/14/2022,648.09
7/15/2022,658.47
7/18/2022,681.38
7/19/2022,679.94
7/20/2022,681.89
7/21/2022,665.65
7/22/2022,663.45
7/25/2022,672.8
7/26/2022,674.37
7/27/2022,683.99
7/28/2022,683.92
7/29/2022,692.64
8/1/2022,671.69
8/2/2022,666.98
8/3/2022,656.84
8/4/2022,649.47
8/5/2022,649.27
8/8/2022,650.72
8/9/2022,655.16
8/10/2022,664.01
8/11/2022,677.61
8/12/2022,672.69
8/15/2022,659.53
8/16/2022,652.2
8/17/2022,657.55
8/18/2022,665.55
8/19/2022,670.09
8/22/2022,672.33
8/23/2022,684.93
8/24/2022,691.74
8/25/2022,683.94
8/26/2022,688.96
8/29/2022,702.23
8/30/2022,676.1
8/31/2022,665.93
9/1/2022,648.82
9/2/2022,651.45
9/6/2022,647.66
9/7/2022,630.97
9/8/2022,633.8
9/9/2022,649.89
9/12/2022,657.66
9/13/2022,652.61
9/14/2022,653.93
9/15/2022,632.94
9/16/2022,631.58
9/19/2022,634.16
9/20/2022,633.94
9/21/2022,629.97
9/22/2022,631.29
9/23/2022,606.31
9/26/2022,593.92
9/27/2022,601.01
9/28/2022,618.63
9/29/2022,615.79
9/30/2022,607.76
10/3/2022,623.23
10/4/2022,642.03
10/5/2022,650.61
10/6/2022,654.3
10/7/2022,666.73
10/10/2022,658.26
10/11/2022,646.89
10/12/2022,639.93
10/13/2022,647.9
10/14/2022,631.89
10/17/2022,630.92
10/18/2022,620.78
10/19/2022,624.22
10/20/2022,624.6
10/21/2022,625.58
10/24/2022,626.29
10/25/2022,631.02
10/26/2022,642.04
10/27/2022,643.83
10/28/2022,636.53
10/31/2022,636.84
11/1/2022,641.53
11/2/2022,649.27
11/3/2022,644.84
11/4/2022,665.95
11/7/2022,662.5
11/8/2022,649.71
11/9/2022,634.11