Effective date ,Dow Jones Commodity Index Soybeans
11/30/2012,272.49
12/3/2012,275.33
12/4/2012,275.66
12/5/2012,280.16
12/6/2012,282.43
12/7/2012,278.83
12/10/2012,279.37
12/11/2012,278.7
12/12/2012,278.62
12/13/2012,278.88
12/14/2012,282.48
12/17/2012,281.87
12/18/2012,276.61
12/19/2012,271.02
12/20/2012,266.05
12/21/2012,270.69
12/24/2012,271.92
12/26/2012,268.66
12/27/2012,267.8
12/28/2012,268.56
12/31/2012,266.95
1/2/2013,263.68
1/3/2013,262.59
1/4/2013,258.95
1/7/2013,262.97
1/8/2013,262.59
1/9/2013,262.41
1/10/2013,261.32
1/11/2013,260.09
1/14/2013,268.56
1/15/2013,267.71
1/16/2013,272.06
1/17/2013,270.88
1/18/2013,270.69
1/22/2013,274.95
1/23/2013,272.16
1/24/2013,271.83
1/25/2013,272.92
1/28/2013,274.2
1/29/2013,274.95
1/30/2013,280.07
1/31/2013,278.13
2/1/2013,279.21
2/4/2013,281.96
2/5/2013,283.24
2/6/2013,281.72
2/7/2013,281.07
2/8/2013,273.9
2/11/2013,269.5
2/12/2013,267.38
2/13/2013,267.71
2/14/2013,266.76
2/15/2013,267.95
2/19/2013,275.99
2/20/2013,278.13
2/21/2013,278.5
2/22/2013,273.44
2/25/2013,271.83
2/26/2013,271.16
2/27/2013,272.63
2/28/2013,275.05
3/1/2013,273.39
3/4/2013,276.89
3/5/2013,277.75
3/6/2013,277.65
3/7/2013,279.07
3/8/2013,278.6
3/11/2013,280.21
3/12/2013,278.17
3/13/2013,274.05
3/14/2013,271.88
3/15/2013,270.08
3/18/2013,266.95
3/19/2013,266.43
3/20/2013,268.89
3/21/2013,274.43
3/22/2013,272.82
3/25/2013,272.21
3/26/2013,274.2
3/27/2013,275.33
3/28/2013,266.05
4/1/2013,263.4
4/2/2013,264.02
4/3/2013,261.41
4/4/2013,259.85
4/5/2013,257.23
4/8/2013,259.47
4/9/2013,261.54
4/10/2013,259.95
4/11/2013,259.14
4/12/2013,261.22
4/15/2013,256.82
4/16/2013,260.46
4/17/2013,261.36
4/18/2013,263.26
4/19/2013,261.84
4/22/2013,258.38
4/23/2013,257.29
4/24/2013,254.78
4/25/2013,259.9
4/26/2013,261.55
4/29/2013,266.81
4/30/2013,264.96
5/1/2013,260.04
5/2/2013,259.9
5/3/2013,262.74
5/6/2013,259.33
5/7/2013,261.79
5/8/2013,263.4
5/9/2013,266.81
5/10/2013,264.96
5/13/2013,268.8
5/14/2013,267.95
5/15/2013,267.57
5/16/2013,270.36
5/17/2013,274.34
5/20/2013,277.37
5/21/2013,279.97
5/22/2013,283
5/23/2013,284
5/24/2013,279.59
5/28/2013,285.84
5/29/2013,284.42
5/30/2013,283.29
5/31/2013,285.98
6/3/2013,290.25
6/4/2013,289.54
6/5/2013,290.15
6/6/2013,289.25
6/7/2013,281.94
6/10/2013,271.71
6/11/2013,267.5
6/12/2013,257.49
6/13/2013,246.31
6/14/2013,245.88
6/17/2013,243.47
6/18/2013,244.27
6/19/2013,248.25
6/20/2013,243.37
6/21/2013,241.19
6/24/2013,241.19
6/25/2013,242.14
6/26/2013,241.67
6/27/2013,241.52
6/28/2013,237.12
7/1/2013,235.46
7/2/2013,235.32
7/3/2013,236.88
7/5/2013,232.62
7/8/2013,237.17
7/9/2013,241.71
7/10/2013,243.32
7/11/2013,244.46
7/12/2013,238.12
7/15/2013,239.35
7/16/2013,243.61
7/17/2013,243.09
7/18/2013,239.73
7/19/2013,241.29
7/22/2013,244.03
7/23/2013,238.68
7/24/2013,238.02
7/25/2013,231.82
7/26/2013,232.67
7/29/2013,231.06
7/30/2013,227.84
7/31/2013,228.46
8/1/2013,225.85
8/2/2013,223.77
8/5/2013,224.1
8/6/2013,221.07
8/7/2013,220.79
8/8/2013,224.29
8/9/2013,223.91
8/12/2013,232.05
8/13/2013,232.53
8/14/2013,234.66
8/15/2013,239.68
8/16/2013,238.49
8/19/2013,246.83
8/20/2013,244.41
8/21/2013,246.97
8/22/2013,243.7
8/23/2013,251.52
8/26/2013,263.16
8/27/2013,259.56
8/28/2013,259.99
8/29/2013,259.19
8/30/2013,257.1
9/3/2013,262.64
9/4/2013,256.16
9/5/2013,259
9/6/2013,259.04
9/9/2013,256.91
9/10/2013,256.63
9/11/2013,257.24
9/12/2013,264.39
9/13/2013,261.65
9/16/2013,255.35
9/17/2013,254.26
9/18/2013,255.26
9/19/2013,253.69
9/20/2013,249.1
9/23/2013,247.68
9/24/2013,248.58
9/25/2013,250.33
9/26/2013,249.38
9/27/2013,249.95
9/30/2013,242.95
10/1/2013,240.15
10/2/2013,241.24
10/3/2013,243.99
10/4/2013,245.27
10/7/2013,245.57
10/8/2013,244.01
10/9/2013,243.47
10/10/2013,243.56
10/11/2013,239.82
10/14/2013,240.86
10/15/2013,239.77
10/16/2013,241.43
10/17/2013,244.22
10/18/2013,244.27
10/21/2013,246.31
10/22/2013,245.74
10/23/2013,246.97
10/24/2013,246.92
10/25/2013,244.98
10/28/2013,240.15
10/29/2013,240.67
10/30/2013,241.76
10/31/2013,239.82
11/1/2013,237.03
11/4/2013,237.97
11/5/2013,236.79
11/6/2013,237.69
11/7/2013,239.87
11/8/2013,245.45
11/11/2013,246.4
11/12/2013,248.96
11/13/2013,249.05
11/14/2013,248.77
11/15/2013,242.52
11/18/2013,243.84
11/19/2013,241.71
11/20/2013,241.24
11/21/2013,244.6
11/22/2013,249.91
11/25/2013,251.75
11/26/2013,251.75
11/27/2013,250
11/29/2013,253.13
12/2/2013,250.24
12/3/2013,249.95
12/4/2013,251.8
12/5/2013,251.52
12/6/2013,250.47
12/9/2013,253.21
12/10/2013,251.61
12/11/2013,252.2
12/12/2013,248.39
12/13/2013,248.82
12/16/2013,250.99
12/17/2013,252.79
12/18/2013,248.82
12/19/2013,249.81
12/20/2013,252.08
12/23/2013,249.95
12/24/2013,250.52
12/26/2013,247.21
12/27/2013,248.82
12/30/2013,247.87
12/31/2013,244.79
1/2/2014,240.53
1/3/2014,240.77
1/6/2014,241.81
1/7/2014,241.67
1/8/2014,240.39
1/9/2014,241.24
1/10/2014,242.14
1/13/2014,245.12
1/14/2014,247.54
1/15/2014,249.62
1/16/2014,249.05
1/17/2014,249.34
1/21/2014,242.52
1/22/2014,242.33
1/23/2014,241.86
1/24/2014,243.32
1/27/2014,243.89
1/28/2014,243.47
1/29/2014,240.39
1/30/2014,241.48
1/31/2014,242.95
2/3/2014,244.84
2/4/2014,248.72
2/5/2014,249.29
2/6/2014,251.09
2/7/2014,251.65
2/10/2014,250.04
2/11/2014,251.17
2/12/2014,248.56
2/13/2014,251.99
2/14/2014,250.95
2/18/2014,255.26
2/19/2014,254.17
2/20/2014,255.26
2/21/2014,257.62
2/24/2014,260.42
2/25/2014,262.74
2/26/2014,264.58
2/27/2014,263.26
2/28/2014,267.8
3/3/2014,266.9
3/4/2014,269.51
3/5/2014,269.03
3/6/2014,272.35
3/7/2014,276.09
3/10/2014,268.7
3/11/2014,267.61
3/12/2014,262.69
3/13/2014,264.44
3/14/2014,262.97
3/17/2014,263.59
3/18/2014,268.61
3/19/2014,271.07
3/20/2014,271.54
3/21/2014,266.81
3/24/2014,269.98
3/25/2014,270.45
3/26/2014,272.73
3/27/2014,272.06
3/28/2014,272.06
3/31/2014,277.27
4/1/2014,281.16
4/2/2014,276.94
4/3/2014,279.4
4/4/2014,279.12
4/7/2014,276.71
4/8/2014,279.19
4/9/2014,281.23
4/10/2014,278.19
4/11/2014,274.1
4/14/2014,277.18
4/15/2014,281.72
4/16/2014,285.75
4/17/2014,284.52
4/21/2014,281.68
4/22/2014,278.55
4/23/2014,277.41
4/24/2014,278.41
4/25/2014,283
4/28/2014,284.09
4/29/2014,287.36
4/30/2014,286.51
5/1/2014,276.7
5/2/2014,278.55
5/5/2014,277.13
5/6/2014,276.42
5/7/2014,273.91
5/8/2014,278.31
5/9/2014,281.63
5/12/2014,277.51
5/13/2014,281.01
5/14/2014,281.58
5/15/2014,278.46
5/16/2014,277.46
5/19/2014,281.3
5/20/2014,278.36
5/21/2014,285.09
5/22/2014,287.64
5/23/2014,287.03
5/27/2014,281.96
5/28/2014,283.66
5/29/2014,283.9
5/30/2014,282.81
6/2/2014,284.19
6/3/2014,280.54
6/4/2014,280.78
6/5/2014,276.61
6/6/2014,266.92
6/9/2014,258.31
6/10/2014,250.51
6/11/2014,239.72
6/12/2014,229.59
6/13/2014,231.3
6/16/2014,230.49
6/17/2014,229.55
6/18/2014,229.73
6/19/2014,232.43
6/20/2014,233.24
6/23/2014,233.66
6/24/2014,231.91
6/25/2014,232.77
6/26/2014,235.65
6/27/2014,232.58
6/30/2014,219.18
7/1/2014,217.33
7/2/2014,216.19
7/3/2014,214.68
7/7/2014,213.16
7/8/2014,211.41
7/9/2014,209.04
7/10/2014,207.01
7/11/2014,203.6
7/14/2014,205.73
7/15/2014,205.73
7/16/2014,208.71
7/17/2014,207.2
7/18/2014,205.54
7/21/2014,202.94
7/22/2014,200.33
7/23/2014,203.88
7/24/2014,205.45
7/25/2014,205.21
7/28/2014,209.8
7/29/2014,207.39
7/30/2014,204.78
7/31/2014,204.92
8/1/2014,200.47
8/4/2014,204.45
8/5/2014,201.85
8/6/2014,204.55
8/7/2014,204.17
8/8/2014,205.45
8/11/2014,203.27
8/12/2014,200.66
8/13/2014,198.25
8/14/2014,200
8/15/2014,199.24
8/18/2014,200.33
8/19/2014,199.38
8/20/2014,196.59
8/21/2014,196.64
8/22/2014,197.35
8/25/2014,194.93
8/26/2014,194.7
8/27/2014,193.89
8/28/2014,194.84
8/29/2014,193.99
9/2/2014,195.45
9/3/2014,193.18
9/4/2014,190.01
9/5/2014,193.47
9/8/2014,191
9/9/2014,188.02
9/10/2014,188.21
9/11/2014,185.89
9/12/2014,186.6
9/15/2014,187.41
9/16/2014,185.75
9/17/2014,186.08
9/18/2014,184
9/19/2014,181.25
9/22/2014,177.7
9/23/2014,177.32
9/24/2014,177.41
9/25/2014,174.76
9/26/2014,172.4
9/29/2014,174.91
9/30/2014,172.96
10/1/2014,173.63
10/2/2014,175.09
10/3/2014,172.77
10/6/2014,178.46
10/7/2014,178.49
10/8/2014,177.73
10/9/2014,179.32
10/10/2014,175.93
10/13/2014,180.54
10/14/2014,184.33
10/15/2014,182.01
10/16/2014,184.52
10/17/2014,181.77
10/20/2014,180.35
10/21/2014,184.04
10/22/2014,183.66
10/23/2014,189.39
10/24/2014,186.22
10/27/2014,191.81
10/28/2014,192.23
10/29/2014,198.67
10/30/2014,195.03
10/31/2014,198.72
11/3/2014,195.03
11/4/2014,191.24
11/5/2014,193.04
11/6/2014,194.7
11/7/2014,196.35
11/10/2014,194.27
11/11/2014,201.52
11/12/2014,198.44
11/13/2014,199.53
11/14/2014,193.66
11/17/2014,196.26
11/18/2014,193.8
11/19/2014,190.29
11/20/2014,193.28
11/21/2014,196.78
11/24/2014,195.79
11/25/2014,199.05
11/26/2014,198.3
11/28/2014,192.42
12/1/2014,192.61
12/2/2014,188.59
12/3/2014,189.06
12/4/2014,191.38
12/5/2014,196.44
12/8/2014,198.13
12/9/2014,199.43
12/10/2014,196.44
12/11/2014,198.63
12/12/2014,199.57
12/15/2014,198.11
12/16/2014,195.31
12/17/2014,196.07
12/18/2014,197.59
12/19/2014,196.69
12/22/2014,198.06
12/23/2014,198.06
12/24/2014,196.07
12/26/2014,199.62
12/29/2014,198.63
12/30/2014,197.73
12/31/2014,193.84
1/2/2015,190.81
1/5/2015,197.96
1/6/2015,199.95
1/7/2015,200.05
1/8/2015,198.53
1/9/2015,199.29
1/12/2015,192.42
1/13/2015,190.15
1/14/2015,191.15
1/15/2015,187.69
1/16/2015,187.83
1/20/2015,185.98
1/21/2015,186.27
1/22/2015,184.99
1/23/2015,184.23
1/26/2015,186.27
1/27/2015,184.42
1/28/2015,183.76
1/29/2015,183.38
1/30/2015,182.01
2/2/2015,181.72
2/3/2015,186.93
2/4/2015,184.09
2/5/2015,185.84
2/6/2015,184.62
2/9/2015,185.81
2/10/2015,184.12
2/11/2015,185.63
2/12/2015,186.88
2/13/2015,188.4
2/17/2015,191.62
2/18/2015,189.25
2/19/2015,191.52
2/20/2015,189.82
2/23/2015,189.68
2/24/2015,192.95
2/25/2015,191.43
2/26/2015,194.41
2/27/2015,195.41
3/2/2015,192
3/3/2015,191.71
3/4/2015,188.26
3/5/2015,186.65
3/6/2015,186.55
3/9/2015,188.12
3/10/2015,186.46
3/11/2015,188.02
3/12/2015,187.59
3/13/2015,184.47
3/16/2015,183.57
3/17/2015,180.78
3/18/2015,182.77
3/19/2015,182.15
3/20/2015,184.42
3/23/2015,186.27
3/24/2015,185.94
3/25/2015,185.37
3/26/2015,184.56
3/27/2015,183.19
3/30/2015,183.29
3/31/2015,184.33
4/1/2015,187.45
4/2/2015,186.74
4/6/2015,185.32
4/7/2015,183.9
4/8/2015,184.19
4/9/2015,180.95
4/10/2015,180.72
4/13/2015,180.29
4/14/2015,182.58
4/15/2015,183.29
4/16/2015,183.52
4/17/2015,184
4/20/2015,185.51
4/21/2015,184.99
4/22/2015,184.04
4/23/2015,185.61
4/24/2015,183.85
4/27/2015,184.28
4/28/2015,185.09
4/29/2015,187.12
4/30/2015,184.85
5/1/2015,182.72
5/4/2015,184.9
5/5/2015,186.51
5/6/2015,186.08
5/7/2015,184.66
5/8/2015,184.9
5/11/2015,184.47
5/12/2015,180.97
5/13/2015,181.3
5/14/2015,181.25
5/15/2015,180.54
5/18/2015,180.78
5/19/2015,179.21
5/20/2015,178.27
5/21/2015,177.75
5/22/2015,175.05
5/26/2015,174.72
5/27/2015,175.57
5/28/2015,175.38
5/29/2015,176.89
6/1/2015,175.38
6/2/2015,178.17
6/3/2015,177.13
6/4/2015,179.26
6/5/2015,176.71
6/8/2015,177.02
6/9/2015,177.2
6/10/2015,175.63
6/11/2015,172.11
6/12/2015,171.26
6/15/2015,171.26
6/16/2015,175.66
6/17/2015,177.98
6/18/2015,178.46
6/19/2015,177.98
6/22/2015,181.68
6/23/2015,181.96
6/24/2015,181.06
6/25/2015,185.18
6/26/2015,186.74
6/29/2015,185.61
6/30/2015,196.45
7/1/2015,194.98
7/2/2015,195.12
7/6/2015,192.19
7/7/2015,186.7
7/8/2015,187.17
7/9/2015,192.38
7/10/2015,193.61
7/13/2015,194.79
7/14/2015,194.13
7/15/2015,192.42
7/16/2015,191.48
7/17/2015,190.67
7/20/2015,189.3
7/21/2015,190.29
7/22/2015,188.54
7/23/2015,185.7
7/24/2015,182.77
7/27/2015,176.75
7/28/2015,178.93
7/29/2015,178.65
7/30/2015,179.92
7/31/2015,178.08
8/3/2015,177.18
8/4/2015,178.46
8/5/2015,180.54
8/6/2015,178.65
8/7/2015,182.43
8/10/2015,188.35
8/11/2015,184
8/12/2015,172.35
8/13/2015,175.57
8/14/2015,173.58
8/17/2015,173.67
8/18/2015,171.26
8/19/2015,169.22
8/20/2015,171.83
8/21/2015,168.47
8/24/2015,165.53
8/25/2015,166.24
8/26/2015,163.83
8/27/2015,166.48
8/28/2015,167.71
8/31/2015,168.09
9/1/2015,165.53
9/2/2015,165.53
9/3/2015,164.68
9/4/2015,164.11
9/8/2015,166.52
9/9/2015,165.2
9/10/2015,165.53
9/11/2015,165.58
9/14/2015,167.47
9/15/2015,168.37
9/16/2015,168.04
9/17/2015,167.52
9/18/2015,164.25
9/21/2015,165.58
9/22/2015,163.21
9/23/2015,163.59
9/24/2015,164.39
9/25/2015,168.42
9/28/2015,166.05
9/29/2015,167.47
9/30/2015,168.94
10/1/2015,166.15
10/2/2015,165.58
10/5/2015,167.47
10/6/2015,168.18
10/7/2015,168.9
10/8/2015,167.28
10/9/2015,168.3
10/12/2015,168.84
10/13/2015,173.91
10/14/2015,173.15
10/15/2015,172.16
10/16/2015,170.83
10/19/2015,169.6
10/20/2015,170.64
10/21/2015,172.25
10/22/2015,170.64
10/23/2015,169.7
10/26/2015,167.52
10/27/2015,168.75
10/28/2015,167.19
10/29/2015,166.71
10/30/2015,167.76
11/2/2015,166.43
11/3/2015,166.48
11/4/2015,167.42
11/5/2015,163.64
11/6/2015,164.25
11/9/2015,164.06
11/10/2015,162.03
11/11/2015,163.02
11/12/2015,163.45
11/13/2015,161.98
11/16/2015,162.78
11/17/2015,163.64
11/18/2015,162.45
11/19/2015,162.88
11/20/2015,162.41
11/23/2015,163.68
11/24/2015,163.59
11/25/2015,165.77
11/27/2015,165.34
11/30/2015,166.86
12/1/2015,168.42
12/2/2015,168.99
12/3/2015,169.98
12/4/2015,171.59
12/7/2015,167.23
12/8/2015,166.28
12/9/2015,166.39
12/10/2015,166.79
12/11/2015,165.48
12/14/2015,165.91
12/15/2015,164.35
12/16/2015,163.49
12/17/2015,166.24
12/18/2015,169.08
12/21/2015,168.84
12/22/2015,167.71
12/23/2015,166.81
12/24/2015,165.34
12/28/2015,163.12
12/29/2015,163.97
12/30/2015,164.82
12/31/2015,163.68
1/4/2016,162.12
1/5/2016,162.36
1/6/2016,163.78
1/7/2016,163.73
1/8/2016,163.87
1/11/2016,163.12
1/12/2016,165.63
1/13/2016,166.67
1/14/2016,167.09
1/15/2016,166.48
1/19/2016,167.33
1/20/2016,165.53
1/21/2016,166.38
1/22/2016,166
1/25/2016,166.76
1/26/2016,166
1/27/2016,167.23
1/28/2016,164.35
1/29/2016,167.09
2/1/2016,166.81
2/2/2016,167.85
2/3/2016,166.05
2/4/2016,165.63
2/5/2016,164.44
2/8/2016,163.66
2/9/2016,163.95
2/10/2016,164.02
2/11/2016,166.24
2/12/2016,166
2/16/2016,167.14
2/17/2016,167.66
2/18/2016,167.19
2/19/2016,166.81
2/22/2016,167.47
2/23/2016,165.34
2/24/2016,165.2
2/25/2016,163.92
2/26/2016,163.54
2/29/2016,163.07
3/1/2016,162.5
3/2/2016,163.16
3/3/2016,163.59
3/4/2016,166.38
3/7/2016,167
3/8/2016,167.52
3/9/2016,167.76
3/10/2016,168.42
3/11/2016,169.65
3/14/2016,169.65
3/15/2016,168.94
3/16/2016,169.41
3/17/2016,170.03
3/18/2016,169.98
3/21/2016,170.83
3/22/2016,172.4
3/23/2016,171.45
3/24/2016,172.44
3/28/2016,172.16
3/29/2016,173.48
3/30/2016,172.16
3/31/2016,172.49
4/1/2016,173.91
4/4/2016,173.01
4/5/2016,171.35
4/6/2016,171.97
4/7/2016,171.62
4/8/2016,174.25
4/11/2016,176.77
4/12/2016,178.61
4/13/2016,182.67
4/14/2016,181.11
4/15/2016,182.62
4/18/2016,182.39
4/19/2016,188.4
4/20/2016,192.99
4/21/2016,194.6
4/22/2016,188.68
4/25/2016,191.24
4/26/2016,194.55
4/27/2016,194.79
4/28/2016,194.6
4/29/2016,195.03
5/2/2016,197.68
5/3/2016,195.08
5/4/2016,195.83
5/5/2016,191.71
5/6/2016,195.98
5/9/2016,194.41
5/10/2016,205.3
5/11/2016,204.21
5/12/2016,203.03
5/13/2016,201.7
5/16/2016,201.61
5/17/2016,204.59
5/18/2016,203.65
5/19/2016,202.94
5/20/2016,203.46
5/23/2016,200.47
5/24/2016,199.76
5/25/2016,205.59
5/26/2016,204.5
5/27/2016,205.78
5/31/2016,204.26
6/1/2016,208.29
6/2/2016,216.71
6/3/2016,214.39
6/6/2016,215.58
6/7/2016,215.22
6/8/2016,220.98
6/9/2016,220.09
6/10/2016,220.8
6/13/2016,219.51
6/14/2016,217.66
6/15/2016,215.63
6/16/2016,211.98
6/17/2016,217.47
6/20/2016,214.54
6/21/2016,210.37
6/22/2016,211.51
6/23/2016,208.62
6/24/2016,204.26
6/27/2016,209.23
6/28/2016,212.17
6/29/2016,210.7
6/30/2016,218.42
7/1/2016,215.44
7/5/2016,204.02
7/6/2016,203.27
7/7/2016,194.08
7/8/2016,200.33
7/11/2016,199.81
7/12/2016,205.87
7/13/2016,209.33
7/14/2016,201.18
7/15/2016,200.24
7/18/2016,201.94
7/19/2016,194.65
7/20/2016,191.1
7/21/2016,191.76
7/22/2016,187.17
7/25/2016,183
7/26/2016,184.42
7/27/2016,186.74
7/28/2016,185.23
7/29/2016,189.96
8/1/2016,182.1
8/2/2016,180.49
8/3/2016,180.97
8/4/2016,181.2
8/5/2016,184.56
8/8/2016,186.55
8/9/2016,187.12
8/10/2016,186.03
8/11/2016,186.36
8/12/2016,185.94
8/15/2016,191.15
8/16/2016,190.77
8/17/2016,192.42
8/18/2016,192.14
8/19/2016,190.25
8/22/2016,192.38
8/23/2016,191.95
8/24/2016,190.39
8/25/2016,184.75
8/26/2016,183.19
8/29/2016,182.62
8/30/2016,180.07
8/31/2016,178.6
9/1/2016,178.74
9/2/2016,180.4
9/6/2016,181.77
9/7/2016,184.75
9/8/2016,184.99
9/9/2016,185.65
9/12/2016,182.62
9/13/2016,178.79
9/14/2016,178.55
9/15/2016,180.02
9/16/2016,182.95
9/19/2016,184.19
9/20/2016,187.45
9/21/2016,184.75
9/22/2016,184.94
9/23/2016,180.87
9/26/2016,179.02
9/27/2016,180.4
9/28/2016,179.07
9/29/2016,179.97
9/30/2016,180.68
10/3/2016,184.28
10/4/2016,182.48
10/5/2016,181.2
10/6/2016,181.53
10/7/2016,181.44
10/10/2016,181.31
10/11/2016,181.58
10/12/2016,180.28
10/13/2016,182.72
10/14/2016,183.76
10/17/2016,186.74
10/18/2016,185.84
10/19/2016,187.59
10/20/2016,186.51
10/21/2016,187.93
10/24/2016,189.82
10/25/2016,189.82
10/26/2016,193.37
10/27/2016,194.13
10/28/2016,191.67
10/31/2016,191.62
11/1/2016,188.12
11/2/2016,186.84
11/3/2016,187.41
11/4/2016,187.64
11/7/2016,189.11
11/8/2016,191.52
11/9/2016,187.69
11/10/2016,189.02
11/11/2016,186.74
11/14/2016,186.41
11/15/2016,187.41
11/16/2016,186.7
11/17/2016,187.41
11/18/2016,188.21
11/21/2016,193.23
11/22/2016,195.08
11/23/2016,195.88
11/25/2016,198.11
11/28/2016,200
11/29/2016,197.44
11/30/2016,195.5
12/1/2016,195.03
12/2/2016,194.6
12/5/2016,197.63
12/6/2016,198.44
12/7/2016,199.07
12/8/2016,195.32
12/9/2016,197.75
12/12/2016,197.01
12/13/2016,196.88
12/14/2016,195.93
12/15/2016,196.83
12/16/2016,198.25
12/19/2016,195.45
12/20/2016,192.38
12/21/2016,192.61
12/22/2016,190.15
12/23/2016,188.92
12/27/2016,193.99
12/28/2016,192.52
12/29/2016,191.81
12/30/2016,190.15
1/3/2017,188.45
1/4/2017,192.28
1/5/2017,191.76
1/6/2017,188.4
1/9/2017,190.39
1/10/2017,192
1/11/2017,191.57
1/12/2017,197.02
1/13/2017,198.15
1/17/2017,202.51
1/18/2017,203.6
1/19/2017,202.7
1/20/2017,202.18
1/23/2017,200.33
1/24/2017,200.47
1/25/2017,199.86
1/26/2017,198.77
1/27/2017,198.72
1/30/2017,193.7
1/31/2017,194.03
2/1/2017,196.35
2/2/2017,196.45
2/3/2017,194.51
2/6/2017,196.21
2/7/2017,197.89
2/8/2017,201.32
2/9/2017,200.21
2/10/2017,202.23
2/13/2017,201.85
2/14/2017,200
2/15/2017,202.98
2/16/2017,199.76
2/17/2017,197.59
2/21/2017,196.45
2/22/2017,195.74
2/23/2017,193.66
2/24/2017,193.99
2/27/2017,193.56
2/28/2017,196.16
3/1/2017,199.2
3/2/2017,196.45
3/3/2017,196.5
3/6/2017,196.45
3/7/2017,194.18
3/8/2017,193.51
3/9/2017,191.48
3/10/2017,190.63
3/13/2017,190.53
3/14/2017,189.25
3/15/2017,189.02
3/16/2017,189.68
3/17/2017,189.39
3/20/2017,189.3
3/21/2017,189.68
3/22/2017,189.35
3/23/2017,187.69
3/24/2017,184.8
3/27/2017,184
3/28/2017,184.09
3/29/2017,183.52
3/30/2017,182.39
3/31/2017,179.17
4/3/2017,177.7
4/4/2017,177.6
4/5/2017,178.84
4/6/2017,178.31
4/7/2017,178.84
4/10/2017,179.23
4/11/2017,179.2
4/12/2017,181.16
4/13/2017,183
4/17/2017,182.53
4/18/2017,181.11
4/19/2017,181.91
4/20/2017,181.2
4/21/2017,181.96
4/24/2017,184.04
4/25/2017,182.77
4/26/2017,181.16
4/27/2017,181.3
4/28/2017,181.11
5/1/2017,183.76
5/2/2017,183.48
5/3/2017,184.71
5/4/2017,184.52
5/5/2017,184.28
5/8/2017,182.72
5/9/2017,184.47
5/10/2017,183.76
5/11/2017,183
5/12/2017,182.39
5/15/2017,182.81
5/16/2017,184.9
5/17/2017,184.8
5/18/2017,178.93
5/19/2017,180.49
5/22/2017,181.16
5/23/2017,179.59
5/24/2017,179.59
5/25/2017,177.94
5/26/2017,175.47
5/30/2017,172.87
5/31/2017,173.48
6/1/2017,172.77
6/2/2017,174.48
6/5/2017,174.62
6/6/2017,174.91
6/7/2017,176.47
6/8/2017,178.09
6/9/2017,179.08
6/12/2017,177.43
6/13/2017,177.84
6/14/2017,177.84
6/15/2017,178.79
6/16/2017,179.92
6/19/2017,179.64
6/20/2017,177.79
6/21/2017,175.71
6/22/2017,172.96
6/23/2017,172.54
6/26/2017,173.06
6/27/2017,173.77
6/28/2017,174.57
6/29/2017,175.14
6/30/2017,180.82
7/3/2017,185.75
7/5/2017,188.3
7/6/2017,189.25
7/7/2017,192.33
7/10/2017,196.83
7/11/2017,197.59
7/12/2017,195.83
7/13/2017,187.03
7/14/2017,189.68
7/17/2017,188.92
7/18/2017,189.73
7/19/2017,191.76
7/20/2017,194.51
7/21/2017,193.61
7/24/2017,191.29
7/25/2017,188.02
7/26/2017,189.44
7/27/2017,190.81
7/28/2017,191.86
7/31/2017,190.77
8/1/2017,184.04
8/2/2017,185.13
8/3/2017,181.91
8/4/2017,181.2
8/7/2017,183.66
8/8/2017,184.33
8/9/2017,184.33
8/10/2017,178.08
8/11/2017,178.98
8/14/2017,177.7
8/15/2017,175.05
8/16/2017,175.24
8/17/2017,176.7
8/18/2017,177.6
8/21/2017,177.32
8/22/2017,177.56
8/23/2017,177.65
8/24/2017,179.26
8/25/2017,178.88
8/28/2017,178.27
8/29/2017,177.51
8/30/2017,176.75
8/31/2017,179.02
9/1/2017,179.83
9/5/2017,183.43
9/6/2017,183.9
9/7/2017,183.48
9/8/2017,182.2
9/11/2017,181.82
9/12/2017,180.02
9/13/2017,181.91
9/14/2017,184.85
9/15/2017,183.48
9/18/2017,183.29
9/19/2017,182.86
9/20/2017,183.71
9/21/2017,183.85
9/22/2017,186.41
9/25/2017,183.95
9/26/2017,182.48
9/27/2017,182.86
9/28/2017,181.72
9/29/2017,183.38
10/2/2017,181.3
10/3/2017,180.92
10/4/2017,181.49
10/5/2017,183.38
10/6/2017,184.55
10/9/2017,183.89
10/10/2017,184.12
10/11/2017,184.44
10/12/2017,189.87
10/13/2017,191.34
10/16/2017,189.68
10/17/2017,188.49
10/18/2017,188.45
10/19/2017,188.83
10/20/2017,187.36
10/23/2017,187.69
10/24/2017,186.7
10/25/2017,186.79
10/26/2017,186.08
10/27/2017,186.84
10/30/2017,186.46
10/31/2017,186.51
11/1/2017,187.74
11/2/2017,189.25
11/3/2017,186.88
11/6/2017,188.26
11/7/2017,188.64
11/8/2017,189.11
11/9/2017,186.55
11/10/2017,186.93
11/13/2017,184.52
11/14/2017,183.29
11/15/2017,184.9
11/16/2017,184.09
11/17/2017,187.59
11/20/2017,187.5
11/21/2017,187.31
11/22/2017,188.87
11/24/2017,188.12
11/27/2017,188.64
11/28/2017,188.07
11/29/2017,187.97
11/30/2017,186.7
12/1/2017,188.3
12/4/2017,189.11
12/5/2017,191
12/6/2017,189.91
12/7/2017,188.34
12/8/2017,188.34
12/11/2017,187.39
12/12/2017,186.54
12/13/2017,187.59
12/14/2017,185.37
12/15/2017,185.23
12/18/2017,184.19
12/19/2017,183.1
12/20/2017,182.67
12/21/2017,181.63
12/22/2017,181.87
12/26/2017,183.81
12/27/2017,183.24
12/28/2017,181.2
12/29/2017,182.15
1/2/2018,182.72
1/3/2018,183.48
1/4/2018,183.29
1/5/2018,183.85
1/8/2018,183.1
1/9/2018,182.53
1/10/2018,180.87
1/11/2018,179.92
1/12/2018,181.91
1/16/2018,183.33
1/17/2018,183.48
1/18/2018,184.28
1/19/2018,185.09
1/22/2018,186.41
1/23/2018,186.79
1/24/2018,187.93
1/25/2018,187.93
1/26/2018,186.65
1/29/2018,187.78
1/30/2018,189.44
1/31/2018,188.59
2/1/2018,186.55
2/2/2018,185.37
2/5/2018,183.66
2/6/2018,186.79
2/7/2018,186.6
2/8/2018,187.91
2/9/2018,187.37
2/12/2018,191.35
2/13/2018,193.61
2/14/2018,194.65
2/15/2018,196.02
2/16/2018,195.55
2/20/2018,196.5
2/21/2018,198.01
2/22/2018,197.59
2/23/2018,198.39
2/26/2018,198.11
2/27/2018,198.77
2/28/2018,199.91
3/1/2018,202.27
3/2/2018,202.84
3/5/2018,204.07
3/6/2018,203.55
3/7/2018,201.75
3/8/2018,201.52
3/9/2018,196.83
3/12/2018,197.16
3/13/2018,198.63
3/14/2018,195.5
3/15/2018,197.11
3/16/2018,198.77
3/19/2018,193.66
3/20/2018,194.74
3/21/2018,195.03
3/22/2018,195.03
3/23/2018,194.74
3/26/2018,194.22
3/27/2018,193.09
3/28/2018,192.8
3/29/2018,197.87
4/2/2018,196.12
4/3/2018,196.59
4/4/2018,192.28
4/5/2018,195.31
4/6/2018,196.2
4/9/2018,199.09
4/10/2018,200.03
4/11/2018,200.1
4/12/2018,202.98
4/13/2018,201.7
4/16/2018,199.48
4/17/2018,200.24
4/18/2018,199.48
4/19/2018,198.67
4/20/2018,197.02
4/23/2018,195.5
4/24/2018,195.83
4/25/2018,196.83
4/26/2018,196.88
4/27/2018,200.05
4/30/2018,198.58
5/1/2018,199.48
5/2/2018,197.54
5/3/2018,199.48
5/4/2018,196.35
5/7/2018,191.57
5/8/2018,193.23
5/9/2018,192.38
5/10/2018,193.42
5/11/2018,190.01
5/14/2018,192.76
5/15/2018,192.95
5/16/2018,189.35
5/17/2018,188.45
5/18/2018,189.11
5/21/2018,194.18
5/22/2018,195.17
5/23/2018,196.83
5/24/2018,196.16
5/25/2018,197.25
5/29/2018,195.17
5/30/2018,193.75
5/31/2018,192.9
6/1/2018,193.42
6/4/2018,189.73
6/5/2018,189.63
6/6/2018,188.3
6/7/2018,185.29
6/8/2018,185.12
6/11/2018,182.91
6/12/2018,183.79
6/13/2018,181.58
6/14/2018,179.92
6/15/2018,176.23
6/18/2018,176.42
6/19/2018,172.54
6/20/2018,172.44
6/21/2018,170.74
6/22/2018,173.53
6/25/2018,169.6
6/26/2018,168.09
6/27/2018,168.37
6/28/2018,167.33
6/29/2018,166.67
7/2/2018,164.68
7/3/2018,163.68
7/5/2018,162.07
7/6/2018,169.41
7/9/2018,165.15
7/10/2018,165.06
7/11/2018,160.65
7/12/2018,160.84
7/13/2018,158
7/16/2018,160.18
7/17/2018,161.98
7/18/2018,162.45
7/19/2018,163.16
7/20/2018,163.78
7/23/2018,163.4
7/24/2018,165.39
7/25/2018,165.86
7/26/2018,165.91
7/27/2018,167.66
7/30/2018,168.75
7/31/2018,174.05
8/1/2018,170.79
8/2/2018,169.98
8/3/2018,170.88
8/6/2018,169.22
8/7/2018,171.54
8/8/2018,172.44
8/9/2018,171.21
8/10/2018,163.21
8/13/2018,164.54
8/14/2018,166.62
8/15/2018,164.58
8/16/2018,169.89
8/17/2018,169.08
8/20/2018,169.18
8/21/2018,167.8
8/22/2018,164.82
8/23/2018,161.74
8/24/2018,161.98
8/27/2018,160.65
8/28/2018,157.81
8/29/2018,158.33
8/30/2018,157.48
8/31/2018,159.75
9/4/2018,159.9
9/5/2018,158.71
9/6/2018,158.95
9/7/2018,159.85
9/10/2018,160.09
9/11/2018,157.53
9/12/2018,159.09
9/13/2018,157.81
9/14/2018,157.29
9/17/2018,155.97
9/18/2018,154.17
9/19/2018,157.2
9/20/2018,161.03
9/21/2018,160.46
9/24/2018,159.28
9/25/2018,160.18
9/26/2018,160.98
9/27/2018,161.93
9/28/2018,160.13
10/1/2018,162.45
10/2/2018,164.02
10/3/2018,163.16
10/4/2018,162.74
10/5/2018,165.09
10/8/2018,165.73
10/9/2018,165.01
10/10/2018,163.49
10/11/2018,165.25
10/12/2018,167
10/15/2018,171.54
10/16/2018,170.31
10/17/2018,170.41
10/18/2018,166.24
10/19/2018,164.87
10/22/2018,165.25
10/23/2018,164.96
10/24/2018,163.54
10/25/2018,161.84
10/26/2018,162.45
10/29/2018,161.41
10/30/2018,160.42
10/31/2018,161.32
11/1/2018,167.05
11/2/2018,168.13
11/5/2018,167.76
11/6/2018,167.47
11/7/2018,166.57
11/8/2018,166.48
11/9/2018,167.95
11/12/2018,167.28
11/13/2018,166.34
11/14/2018,167.33
11/15/2018,168.32
11/16/2018,168.99
11/19/2018,165.48
11/20/2018,166.86
11/21/2018,167.23
11/23/2018,166.86
11/26/2018,163.3
11/27/2018,165.81
11/28/2018,168.66
11/29/2018,168.04
11/30/2018,169.46
12/3/2018,171.54
12/4/2018,172.68
12/5/2018,173.01
12/6/2018,172.25
12/7/2018,174.09
12/10/2018,173.29
12/11/2018,174.8
12/12/2018,176.25
12/13/2018,174.34
12/14/2018,173.06
12/17/2018,173.86
12/18/2018,174.38
12/19/2018,172.92
12/20/2018,171.64
12/21/2018,170.03
12/24/2018,169.89
12/26/2018,167.23
12/27/2018,167.14
12/28/2018,169.6
12/31/2018,169.51
1/2/2019,171.78
1/3/2019,172.87
1/4/2019,174.53
1/7/2019,175.05
1/8/2019,173.96
1/9/2019,175
1/10/2019,171.73
1/11/2019,172.4
1/14/2019,171.12
1/15/2019,169.18
1/16/2019,169.41
1/17/2019,171.92
1/18/2019,173.63
1/22/2019,172.21
1/23/2019,173.3
1/24/2019,173.48
1/25/2019,175.24
1/28/2019,174.86
1/29/2019,174.05
1/30/2019,174.43
1/31/2019,173.34
2/1/2019,173.82
2/4/2019,173.96
2/5/2019,174.29
2/6/2019,174.57
2/7/2019,173.49
2/8/2019,174.28
2/11/2019,173.02
2/12/2019,175.93
2/13/2019,176.28
2/14/2019,173.82
2/15/2019,174.53
2/19/2019,173.2
2/20/2019,173.48
2/21/2019,175.05
2/22/2019,174.95
2/25/2019,175.19
2/26/2019,173.67
2/27/2019,173.63
2/28/2019,172.4
3/1/2019,172.63
3/4/2019,173.48
3/5/2019,173.06
3/6/2019,170.83
3/7/2019,170.93
3/8/2019,169.65
3/11/2019,168.56
3/12/2019,169.89
3/13/2019,170.64
3/14/2019,170.17
3/15/2019,172.21
3/18/2019,171.54
3/19/2019,171.21
3/20/2019,171.59
3/21/2019,172.44
3/22/2019,171.16
3/25/2019,171.69
3/26/2019,170.6
3/27/2019,168.09
3/28/2019,168.47
3/29/2019,167.47
4/1/2019,169.6
4/2/2019,170.45
4/3/2019,170.22
4/4/2019,171.69
4/5/2019,170.76
4/8/2019,171.2
4/9/2019,171.7
4/10/2019,172.84
4/11/2019,172.11
4/12/2019,172.11
4/15/2019,172.82
4/16/2019,170.79
4/17/2019,169.03
4/18/2019,169.37
4/22/2019,168.7
4/23/2019,165.81
4/24/2019,164.54
4/25/2019,165.29
4/26/2019,164.2
4/29/2019,163.02
4/30/2019,161.74
5/1/2019,161.32
5/2/2019,159.71
5/3/2019,159.52
5/6/2019,157.24
5/7/2019,157.34
5/8/2019,156.68
5/9/2019,153.93
5/10/2019,153.27
5/13/2019,151.99
5/14/2019,157.48
5/15/2019,158.24
5/16/2019,159.04
5/17/2019,155.63
5/20/2019,157.53
5/21/2019,155.68
5/22/2019,156.91
5/23/2019,155.59
5/24/2019,157.15
5/28/2019,162.12
5/29/2019,165.15
5/30/2019,168.37
5/31/2019,166.24
6/3/2019,166.48
6/4/2019,167
6/5/2019,164.73
6/6/2019,164.54
6/7/2019,163.18
6/10/2019,164.66
6/11/2019,165.89
6/12/2019,170.45
6/13/2019,173.34
6/14/2019,174.91
6/17/2019,177.94
6/18/2019,178.08
6/19/2019,175.9
6/20/2019,178.22
6/21/2019,175.66
6/24/2019,176.66
6/25/2019,175.47
6/26/2019,173.91
6/27/2019,172.77
6/28/2019,174.81
7/1/2019,172.06
7/2/2019,170.22
7/3/2019,172.11
7/5/2019,169.41
7/8/2019,170.03
7/9/2019,171.26
7/10/2019,172.87
7/11/2019,173.72
7/12/2019,176.42
7/15/2019,174.24
7/16/2019,171.59
7/17/2019,170.55
7/18/2019,170.27
7/19/2019,174.1
7/22/2019,171.54
7/23/2019,171.16
7/24/2019,172.02
7/25/2019,170.41
7/26/2019,170.64
7/29/2019,171.26
7/30/2019,169.84
7/31/2019,166.95
8/1/2019,163.87
8/2/2019,164.49
8/5/2019,164.54
8/6/2019,163.97
8/7/2019,164.16
8/8/2019,167.23
8/9/2019,168.89
8/12/2019,166.52
8/13/2019,168.37
8/14/2019,166.29
8/15/2019,164.91
8/16/2019,166.62
8/19/2019,164.11
8/20/2019,164.44
8/21/2019,165.34
8/22/2019,164.54
8/23/2019,162.22
8/26/2019,164.25
8/27/2019,162.74
8/28/2019,163.97
8/29/2019,164.49
8/30/2019,164.58
9/3/2019,164.49
9/4/2019,165.81
9/5/2019,163.16
9/6/2019,162.45
9/9/2019,162.45
9/10/2019,165.15
9/11/2019,164.11
9/12/2019,169.6
9/13/2019,170.22
9/16/2019,170.45
9/17/2019,169.27
9/18/2019,168.32
9/19/2019,169.13
9/20/2019,167.19
9/23/2019,169.03
9/24/2019,169.37
9/25/2019,168.42
9/26/2019,168.28
9/27/2019,167.23
9/30/2019,171.59
10/1/2019,174.15
10/2/2019,173.06
10/3/2019,172.68
10/4/2019,173.53
10/7/2019,173.88
10/8/2019,175.45
10/9/2019,176.57
10/10/2019,177.03
10/11/2019,180.02
10/14/2019,180.87
10/15/2019,179.64
10/16/2019,178.46
10/17/2019,179.02
10/18/2019,179.45
10/21/2019,179.31
10/22/2019,179.59
10/23/2019,179.59
10/24/2019,179.36
10/25/2019,176.99
10/28/2019,177.18
10/29/2019,176.8
10/30/2019,176.23
10/31/2019,176.56
11/1/2019,177.41
11/4/2019,177.65
11/5/2019,176.94
11/6/2019,175.66
11/7/2019,177.37
11/8/2019,176.33
11/11/2019,173.67
11/12/2019,173.67
11/13/2019,173.34
11/14/2019,173.63
11/15/2019,173.91
11/18/2019,172.4
11/19/2019,172.63
11/20/2019,171.4
11/21/2019,170.64
11/22/2019,169.89
11/25/2019,169.03
11/26/2019,167.47
11/27/2019,167.05
11/29/2019,166.05
12/2/2019,164.87
12/3/2019,164.96
12/4/2019,166.29
12/5/2019,167.47
12/6/2019,169.01
12/9/2019,171.03
12/10/2019,172.31
12/11/2019,171.42
12/12/2019,172.82
12/13/2019,174.53
12/16/2019,177.27
12/17/2019,178.17
12/18/2019,178.13
12/19/2019,177.32
12/20/2019,177.7
12/23/2019,178.46
12/24/2019,178.93
12/26/2019,179.26
12/27/2019,178.31
12/30/2019,180.4
12/31/2019,180.97
1/2/2020,181.11
1/3/2020,178.31
1/6/2020,178.93
1/7/2020,178.79
1/8/2020,179.4
1/9/2020,178.69
1/10/2020,179.17
1/13/2020,178.46
1/14/2020,178.46
1/15/2020,175.9
1/16/2020,175
1/17/2020,176.09
1/21/2020,173.48
1/22/2020,173.06
1/23/2020,172.25
1/24/2020,170.83
1/27/2020,169.93
1/28/2020,169.51
1/29/2020,169.13
1/30/2020,165.96
1/31/2020,165.25
2/3/2020,166.1
2/4/2020,166.57
2/5/2020,166.67
2/6/2020,166.86
2/7/2020,167.54
2/10/2020,168.46
2/11/2020,168.99
2/12/2020,170.7
2/13/2020,171.59
2/14/2020,171.07
2/18/2020,170.88
2/19/2020,171.5
2/20/2020,170.64
2/21/2020,170.27
2/24/2020,167.14
2/25/2020,168.23
2/26/2020,168.94
2/27/2020,169.51
2/28/2020,169.08
3/2/2020,170.64
3/3/2020,171.12
3/4/2020,171.83
3/5/2020,169.89
3/6/2020,168.8
3/9/2020,164.77
3/10/2020,165.96
3/11/2020,165.39
3/12/2020,162.78
3/13/2020,160.75
3/16/2020,155.63
3/17/2020,156.11
3/18/2020,156.34
3/19/2020,159.71
3/20/2020,163.35
3/23/2020,167.42
3/24/2020,167.95
3/25/2020,166.95
3/26/2020,166.71
3/27/2020,166.95
3/30/2020,167.09
3/31/2020,167.8
4/1/2020,163.4
4/2/2020,162.64
4/3/2020,161.79
4/6/2020,162.03
4/7/2020,162.12
4/8/2020,162.39
4/9/2020,164.39
4/13/2020,163
4/14/2020,162.03
4/15/2020,161.32
4/16/2020,160.18
4/17/2020,159.52
4/20/2020,158.38
4/21/2020,159.23
4/22/2020,159.56
4/23/2020,160.37
4/24/2020,159
4/27/2020,158.43
4/28/2020,157.58
4/29/2020,158.62
4/30/2020,161.98
5/1/2020,160.89
5/4/2020,158.43
5/5/2020,159
5/6/2020,157.67
5/7/2020,159.9
5/8/2020,161.08
5/11/2020,161.93
5/12/2020,161.36
5/13/2020,159
5/14/2020,158.52
5/15/2020,158.81
5/18/2020,160.04
5/19/2020,159.56
5/20/2020,160.37
5/21/2020,158.14
5/22/2020,157.81
5/26/2020,160.42
5/27/2020,160.7
5/28/2020,160.42
5/29/2020,159.23
6/1/2020,159.19
6/2/2020,161.08
6/3/2020,162.41
6/4/2020,164.35
6/5/2020,164.79
6/8/2020,164.78
6/9/2020,165
6/10/2020,165.66
6/11/2020,166.05
6/12/2020,166.62
6/15/2020,165.91
6/16/2020,165.34
6/17/2020,166
6/18/2020,165.91
6/19/2020,166.81
6/22/2020,166.52
6/23/2020,165.53
6/24/2020,164.77
6/25/2020,164.44
6/26/2020,163.12
6/29/2020,163.16
6/30/2020,167.09
7/1/2020,170.27
7/2/2020,169.84
7/6/2020,171.64
7/7/2020,170.93
7/8/2020,169.93
7/9/2020,170.74
7/10/2020,168.7
7/13/2020,165.77
7/14/2020,166.19
7/15/2020,167.19
7/16/2020,168.75
7/17/2020,169.51
7/20/2020,170.45
7/21/2020,169.13
7/22/2020,169.6
7/23/2020,170.45
7/24/2020,170.31
7/27/2020,170.41
7/28/2020,168.09
7/29/2020,167.66
7/30/2020,168.23
7/31/2020,169.03
8/3/2020,169.74
8/4/2020,167
8/5/2020,166.43
8/6/2020,166.29
8/7/2020,164.3
8/10/2020,165.39
8/11/2020,165.44
8/12/2020,167.23
8/13/2020,170.36
8/14/2020,170.22
8/17/2020,173.34
8/18/2020,173.06
8/19/2020,173.11
8/20/2020,171.45
8/21/2020,171.35
8/24/2020,171.54
8/25/2020,174.29
8/26/2020,175.05
8/27/2020,178.41
8/28/2020,180.02
8/31/2020,180.59
9/1/2020,180.82
9/2/2020,182.2
9/3/2020,182.95
9/4/2020,183.33
9/8/2020,184.28
9/9/2020,185.37
9/10/2020,185.13
9/11/2020,188.64
9/14/2020,189.3
9/15/2020,187.78
9/16/2020,191.52
9/17/2020,194.79
9/18/2020,197.63
9/21/2020,193.66
9/22/2020,193.13
9/23/2020,192.14
9/24/2020,189.39
9/25/2020,189.87
9/28/2020,188.68
9/29/2020,188.07
9/30/2020,193.84
10/1/2020,193.84
10/2/2020,193.32
10/5/2020,193.47
10/6/2020,197.73
10/7/2020,199.07
10/8/2020,198.71
10/9/2020,201.83
10/12/2020,196.24
10/13/2020,198.3
10/14/2020,200.24
10/15/2020,201.14
10/16/2020,198.91
10/19/2020,199.62
10/20/2020,201.47
10/21/2020,202.94
10/22/2020,203.08
10/23/2020,204.73
10/26/2020,205.21
10/27/2020,203.88
10/28/2020,199.76
10/29/2020,198.96
10/30/2020,200.05
11/2/2020,199.29
11/3/2020,201.56
11/4/2020,205.73
11/5/2020,209.04
11/6/2020,208.62
11/9/2020,210.32
11/10/2020,217.05
11/11/2020,218.28
11/12/2020,216.95
11/13/2020,217.42
11/16/2020,218.47
11/17/2020,221.54
11/18/2020,222.68
11/19/2020,223.01
11/20/2020,223.67
11/23/2020,225.66
11/24/2020,225.62
11/25/2020,224.24
11/27/2020,225.71
11/30/2020,221.31
12/1/2020,220.08
12/2/2020,218.37
12/3/2020,221.26
12/4/2020,220.27
12/7/2020,219.56
12/8/2020,217.43
12/9/2020,219.98
12/10/2020,219.23
12/11/2020,220.83
12/14/2020,222.44
12/15/2020,225.14
12/16/2020,225
12/17/2020,228.31
12/18/2020,231.82
12/21/2020,236.27
12/22/2020,236.74
12/23/2020,238.64
12/24/2020,239.49
12/28/2020,238.12
12/29/2020,245.45
12/30/2020,246.31
12/31/2020,248.3
1/4/2021,248.67
1/5/2021,255.11
1/6/2021,257.86
1/7/2021,256.68
1/8/2021,260.37
1/11/2021,259.94
1/12/2021,268.61
1/13/2021,266.34
1/14/2021,270.93
1/15/2021,268.32
1/19/2021,262.45
1/20/2021,259.38
1/21/2021,259.52
1/22/2021,248.44
1/25/2021,254.45
1/26/2021,259.52
1/27/2021,260.37
1/28/2021,256.3
1/29/2021,259.47
2/1/2021,258.57
2/2/2021,256.58
2/3/2021,259.71
2/4/2021,259.94
2/5/2021,258.82
2/8/2021,262.7
2/9/2021,265.14
2/10/2021,256.21
2/11/2021,258.85
2/12/2021,259.71
2/16/2021,262.45
2/17/2021,262.26
2/18/2021,260.7
2/19/2021,261.36
2/22/2021,262.78
2/23/2021,266.76
2/24/2021,270.03
2/25/2021,266.57
2/26/2021,265.96
3/1/2021,263.49
3/2/2021,267.52
3/3/2021,266.57
3/4/2021,267.14
3/5/2021,270.83
3/8/2021,271.54
3/9/2021,272.73
3/10/2021,267
3/11/2021,267.71
3/12/2021,267.66
3/15/2021,268.84
3/16/2021,269.55
3/17/2021,268.51
3/18/2021,263.68
3/19/2021,268.23
3/22/2021,268.47
3/23/2021,269.55
3/24/2021,271.35
3/25/2021,267.85
3/26/2021,265.25
3/29/2021,263.83
3/30/2021,258.85
3/31/2021,272.11
4/1/2021,265.53
4/5/2021,267.57
4/6/2021,268.7
4/7/2021,266.81
4/8/2021,267.83
4/9/2021,265.36
4/12/2021,261.4
4/13/2021,262.44
4/14/2021,265.58
4/15/2021,267.23
4/16/2021,269.41
4/19/2021,272.06
4/20/2021,276.09
4/21/2021,280.21
4/22/2021,286.79
4/23/2021,287.12
4/26/2021,291.52
4/27/2021,287.78
4/28/2021,286.7
4/29/2021,284.52
4/30/2021,290.58
5/3/2021,288.64
5/4/2021,291.34
5/5/2021,292.09
5/6/2021,297.25
5/7/2021,301.09
5/10/2021,300.66
5/11/2021,305.82
5/12/2021,311.08
5/13/2021,300
5/14/2021,300.43
5/17/2021,300.66
5/18/2021,298.15
5/19/2021,291.34
5/20/2021,290.39
5/21/2021,289.06
5/24/2021,288.4
5/25/2021,286.32
5/26/2021,284.75
5/27/2021,291.1
5/28/2021,289.87
6/1/2021,293.28
6/2/2021,295.93
6/3/2021,293.42
6/4/2021,299.95
6/7/2021,290.95
6/8/2021,289.92
6/9/2021,282.95
6/10/2021,279.62
6/11/2021,272.49
6/14/2021,264.25
6/15/2021,260.13
6/16/2021,254.4
6/17/2021,237.26
6/18/2021,248.67
6/21/2021,249.86
6/22/2021,246.64
6/23/2021,246.26
6/24/2021,244.65
6/25/2021,240.48
6/28/2021,248.58
6/29/2021,248.58
6/30/2021,264.96
7/1/2021,264.3
7/2/2021,264.96
7/6/2021,247.16
7/7/2021,251.37
7/8/2021,249.91
7/9/2021,251.75
7/12/2021,255.73
7/13/2021,256.01
7/14/2021,261.98
7/15/2021,261.36
7/16/2021,263.59
7/19/2021,259.99
7/20/2021,262.97
7/21/2021,263.21
7/22/2021,258
7/23/2021,256.01
7/26/2021,257.15
7/27/2021,257.48
7/28/2021,257.77
7/29/2021,260.94
7/30/2021,255.54
8/2/2021,256.34
8/3/2021,249.95
8/4/2021,251.09
8/5/2021,251.61
8/6/2021,253.17
8/9/2021,251.85
8/10/2021,253.17
8/11/2021,253.79
8/12/2021,253.98
8/13/2021,258.52
8/16/2021,259.14
8/17/2021,257.86
8/18/2021,256.3
8/19/2021,250
8/20/2021,244.46
8/23/2021,244.84
8/24/2021,252.23
8/25/2021,252.41
8/26/2021,251.18
8/27/2021,250.62
8/30/2021,246.83
8/31/2021,244.79
9/1/2021,242
9/2/2021,243.04
9/3/2021,244.7
9/7/2021,241.86
9/8/2021,242.33
9/9/2021,240.63
9/10/2021,243.66
9/13/2021,243.32
9/14/2021,242.9
9/15/2021,245.17
9/16/2021,245.45
9/17/2021,243.18
9/20/2021,239.11
9/21/2021,241.29
9/22/2021,242.95
9/23/2021,243.23
9/24/2021,243.37
9/27/2021,243.84
9/28/2021,241.86
9/29/2021,243.13
9/30/2021,237.88
10/1/2021,236.08
10/4/2021,234.04
10/5/2021,236.84
10/6/2021,235.23
10/7/2021,236.64
10/8/2021,236.27
10/11/2021,233.93
10/12/2021,228.72
10/13/2021,228.41
10/14/2021,230.21
10/15/2021,232.24
10/18/2021,232.77
10/19/2021,234.28
10/20/2021,237.69
10/21/2021,233.62
10/22/2021,233.1
10/25/2021,236.17
10/26/2021,236.27
10/27/2021,236.7
10/28/2021,235.98
10/29/2021,236.65
11/1/2021,236.46
11/2/2021,237.93
11/3/2021,235.65
11/4/2021,231.58
11/5/2021,228.31
11/8/2021,225.09
11/9/2021,229.55
11/10/2021,230.45
11/11/2021,231.34
11/12/2021,235.65
11/15/2021,238.12
11/16/2021,236.98
11/17/2021,241.86
11/18/2021,239.63
11/19/2021,239.25
11/22/2021,241.34
11/23/2021,241.1
11/24/2021,239.87
11/26/2021,237.26
11/29/2021,235.13
11/30/2021,230.54
12/1/2021,232.62
12/2/2021,235.65
12/3/2021,240.01
12/6/2021,238.92
12/7/2021,237.09
12/8/2021,239.41
12/9/2021,240.37
12/10/2021,241.09
12/13/2021,236.88
12/14/2021,239.49
12/15/2021,239.63
12/16/2021,242.09
12/17/2021,244.03
12/20/2021,245.22
12/21/2021,248.63
12/22/2021,252.84
12/23/2021,253.93
12/27/2021,259.75
12/28/2021,259.09
12/29/2021,259.23
12/30/2021,253.5
12/31/2021,253.65
1/3/2022,256.72
1/4/2022,263.21
1/5/2022,264.16
1/6/2022,262.74
1/7/2022,267.09
1/10/2022,262.26
1/11/2022,262.59
1/12/2022,265.01
1/13/2022,260.84
1/14/2022,259.42
1/18/2022,257.81
1/19/2022,263.49
1/20/2022,270.03
1/21/2022,267.85
1/24/2022,265.72
1/25/2022,266.52
1/26/2022,272.73
1/27/2022,274.29
1/28/2022,278.41
1/31/2022,282.29
2/1/2022,289.49
2/2/2022,292.66
2/3/2022,292.47
2/4/2022,294.22
2/7/2022,299.74
2/8/2022,297.42
2/9/2022,302.12
2/10/2022,298.49
2/11/2022,300.43
2/14/2022,298.11
2/15/2022,294.65
2/16/2022,301.37
2/17/2022,302.27
2/18/2022,303.69
2/22/2022,309.66
2/23/2022,316.48
2/24/2022,313.26
2/25/2022,300.09
2/28/2022,309.99
3/1/2022,320.08
3/2/2022,314.96
3/3/2022,315.86
3/4/2022,314.49
3/7/2022,314.3
3/8/2022,320.03
3/9/2022,316.62
3/10/2022,319.37
3/11/2022,317.42
3/14/2022,316.38
3/15/2022,314.16
3/16/2022,312.36
3/17/2022,316
3/18/2022,315.91
3/21/2022,320.27
3/22/2022,321.31
3/23/2022,325.52
3/24/2022,322.11
3/25/2022,323.91
3/28/2022,315.2
3/29/2022,311.17
3/30/2022,315.15
3/31/2022,306.49
4/1/2022,299.76
4/4/2022,303.46
4/5/2022,308.9
4/6/2022,306.72
4/7/2022,310.95
4/8/2022,318.3
4/11/2022,311.85
4/12/2022,314.86
4/13/2022,315.34
4/14/2022,315.39
4/18/2022,320.69
4/19/2022,320.41
4/20/2022,325.19
4/21/2022,325.66
4/22/2022,319.7
4/25/2022,317.28
4/26/2022,316.62
4/27/2022,320.6
4/28/2022,319.08
4/29/2022,319.08
5/2/2022,311.6
5/3/2022,308.81
5/4/2022,310.7
5/5/2022,311.93
5/6/2022,307.2
5/9/2022,300.24
5/10/2022,301.56
5/11/2022,304.31
5/12/2022,305.63
5/13/2022,311.84
5/16/2022,313.73
5/17/2022,317.8
5/18/2022,314.91
5/19/2022,320.17
5/20/2022,322.96
5/23/2022,319.51
5/24/2022,320.64
5/25/2022,318.37
5/26/2022,326.99
5/27/2022,328.08
5/31/2022,318.8
6/1/2022,320.12
6/2/2022,327.51
6/3/2022,321.54
6/6/2022,321.83
6/7/2022,320.56
6/8/2022,316.52
6/9/2022,313.82
6/10/2022,303.73
6/13/2022,290.48
6/14/2022,288.87
6/15/2022,288.54
6/16/2022,292.28
6/17/2022,291.19
6/21/2022,286.08
6/22/2022,279.64
6/23/2022,268.09
6/24/2022,269.74
6/27/2022,271.35
6/28/2022,276.99
6/29/2022,279.97
6/30/2022,276.14
7/1/2022,264.25
7/5/2022,249.24
7/6/2022,250.52
7/7/2022,258.62
7/8/2022,264.49
7/11/2022,266.1
7/12/2022,254.36
7/13/2022,255.59
7/14/2022,253.98
7/15/2022,254.21
7/18/2022,261.41
7/19/2022,257.24
7/20/2022,252.32
7/21/2022,246.5
7/22/2022,249.2
7/25/2022,254.92
7/26/2022,262.07
7/27/2022,267.05
7/28/2022,272.82
7/29/2022,278.13
8/1/2022,266.29
8/2/2022,262.59
8/3/2022,259.42
8/4/2022,268.51
8/5/2022,266.81
8/8/2022,265.15
8/9/2022,270.6
8/10/2022,270.41
8/11/2022,274.34
8/12/2022,275.43
8/15/2022,267.47
8/16/2022,261.55
8/17/2022,263.26
8/18/2022,266.15
8/19/2022,265.91
8/22/2022,271.83
8/23/2022,276.7
8/24/2022,275.95
8/25/2022,271.07
8/26/2022,276.75
8/29/2022,272.3
8/30/2022,271.31
8/31/2022,269.41
9/1/2022,264.16
9/2/2022,269.03
9/6/2022,264.91
9/7/2022,262.03
9/8/2022,262.5
9/9/2022,267.47
9/12/2022,281.87
9/13/2022,280.07
9/14/2022,275.57
9/15/2022,274.91
9/16/2022,274.34
9/19/2022,276.75
9/20/2022,280.07
9/21/2022,276.75
9/22/2022,275.95
9/23/2022,270.03
9/26/2022,267.28
9/27/2022,266.67
9/28/2022,266.81
9/29/2022,267.19
9/30/2022,258.48
10/3/2022,260.23
10/4/2022,262.03
10/5/2022,259.42
10/6/2022,257.2
10/7/2022,259.37
10/10/2022,261.12
10/11/2022,261.99
10/12/2022,265.76
10/13/2022,266.19
10/14/2022,263.78
10/17/2022,263.78
10/18/2022,261.74
10/19/2022,261.88
10/20/2022,265.15
10/21/2022,266
10/24/2022,261.6
10/25/2022,263.68
10/26/2022,263.83
10/27/2022,263.92
10/28/2022,265.2
10/31/2022,268.84
11/1/2022,274.2
11/2/2022,275.38
11/3/2022,272.16
11/4/2022,276.94
11/7/2022,274.67
11/8/2022,273.96
11/9/2022,275
11/10/2022,269.51
11/11/2022,274.62
11/14/2022,272.82
11/15/2022,275.99
11/16/2022,270.69
11/17/2022,268.37
11/18/2022,270.5
11/21/2022,272.11
11/22/2022,270.79
11/23/2022,271.97
11/25/2022,272.02
11/28/2022,275.99
11/29/2022,276.42
11/30/2022,278.31
12/1/2022,270.79
12/2/2022,272.44