Effective date ,Dow Jones Commodity Index Sugar
11/30/2012,257.18
12/3/2012,262.63
12/4/2012,258.51
12/5/2012,260.24
12/6/2012,257.45
12/7/2012,255.45
12/10/2012,249.47
12/11/2012,251.06
12/12/2012,246.54
12/13/2012,246.54
12/14/2012,252.79
12/17/2012,258.11
12/18/2012,257.85
12/19/2012,255.72
12/20/2012,255.98
12/21/2012,255.98
12/24/2012,252.93
12/26/2012,253.32
12/27/2012,258.64
12/28/2012,258.24
12/31/2012,259.44
1/2/2013,261.84
1/3/2013,253.99
1/4/2013,250.66
1/7/2013,250.8
1/8/2013,248.27
1/9/2013,248.94
1/10/2013,252.13
1/11/2013,254.92
1/14/2013,251.33
1/15/2013,247.61
1/16/2013,245.35
1/17/2013,244.95
1/18/2013,244.28
1/22/2013,240.96
1/23/2013,246.01
1/24/2013,245.88
1/25/2013,244.41
1/28/2013,249.07
1/29/2013,244.41
1/30/2013,248.8
1/31/2013,249.73
2/1/2013,251.2
2/4/2013,249.07
2/5/2013,246.81
2/6/2013,241.89
2/7/2013,241.6
2/8/2013,241.54
2/11/2013,245.37
2/12/2013,240.32
2/13/2013,242.02
2/14/2013,236.3
2/15/2013,235.9
2/19/2013,238.83
2/20/2013,241.09
2/21/2013,238.03
2/22/2013,241.36
2/25/2013,240.56
2/26/2013,240.03
2/27/2013,240.43
2/28/2013,244.55
3/1/2013,238.16
3/4/2013,240.43
3/5/2013,241.89
3/6/2013,242.02
3/7/2013,249.6
3/8/2013,249.34
3/11/2013,250.27
3/12/2013,250.27
3/13/2013,250
3/14/2013,250.53
3/15/2013,251.2
3/18/2013,243.22
3/19/2013,243.48
3/20/2013,244.02
3/21/2013,242.15
3/22/2013,242.02
3/25/2013,238.96
3/26/2013,236.44
3/27/2013,237.37
3/28/2013,234.84
4/1/2013,235.24
4/2/2013,233.91
4/3/2013,232.71
4/4/2013,234.97
4/5/2013,234.76
4/8/2013,235.32
4/9/2013,235.64
4/10/2013,237.82
4/11/2013,236.57
4/12/2013,237.23
4/15/2013,233.38
4/16/2013,237.63
4/17/2013,236.57
4/18/2013,234.18
4/19/2013,237.77
4/22/2013,235.9
4/23/2013,234.97
4/24/2013,230.98
4/25/2013,231.12
4/26/2013,231.65
4/29/2013,232.05
4/30/2013,234.04
5/1/2013,230.45
5/2/2013,234.04
5/3/2013,233.11
5/6/2013,236.84
5/7/2013,234.57
5/8/2013,232.31
5/9/2013,232.31
5/10/2013,231.78
5/13/2013,229.39
5/14/2013,226.33
5/15/2013,225.4
5/16/2013,223.8
5/17/2013,224.6
5/20/2013,223.54
5/21/2013,224.2
5/22/2013,221.41
5/23/2013,222.87
5/24/2013,223.94
5/28/2013,222.34
5/29/2013,221.68
5/30/2013,221.41
5/31/2013,220.08
6/3/2013,218.48
6/4/2013,217.82
6/5/2013,217.82
6/6/2013,219.15
6/7/2013,219.39
6/10/2013,219.79
6/11/2013,219.65
6/12/2013,219.39
6/13/2013,219.81
6/14/2013,227.26
6/17/2013,229.39
6/18/2013,226.86
6/19/2013,229.92
6/20/2013,221.54
6/21/2013,225.13
6/24/2013,227.93
6/25/2013,230.59
6/26/2013,230.45
6/27/2013,226.2
6/28/2013,225
7/1/2013,221.94
7/2/2013,219.81
7/3/2013,218.35
7/5/2013,216.22
7/8/2013,217.15
7/9/2013,217.29
7/10/2013,216.09
7/11/2013,214.1
7/12/2013,213.56
7/15/2013,214.89
7/16/2013,212.77
7/17/2013,213.83
7/18/2013,215.16
7/19/2013,216.62
7/22/2013,218.09
7/23/2013,217.29
7/24/2013,214.63
7/25/2013,217.95
7/26/2013,219.02
7/29/2013,225
7/30/2013,225.13
7/31/2013,225.66
8/1/2013,223.8
8/2/2013,223.27
8/5/2013,220.21
8/6/2013,220.08
8/7/2013,223.14
8/8/2013,223.67
8/9/2013,225.8
8/12/2013,228.19
8/13/2013,229.39
8/14/2013,229.39
8/15/2013,228.59
8/16/2013,225.27
8/19/2013,219.81
8/20/2013,219.02
8/21/2013,217.02
8/22/2013,216.49
8/23/2013,219.02
8/26/2013,220.88
8/27/2013,218.88
8/28/2013,218.62
8/29/2013,217.69
8/30/2013,217.29
9/3/2013,219.02
9/4/2013,217.82
9/5/2013,219.55
9/6/2013,223.27
9/9/2013,227.47
9/10/2013,230.85
9/11/2013,232.07
9/12/2013,234.31
9/13/2013,235.11
9/16/2013,233.11
9/17/2013,231.38
9/18/2013,232.45
9/19/2013,235.9
9/20/2013,235.9
9/23/2013,236.17
9/24/2013,238.43
9/25/2013,241.89
9/26/2013,241.89
9/27/2013,235.9
9/30/2013,241.22
10/1/2013,243.62
10/2/2013,246.14
10/3/2013,246.28
10/4/2013,245.74
10/7/2013,247.21
10/8/2013,247.61
10/9/2013,247.21
10/10/2013,248.94
10/11/2013,251.73
10/14/2013,253.32
10/15/2013,248.67
10/16/2013,252.79
10/17/2013,252.66
10/18/2013,259.31
10/21/2013,258.24
10/22/2013,258.64
10/23/2013,256.38
10/24/2013,252.26
10/25/2013,253.06
10/28/2013,251.46
10/29/2013,245.35
10/30/2013,243.62
10/31/2013,243.62
11/1/2013,242.69
11/4/2013,243.62
11/5/2013,242.82
11/6/2013,240.69
11/7/2013,239.89
11/8/2013,240.43
11/11/2013,238.96
11/12/2013,237.63
11/13/2013,236.7
11/14/2013,234.57
11/15/2013,233.38
11/18/2013,236.04
11/19/2013,234.71
11/20/2013,234.04
11/21/2013,232.85
11/22/2013,231.38
11/25/2013,230.32
11/26/2013,230.05
11/27/2013,228.99
11/29/2013,228.06
12/2/2013,225.66
12/3/2013,223.54
12/4/2013,221.81
12/5/2013,221.94
12/6/2013,220.61
12/9/2013,220.08
12/10/2013,221.01
12/11/2013,219.55
12/12/2013,216.76
12/13/2013,216.36
12/16/2013,216.36
12/17/2013,212.23
12/18/2013,211.3
12/19/2013,214.76
12/20/2013,218.75
12/23/2013,215.82
12/24/2013,215.56
12/26/2013,216.62
12/27/2013,218.48
12/30/2013,217.82
12/31/2013,218.22
1/2/2014,216.62
1/3/2014,213.83
1/6/2014,213.83
1/7/2014,213.56
1/8/2014,209.31
1/9/2014,205.85
1/10/2014,207.05
1/13/2014,207.45
1/14/2014,205.98
1/15/2014,202.53
1/16/2014,205.45
1/17/2014,202.39
1/21/2014,202.39
1/22/2014,199.87
1/23/2014,200
1/24/2014,200.93
1/27/2014,196.81
1/28/2014,199.73
1/29/2014,196.01
1/30/2014,199.34
1/31/2014,206.78
2/3/2014,209.31
2/4/2014,213.56
2/5/2014,214.1
2/6/2014,210.77
2/7/2014,209.95
2/10/2014,209.52
2/11/2014,207.74
2/12/2014,213.43
2/13/2014,213.3
2/14/2014,212.63
2/18/2014,219.41
2/19/2014,224.07
2/20/2014,221.94
2/21/2014,226.99
2/24/2014,235.11
2/25/2014,235.11
2/26/2014,234.97
2/27/2014,240.29
2/28/2014,234.84
3/3/2014,236.7
3/4/2014,235.9
3/5/2014,242.42
3/6/2014,243.62
3/7/2014,239.49
3/10/2014,242.29
3/11/2014,239.76
3/12/2014,234.97
3/13/2014,236.97
3/14/2014,229.39
3/17/2014,226.73
3/18/2014,227.93
3/19/2014,230.32
3/20/2014,226.73
3/21/2014,223.8
3/24/2014,223.94
3/25/2014,225.66
3/26/2014,230.85
3/27/2014,237.63
3/28/2014,239.1
3/31/2014,236.3
4/1/2014,228.46
4/2/2014,225.66
4/3/2014,228.46
4/4/2014,230.72
4/7/2014,226.78
4/8/2014,231.49
4/9/2014,231.3
4/10/2014,233.51
4/11/2014,232.18
4/14/2014,230.32
4/15/2014,232.31
4/16/2014,235.24
4/17/2014,230.45
4/21/2014,233.11
4/22/2014,234.31
4/23/2014,239.1
4/24/2014,235.9
4/25/2014,237.37
4/28/2014,233.51
4/29/2014,233.64
4/30/2014,235.64
5/1/2014,236.7
5/2/2014,232.05
5/5/2014,232.31
5/6/2014,228.72
5/7/2014,229.52
5/8/2014,229.26
5/9/2014,228.72
5/12/2014,229.92
5/13/2014,236.7
5/14/2014,242.69
5/15/2014,242.02
5/16/2014,238.16
5/19/2014,236.3
5/20/2014,233.78
5/21/2014,231.91
5/22/2014,231.12
5/23/2014,230.98
5/27/2014,226.33
5/28/2014,227.53
5/29/2014,232.45
5/30/2014,231.12
6/2/2014,228.46
6/3/2014,228.59
6/4/2014,226.6
6/5/2014,223.8
6/6/2014,227.13
6/9/2014,229.95
6/10/2014,231.97
6/11/2014,232.15
6/12/2014,232.85
6/13/2014,237.37
6/16/2014,238.96
6/17/2014,238.16
6/18/2014,244.02
6/19/2014,248.54
6/20/2014,249.34
6/23/2014,248.8
6/24/2014,248.54
6/25/2014,247.47
6/26/2014,249.07
6/27/2014,243.62
6/30/2014,239.49
7/1/2014,236.7
7/2/2014,237.63
7/3/2014,236.84
7/7/2014,232.85
7/8/2014,235.11
7/9/2014,231.65
7/10/2014,229.92
7/11/2014,226.99
7/14/2014,228.59
7/15/2014,228.86
7/16/2014,226.99
7/17/2014,225
7/18/2014,225.66
7/21/2014,229.79
7/22/2014,228.19
7/23/2014,225.53
7/24/2014,226.73
7/25/2014,227.93
7/28/2014,225.27
7/29/2014,221.01
7/30/2014,221.14
7/31/2014,218.88
8/1/2014,217.42
8/4/2014,217.02
8/5/2014,214.49
8/6/2014,217.02
8/7/2014,213.43
8/8/2014,214.63
8/11/2014,215.96
8/12/2014,213.43
8/13/2014,213.03
8/14/2014,211.57
8/15/2014,211.7
8/18/2014,208.51
8/19/2014,205.72
8/20/2014,208.78
8/21/2014,212.63
8/22/2014,207.98
8/25/2014,204.26
8/26/2014,208.91
8/27/2014,207.18
8/28/2014,206.91
8/29/2014,205.98
9/2/2014,210.37
9/3/2014,207.71
9/4/2014,201.2
9/5/2014,199.47
9/8/2014,204.71
9/9/2014,209.57
9/10/2014,210.88
9/11/2014,215.11
9/12/2014,217.02
9/15/2014,216.36
9/16/2014,215.03
9/17/2014,216.09
9/18/2014,212.1
9/19/2014,210.11
9/22/2014,207.98
9/23/2014,209.18
9/24/2014,211.44
9/25/2014,213.83
9/26/2014,220.21
9/29/2014,223.4
9/30/2014,218.75
10/1/2014,213.3
10/2/2014,213.43
10/3/2014,218.62
10/6/2014,225.8
10/7/2014,226.46
10/8/2014,225
10/9/2014,222.07
10/10/2014,220.08
10/13/2014,221.68
10/14/2014,223.54
10/15/2014,219.41
10/16/2014,221.68
10/17/2014,221.01
10/20/2014,221.81
10/21/2014,218.62
10/22/2014,219.41
10/23/2014,214.89
10/24/2014,217.82
10/27/2014,213.16
10/28/2014,214.49
10/29/2014,216.76
10/30/2014,216.76
10/31/2014,213.3
11/3/2014,211.84
11/4/2014,208.51
11/5/2014,206.25
11/6/2014,205.85
11/7/2014,208.64
11/10/2014,208.24
11/11/2014,215.82
11/12/2014,217.55
11/13/2014,212.9
11/14/2014,211.44
11/17/2014,209.71
11/18/2014,208.91
11/19/2014,211.04
11/20/2014,214.1
11/21/2014,213.96
11/24/2014,212.77
11/25/2014,212.77
11/26/2014,214.36
11/28/2014,207.31
12/1/2014,207.31
12/2/2014,202.66
12/3/2014,200.66
12/4/2014,202.26
12/5/2014,201.33
12/8/2014,203.46
12/9/2014,205.05
12/10/2014,205.72
12/11/2014,201.46
12/12/2014,199.2
12/15/2014,198.94
12/16/2014,195.61
12/17/2014,195.74
12/18/2014,199.34
12/19/2014,199.2
12/22/2014,197.61
12/23/2014,197.21
12/24/2014,196.28
12/26/2014,195.48
12/29/2014,194.15
12/30/2014,194.28
12/31/2014,193.09
1/2/2015,188.43
1/5/2015,189.63
1/6/2015,197.74
1/7/2015,196.54
1/8/2015,197.87
1/9/2015,198.27
1/12/2015,196.28
1/13/2015,197.74
1/14/2015,198.54
1/15/2015,204.12
1/16/2015,203.86
1/20/2015,210.51
1/21/2015,211.7
1/22/2015,211.57
1/23/2015,201.73
1/26/2015,204.12
1/27/2015,201.6
1/28/2015,201.6
1/29/2015,197.47
1/30/2015,196.68
2/2/2015,189.1
2/3/2015,192.42
2/4/2015,192.15
2/5/2015,191.62
2/6/2015,193.14
2/9/2015,196.91
2/10/2015,195.45
2/11/2015,194.65
2/12/2015,198.27
2/13/2015,197.34
2/17/2015,200.4
2/18/2015,199.6
2/19/2015,194.68
2/20/2015,190.43
2/23/2015,187.9
2/24/2015,188.16
2/25/2015,183.38
2/26/2015,186.04
2/27/2015,183.11
3/2/2015,181.38
3/3/2015,178.86
3/4/2015,177.39
3/5/2015,178.72
3/6/2015,178.72
3/9/2015,176.46
3/10/2015,173.14
3/11/2015,174.73
3/12/2015,175.66
3/13/2015,168.88
3/16/2015,171.54
3/17/2015,170.48
3/18/2015,169.28
3/19/2015,167.82
3/20/2015,168.62
3/23/2015,169.41
3/24/2015,165.56
3/25/2015,166.49
3/26/2015,164.1
3/27/2015,161.3
3/30/2015,159.44
3/31/2015,158.64
4/1/2015,163.83
4/2/2015,169.41
4/6/2015,166.76
4/7/2015,169.81
4/8/2015,172.26
4/9/2015,169.95
4/10/2015,170.21
4/13/2015,171.3
4/14/2015,173.4
4/15/2015,171.81
4/16/2015,176.99
4/17/2015,175.27
4/20/2015,168.48
4/21/2015,164.63
4/22/2015,167.42
4/23/2015,173.27
4/24/2015,175.4
4/27/2015,177.93
4/28/2015,175.8
4/29/2015,174.87
4/30/2015,175.27
5/1/2015,171.68
5/4/2015,166.36
5/5/2015,169.55
5/6/2015,171.14
5/7/2015,172.34
5/8/2015,178.46
5/11/2015,179.26
5/12/2015,180.59
5/13/2015,172.34
5/14/2015,170.74
5/15/2015,171.41
5/18/2015,169.95
5/19/2015,171.01
5/20/2015,167.42
5/21/2015,166.09
5/22/2015,163.7
5/26/2015,160.64
5/27/2015,157.85
5/28/2015,158.78
5/29/2015,159.31
6/1/2015,162.9
6/2/2015,163.83
6/3/2015,160.24
6/4/2015,161.17
6/5/2015,161.22
6/8/2015,163.78
6/9/2015,163.3
6/10/2015,163.11
6/11/2015,160.11
6/12/2015,160.51
6/15/2015,157.31
6/16/2015,155.32
6/17/2015,156.52
6/18/2015,155.45
6/19/2015,153.59
6/22/2015,158.78
6/23/2015,156.52
6/24/2015,159.84
6/25/2015,157.85
6/26/2015,158.91
6/29/2015,160.51
6/30/2015,165.82
7/1/2015,165.43
7/2/2015,163.56
7/6/2015,165.96
7/7/2015,163.96
7/8/2015,163.7
7/9/2015,158.24
7/10/2015,165.03
7/13/2015,167.02
7/14/2015,168.09
7/15/2015,165.69
7/16/2015,163.16
7/17/2015,159.04
7/20/2015,152.13
7/21/2015,151.86
7/22/2015,151.33
7/23/2015,153.06
7/24/2015,149.47
7/27/2015,149.47
7/28/2015,148.54
7/29/2015,152.39
7/30/2015,149.87
7/31/2015,148.14
8/3/2015,144.81
8/4/2015,146.41
8/5/2015,143.09
8/6/2015,142.29
8/7/2015,141.76
8/10/2015,140.56
8/11/2015,141.22
8/12/2015,140.16
8/13/2015,139.49
8/14/2015,142.02
8/17/2015,141.36
8/18/2015,142.69
8/19/2015,140.82
8/20/2015,141.22
8/21/2015,138.83
8/24/2015,138.16
8/25/2015,140.96
8/26/2015,140.03
8/27/2015,147.07
8/28/2015,145.88
8/31/2015,142.15
9/1/2015,142.42
9/2/2015,142.69
9/3/2015,150.8
9/4/2015,149.87
9/8/2015,149.84
9/9/2015,157.1
9/10/2015,158.16
9/11/2015,163.46
9/14/2015,164.63
9/15/2015,163.7
9/16/2015,163.96
9/17/2015,162.5
9/18/2015,155.59
9/21/2015,155.19
9/22/2015,153.86
9/23/2015,153.59
9/24/2015,157.71
9/25/2015,165.03
9/28/2015,164.63
9/29/2015,165.69
9/30/2015,171.28
10/1/2015,176.33
10/2/2015,179.92
10/5/2015,181.38
10/6/2015,181.25
10/7/2015,185.9
10/8/2015,186.3
10/9/2015,190.69
10/12/2015,189.36
10/13/2015,183.91
10/14/2015,187.37
10/15/2015,187.9
10/16/2015,189.76
10/19/2015,189.63
10/20/2015,186.97
10/21/2015,188.56
10/22/2015,194.15
10/23/2015,189.89
10/26/2015,194.68
10/27/2015,191.76
10/28/2015,194.81
10/29/2015,193.62
10/30/2015,193.09
11/2/2015,200.93
11/3/2015,205.98
11/4/2015,194.68
11/5/2015,196.28
11/6/2015,192.29
11/9/2015,186.04
11/10/2015,195.61
11/11/2015,195.35
11/12/2015,199.07
11/13/2015,200
11/16/2015,201.86
11/17/2015,196.54
11/18/2015,192.42
11/19/2015,198.8
11/20/2015,203.46
11/23/2015,204.92
11/24/2015,199.47
11/25/2015,198.27
11/27/2015,199.07
11/30/2015,198.54
12/1/2015,205.32
12/2/2015,203.99
12/3/2015,207.18
12/4/2015,205.85
12/7/2015,203.46
12/8/2015,199.47
12/9/2015,200.66
12/10/2015,193.48
12/11/2015,193.88
12/14/2015,192.95
12/15/2015,194.02
12/16/2015,194.02
12/17/2015,195.48
12/18/2015,200.8
12/21/2015,199.07
12/22/2015,200
12/23/2015,201.46
12/24/2015,200.27
12/28/2015,196.28
12/29/2015,196.54
12/30/2015,201.46
12/31/2015,202.66
1/4/2016,199.07
1/5/2016,193.75
1/6/2016,191.76
1/7/2016,196.14
1/8/2016,192.29
1/11/2016,188.16
1/12/2016,186.84
1/13/2016,192.42
1/14/2016,197.87
1/15/2016,198.4
1/19/2016,196.14
1/20/2016,188.56
1/21/2016,192.15
1/22/2016,191.76
1/25/2016,187.5
1/26/2016,186.44
1/27/2016,180.59
1/28/2016,176.2
1/29/2016,174.73
2/1/2016,170.61
2/2/2016,172.74
2/3/2016,171.41
2/4/2016,171.41
2/5/2016,176.12
2/8/2016,178.32
2/9/2016,177.74
2/10/2016,177.39
2/11/2016,173.14
2/12/2016,174.47
2/16/2016,175.53
2/17/2016,174.87
2/18/2016,170.88
2/19/2016,168.48
2/22/2016,169.68
2/23/2016,184.84
2/24/2016,184.57
2/25/2016,188.83
2/26/2016,186.17
2/29/2016,190.96
3/1/2016,191.36
3/2/2016,195.08
3/3/2016,197.34
3/4/2016,197.21
3/7/2016,194.95
3/8/2016,197.61
3/9/2016,194.55
3/10/2016,197.07
3/11/2016,201.2
3/14/2016,205.05
3/15/2016,203.72
3/16/2016,205.72
3/17/2016,212.63
3/18/2016,212.37
3/21/2016,216.62
3/22/2016,220.48
3/23/2016,222.21
3/24/2016,211.04
3/28/2016,211.97
3/29/2016,210.9
3/30/2016,211.04
3/31/2016,204.12
4/1/2016,201.86
4/4/2016,194.68
4/5/2016,194.68
4/6/2016,194.41
4/7/2016,192.37
4/8/2016,196.36
4/11/2016,190.08
4/12/2016,189.97
4/13/2016,190.03
4/14/2016,191.09
4/15/2016,202.13
4/18/2016,206.65
4/19/2016,205.05
4/20/2016,210.24
4/21/2016,209.97
4/22/2016,205.72
4/25/2016,211.3
4/26/2016,213.43
4/27/2016,210.64
4/28/2016,208.91
4/29/2016,217.02
5/2/2016,215.56
5/3/2016,216.09
5/4/2016,221.41
5/5/2016,210.64
5/6/2016,209.31
5/9/2016,211.17
5/10/2016,213.03
5/11/2016,223.01
5/12/2016,225.8
5/13/2016,222.61
5/16/2016,224.6
5/17/2016,223.67
5/18/2016,223.54
5/19/2016,222.07
5/20/2016,226.99
5/23/2016,223.4
5/24/2016,220.88
5/25/2016,228.19
5/26/2016,231.65
5/27/2016,232.98
5/31/2016,232.58
6/1/2016,231.52
6/2/2016,240.43
6/3/2016,249.34
6/6/2016,249.73
6/7/2016,252.98
6/8/2016,261.04
6/9/2016,262.98
6/10/2016,262.29
6/13/2016,261.17
6/14/2016,258.24
6/15/2016,263.96
6/16/2016,262.77
6/17/2016,264.63
6/20/2016,262.77
6/21/2016,257.18
6/22/2016,254.92
6/23/2016,255.19
6/24/2016,254.79
6/27/2016,261.17
6/28/2016,265.16
6/29/2016,279.39
6/30/2016,270.35
7/1/2016,276.33
7/5/2016,277.53
7/6/2016,273.54
7/7/2016,262.37
7/8/2016,260.24
7/11/2016,269.68
7/12/2016,262.23
7/13/2016,259.04
7/14/2016,264.76
7/15/2016,256.78
7/18/2016,257.58
7/19/2016,257.45
7/20/2016,256.38
7/21/2016,260.11
7/22/2016,260.51
7/25/2016,264.49
7/26/2016,259.57
7/27/2016,253.99
7/28/2016,250
7/29/2016,253.32
8/1/2016,250.13
8/2/2016,253.32
8/3/2016,253.19
8/4/2016,261.97
8/5/2016,270.61
8/8/2016,273.27
8/9/2016,271.14
8/10/2016,261.17
8/11/2016,260.64
8/12/2016,262.1
8/15/2016,265.69
8/16/2016,269.41
8/17/2016,262.23
8/18/2016,265.69
8/19/2016,262.9
8/22/2016,271.54
8/23/2016,275.66
8/24/2016,268.88
8/25/2016,273.27
8/26/2016,274.07
8/29/2016,274.87
8/30/2016,272.87
8/31/2016,266.76
9/1/2016,260.51
9/2/2016,268.35
9/6/2016,268.88
9/7/2016,269.81
9/8/2016,270.64
9/9/2016,269.55
9/12/2016,274.02
9/13/2016,277.31
9/14/2016,275.66
9/15/2016,281.38
9/16/2016,298.8
9/19/2016,302.53
9/20/2016,301.86
9/21/2016,302.66
9/22/2016,301.46
9/23/2016,301.86
9/26/2016,307.45
9/27/2016,311.7
9/28/2016,316.22
9/29/2016,310.51
9/30/2016,305.85
10/3/2016,301.46
10/4/2016,309.31
10/5/2016,316.62
10/6/2016,307.31
10/7/2016,311.44
10/10/2016,307.58
10/11/2016,309.71
10/12/2016,307.85
10/13/2016,304.79
10/14/2016,304.65
10/17/2016,307.98
10/18/2016,306.12
10/19/2016,305.19
10/20/2016,300.8
10/21/2016,301.99
10/24/2016,308.51
10/25/2016,304.92
10/26/2016,301.46
10/27/2016,300.4
10/28/2016,294.68
10/31/2016,286.84
11/1/2016,281.78
11/2/2016,288.56
11/3/2016,285.64
11/4/2016,288.96
11/7/2016,296.14
11/8/2016,292.15
11/9/2016,294.02
11/10/2016,287.9
11/11/2016,288.56
11/14/2016,287.63
11/15/2016,281.25
11/16/2016,270.74
11/17/2016,268.88
11/18/2016,267.95
11/21/2016,270.61
11/22/2016,262.63
11/23/2016,260.37
11/25/2016,263.83
11/28/2016,265.16
11/29/2016,261.44
11/30/2016,263.43
12/1/2016,257.45
12/2/2016,254.26
12/5/2016,251.86
12/6/2016,259.44
12/7/2016,261.04
12/8/2016,258.64
12/9/2016,255.85
12/12/2016,255.98
12/13/2016,247.34
12/14/2016,239.76
12/15/2016,246.81
12/16/2016,242.29
12/19/2016,242.42
12/20/2016,242.69
12/21/2016,242.02
12/22/2016,241.49
12/23/2016,241.36
12/27/2016,246.54
12/28/2016,252.53
12/29/2016,259.18
12/30/2016,259.44
1/3/2017,272.74
1/4/2017,277.79
1/5/2017,276.33
1/6/2017,275.93
1/9/2017,271.54
1/10/2017,272.34
1/11/2017,273.4
1/12/2017,276.06
1/13/2017,272.87
1/17/2017,275.66
1/18/2017,278.99
1/19/2017,268.35
1/20/2017,268.35
1/23/2017,274.47
1/24/2017,273.67
1/25/2017,270.48
1/26/2017,270.74
1/27/2017,270.35
1/30/2017,270.08
1/31/2017,271.94
2/1/2017,277.13
2/2/2017,273.27
2/3/2017,280.72
2/6/2017,281.65
2/7/2017,275.29
2/8/2017,275.9
2/9/2017,274.6
2/10/2017,271.65
2/13/2017,265.82
2/14/2017,270.88
2/15/2017,271.68
2/16/2017,269.95
2/17/2017,269.41
2/21/2017,275.8
2/22/2017,275
2/23/2017,267.69
2/24/2017,263.43
2/27/2017,254.65
2/28/2017,255.72
3/1/2017,259.04
3/2/2017,261.44
3/3/2017,259.57
3/6/2017,254.65
3/7/2017,244.68
3/8/2017,244.68
3/9/2017,239.36
3/10/2017,242.29
3/13/2017,241.76
3/14/2017,241.49
3/15/2017,242.42
3/16/2017,242.69
3/17/2017,241.62
3/20/2017,235.37
3/21/2017,229.92
3/22/2017,230.05
3/23/2017,234.04
3/24/2017,235.51
3/27/2017,235.37
3/28/2017,233.51
3/29/2017,227.66
3/30/2017,223.54
3/31/2017,222.87
4/3/2017,219.95
4/4/2017,214.89
4/5/2017,214.1
4/6/2017,218.75
4/7/2017,222.93
4/10/2017,221.09
4/11/2017,222.66
4/12/2017,222.5
4/13/2017,220.35
4/17/2017,219.68
4/18/2017,223.8
4/19/2017,219.68
4/20/2017,218.22
4/21/2017,219.55
4/24/2017,217.02
4/25/2017,216.49
4/26/2017,207.05
4/27/2017,205.19
4/28/2017,214.49
5/1/2017,215.16
5/2/2017,211.17
5/3/2017,209.71
5/4/2017,204.39
5/5/2017,203.59
5/8/2017,204.52
5/9/2017,205.32
5/10/2017,210.64
5/11/2017,207.85
5/12/2017,206.25
5/15/2017,207.58
5/16/2017,211.17
5/17/2017,216.76
5/18/2017,213.16
5/19/2017,217.82
5/22/2017,219.55
5/23/2017,211.04
5/24/2017,208.38
5/25/2017,208.24
5/26/2017,200.13
5/30/2017,199.73
5/31/2017,197.74
6/1/2017,189.23
6/2/2017,182.71
6/5/2017,184.71
6/6/2017,185.9
6/7/2017,188.54
6/8/2017,191.7
6/9/2017,191.36
6/12/2017,188.46
6/13/2017,186.44
6/14/2017,184.18
6/15/2017,181.91
6/16/2017,181.25
6/19/2017,181.78
6/20/2017,183.78
6/21/2017,176.33
6/22/2017,173.67
6/23/2017,175.13
6/26/2017,170.88
6/27/2017,171.41
6/28/2017,169.68
6/29/2017,179.52
6/30/2017,183.64
7/3/2017,185.11
7/5/2017,182.45
7/6/2017,185.11
7/7/2017,188.16
7/10/2017,180.32
7/11/2017,178.72
7/12/2017,179.39
7/13/2017,188.03
7/14/2017,190.16
7/17/2017,187.37
7/18/2017,187.5
7/19/2017,192.82
7/20/2017,191.62
7/21/2017,191.49
7/24/2017,191.49
7/25/2017,184.84
7/26/2017,189.23
7/27/2017,191.89
7/28/2017,191.09
7/31/2017,198.27
8/1/2017,197.87
8/2/2017,196.68
8/3/2017,190.29
8/4/2017,188.03
8/7/2017,184.44
8/8/2017,183.24
8/9/2017,181.38
8/10/2017,176.06
8/11/2017,175.53
8/14/2017,179.52
8/15/2017,174.6
8/16/2017,172.07
8/17/2017,176.73
8/18/2017,178.32
8/21/2017,179.79
8/22/2017,179.65
8/23/2017,181.78
8/24/2017,186.44
8/25/2017,186.57
8/28/2017,190.29
8/29/2017,183.78
8/30/2017,184.97
8/31/2017,191.49
9/1/2017,182.85
9/5/2017,186.57
9/6/2017,190.03
9/7/2017,186.57
9/8/2017,188.83
9/11/2017,192.95
9/12/2017,190.59
9/13/2017,195.56
9/14/2017,197.47
9/15/2017,201.73
9/18/2017,198.4
9/19/2017,191.09
9/20/2017,195.48
9/21/2017,195.88
9/22/2017,194.68
9/25/2017,190.82
9/26/2017,184.97
9/27/2017,183.91
9/28/2017,185.51
9/29/2017,187.5
10/2/2017,190.29
10/3/2017,186.7
10/4/2017,189.49
10/5/2017,191.36
10/6/2017,185.9
10/9/2017,186.17
10/10/2017,188.43
10/11/2017,190.16
10/12/2017,189.89
10/13/2017,191.62
10/16/2017,188.56
10/17/2017,186.57
10/18/2017,187.23
10/19/2017,187.9
10/20/2017,186.17
10/23/2017,184.57
10/24/2017,189.89
10/25/2017,188.56
10/26/2017,187.63
10/27/2017,194.55
10/30/2017,195.88
10/31/2017,196.01
11/1/2017,194.28
11/2/2017,189.23
11/3/2017,191.22
11/6/2017,193.62
11/7/2017,195.74
11/8/2017,197.34
11/9/2017,197.87
11/10/2017,198.94
11/13/2017,201.2
11/14/2017,200.8
11/15/2017,200.66
11/16/2017,202.93
11/17/2017,204.39
11/20/2017,199.2
11/21/2017,197.87
11/22/2017,203.19
11/24/2017,205.45
11/27/2017,204.65
11/28/2017,200
11/29/2017,200.4
11/30/2017,200.53
12/1/2017,199.2
12/4/2017,200.27
12/5/2017,198.14
12/6/2017,192.15
12/7/2017,190.29
12/8/2017,186.84
12/11/2017,185.51
12/12/2017,183.11
12/13/2017,184.18
12/14/2017,183.11
12/15/2017,181.65
12/18/2017,182.98
12/19/2017,191.62
12/20/2017,193.75
12/21/2017,196.41
12/22/2017,194.15
12/26/2017,195.48
12/27/2017,198.54
12/28/2017,199.47
12/29/2017,201.6
1/2/2018,203.86
1/3/2018,203.59
1/4/2018,202.79
1/5/2018,200.53
1/8/2018,196.54
1/9/2018,195.88
1/10/2018,194.81
1/11/2018,188.56
1/12/2018,188.56
1/16/2018,180.72
1/17/2018,178.46
1/18/2018,173.94
1/19/2018,176.2
1/22/2018,175.13
1/23/2018,175.4
1/24/2018,175
1/25/2018,176.06
1/26/2018,177.66
1/29/2018,181.78
1/30/2018,182.45
1/31/2018,175.93
2/1/2018,177.79
2/2/2018,181.25
2/5/2018,184.84
2/6/2018,184.04
2/7/2018,186.12
2/8/2018,180.64
2/9/2018,180.82
2/12/2018,181.3
2/13/2018,178.72
2/14/2018,176.99
2/15/2018,179.65
2/16/2018,176.6
2/20/2018,176.73
2/21/2018,176.46
2/22/2018,180.59
2/23/2018,178.99
2/26/2018,178.59
2/27/2018,171.14
2/28/2018,177.93
3/1/2018,182.31
3/2/2018,178.46
3/5/2018,180.32
3/6/2018,178.86
3/7/2018,170.08
3/8/2018,171.41
3/9/2018,170.74
3/12/2018,171.94
3/13/2018,167.82
3/14/2018,169.68
3/15/2018,169.41
3/16/2018,168.22
3/19/2018,171.41
3/20/2018,167.02
3/21/2018,168.48
3/22/2018,169.81
3/23/2018,167.15
3/26/2018,165.16
3/27/2018,166.76
3/28/2018,162.37
3/29/2018,164.23
4/2/2018,166.49
4/3/2018,165.82
4/4/2018,163.16
4/5/2018,164.23
4/6/2018,164.2
4/9/2018,164.68
4/10/2018,161.78
4/11/2018,161.01
4/12/2018,161.3
4/13/2018,162.23
4/16/2018,161.84
4/17/2018,157.18
4/18/2018,158.38
4/19/2018,158.91
4/20/2018,157.85
4/23/2018,151.6
4/24/2018,151.33
4/25/2018,147.87
4/26/2018,151.33
4/27/2018,153.19
4/30/2018,156.25
5/1/2018,155.45
5/2/2018,156.25
5/3/2018,155.45
5/4/2018,153.06
5/7/2018,150.53
5/8/2018,153.72
5/9/2018,150.13
5/10/2018,149.87
5/11/2018,149.2
5/14/2018,149.73
5/15/2018,153.19
5/16/2018,154.39
5/17/2018,153.72
5/18/2018,155.05
5/21/2018,160.9
5/22/2018,161.57
5/23/2018,164.23
5/24/2018,164.63
5/25/2018,165.69
5/29/2018,165.69
5/30/2018,167.55
5/31/2018,170.08
6/1/2018,166.49
6/4/2018,158.24
6/5/2018,159.84
6/6/2018,162.23
6/7/2018,156.76
6/8/2018,164.34
6/11/2018,166.54
6/12/2018,167.63
6/13/2018,169.68
6/14/2018,167.02
6/15/2018,164.23
6/18/2018,163.3
6/19/2018,161.3
6/20/2018,162.1
6/21/2018,162.37
6/22/2018,165.03
6/25/2018,163.83
6/26/2018,165.56
6/27/2018,160.24
6/28/2018,162.9
6/29/2018,162.9
7/2/2018,153.72
7/3/2018,151.46
7/5/2018,152.66
7/6/2018,153.06
7/9/2018,151.6
7/10/2018,151.73
7/11/2018,150.13
7/12/2018,147.34
7/13/2018,145.74
7/16/2018,148.14
7/17/2018,148.01
7/18/2018,147.34
7/19/2018,145.88
7/20/2018,147.87
7/23/2018,147.34
7/24/2018,148.8
7/25/2018,148.8
7/26/2018,146.68
7/27/2018,144.68
7/30/2018,143.88
7/31/2018,140.29
8/1/2018,139.36
8/2/2018,140.82
8/3/2018,144.28
8/6/2018,146.01
8/7/2018,144.68
8/8/2018,143.75
8/9/2018,144.15
8/10/2018,140.16
8/13/2018,136.97
8/14/2018,137.5
8/15/2018,136.04
8/16/2018,136.97
8/17/2018,135.37
8/20/2018,134.18
8/21/2018,135.24
8/22/2018,135.37
8/23/2018,134.57
8/24/2018,136.04
8/27/2018,139.76
8/28/2018,137.1
8/29/2018,137.9
8/30/2018,140.56
8/31/2018,140.96
9/4/2018,141.49
9/5/2018,144.81
9/6/2018,143.62
9/7/2018,146.41
9/10/2018,151.14
9/11/2018,153.03
9/12/2018,160.45
9/13/2018,163.51
9/14/2018,159.84
9/17/2018,153.99
9/18/2018,152.93
9/19/2018,154.79
9/20/2018,154.52
9/21/2018,155.32
9/24/2018,149.34
9/25/2018,148.27
9/26/2018,145.08
9/27/2018,145.08
9/28/2018,148.94
10/1/2018,154.39
10/2/2018,160.51
10/3/2018,162.63
10/4/2018,163.96
10/5/2018,167.95
10/8/2018,172.07
10/9/2018,172.47
10/10/2018,170.88
10/11/2018,171.81
10/12/2018,173.8
10/15/2018,178.59
10/16/2018,176.2
10/17/2018,182.58
10/18/2018,184.44
10/19/2018,184.71
10/22/2018,183.78
10/23/2018,183.64
10/24/2018,186.3
10/25/2018,185.77
10/26/2018,184.04
10/29/2018,179.52
10/30/2018,177.13
10/31/2018,175.4
11/1/2018,175.4
11/2/2018,178.72
11/5/2018,174.87
11/6/2018,172.34
11/7/2018,173.01
11/8/2018,170.74
11/9/2018,169.28
11/12/2018,172.07
11/13/2018,167.69
11/14/2018,168.22
11/15/2018,168.22
11/16/2018,168.75
11/19/2018,170.21
11/20/2018,165.69
11/21/2018,168.62
11/23/2018,165.82
11/26/2018,165.96
11/27/2018,164.1
11/28/2018,170.74
11/29/2018,171.14
11/30/2018,170.74
12/3/2018,171.68
12/4/2018,169.55
12/5/2018,169.15
12/6/2018,168.09
12/7/2018,171.14
12/10/2018,169.15
12/11/2018,170.61
12/12/2018,169.41
12/13/2018,169.55
12/14/2018,168.22
12/17/2018,166.09
12/18/2018,163.56
12/19/2018,165.82
12/20/2018,165.29
12/21/2018,164.1
12/24/2018,164.89
12/26/2018,164.76
12/27/2018,162.9
12/28/2018,164.76
12/31/2018,159.97
1/2/2019,158.64
1/3/2019,155.45
1/4/2019,158.64
1/7/2019,168.22
1/8/2019,169.68
1/9/2019,171.14
1/10/2019,168.48
1/11/2019,169.95
1/14/2019,169.55
1/15/2019,175
1/16/2019,175.13
1/17/2019,170.88
1/18/2019,173.27
1/22/2019,171.94
1/23/2019,172.47
1/24/2019,172.61
1/25/2019,165.43
1/28/2019,170.08
1/29/2019,168.75
1/30/2019,166.62
1/31/2019,169.28
2/1/2019,167.55
2/4/2019,170.88
2/5/2019,170.48
2/6/2019,171.54
2/7/2019,169.2
2/8/2019,168.75
2/11/2019,167.05
2/12/2019,168.86
2/13/2019,167.29
2/14/2019,165.16
2/15/2019,172.87
2/19/2019,175.93
2/20/2019,177.93
2/21/2019,175.53
2/22/2019,176.86
2/25/2019,172.87
2/26/2019,170.88
2/27/2019,172.47
2/28/2019,169.95
3/1/2019,167.82
3/4/2019,164.36
3/5/2019,165.43
3/6/2019,161.7
3/7/2019,161.44
3/8/2019,161.97
3/11/2019,163.43
3/12/2019,163.96
3/13/2019,164.36
3/14/2019,165.03
3/15/2019,166.49
3/18/2019,170.74
3/19/2019,169.95
3/20/2019,169.41
3/21/2019,166.22
3/22/2019,167.15
3/25/2019,165.96
3/26/2019,167.42
3/27/2019,167.29
3/28/2019,166.62
3/29/2019,166.62
4/1/2019,168.48
4/2/2019,168.35
4/3/2019,165.16
4/4/2019,169.02
4/5/2019,169.97
4/8/2019,167.74
4/9/2019,170.9
4/10/2019,172.15
4/11/2019,170.48
4/12/2019,171.81
4/15/2019,170.08
4/16/2019,168.48
4/17/2019,166.62
4/18/2019,172.61
4/22/2019,169.81
4/23/2019,171.54
4/24/2019,171.54
4/25/2019,168.75
4/26/2019,168.22
4/29/2019,163.96
4/30/2019,164.1
5/1/2019,162.37
5/2/2019,162.63
5/3/2019,159.71
5/6/2019,157.98
5/7/2019,158.91
5/8/2019,154.92
5/9/2019,156.65
5/10/2019,155.85
5/13/2019,157.45
5/14/2019,158.78
5/15/2019,157.58
5/16/2019,156.65
5/17/2019,153.59
5/20/2019,154.52
5/21/2019,157.05
5/22/2019,154.52
5/23/2019,153.86
5/24/2019,155.05
5/28/2019,156.25
5/29/2019,157.85
5/30/2019,156.38
5/31/2019,160.9
6/3/2019,162.1
6/4/2019,165.16
6/5/2019,162.37
6/6/2019,166.36
6/7/2019,166.97
6/10/2019,166.49
6/11/2019,169.07
6/12/2019,170.37
6/13/2019,171.68
6/14/2019,171.81
6/17/2019,170.74
6/18/2019,170.61
6/19/2019,169.41
6/20/2019,168.62
6/21/2019,165.96
6/24/2019,165.82
6/25/2019,167.15
6/26/2019,163.83
6/27/2019,169.95
6/28/2019,167.82
7/1/2019,167.15
7/2/2019,164.23
7/3/2019,166.76
7/5/2019,164.36
7/8/2019,165.56
7/9/2019,164.23
7/10/2019,166.22
7/11/2019,164.63
7/12/2019,163.56
7/15/2019,160.37
7/16/2019,159.44
7/17/2019,156.78
7/18/2019,153.59
7/19/2019,154.12
7/22/2019,153.72
7/23/2019,159.31
7/24/2019,160.37
7/25/2019,159.57
7/26/2019,159.84
7/29/2019,160.51
7/30/2019,161.57
7/31/2019,162.37
8/1/2019,161.17
8/2/2019,159.84
8/5/2019,157.18
8/6/2019,155.98
8/7/2019,150.8
8/8/2019,151.99
8/9/2019,157.71
8/12/2019,153.72
8/13/2019,155.85
8/14/2019,154.39
8/15/2019,154.65
8/16/2019,154.79
8/19/2019,152.53
8/20/2019,152.13
8/21/2019,151.46
8/22/2019,153.99
8/23/2019,152.53
8/26/2019,151.99
8/27/2019,149.47
8/28/2019,151.2
8/29/2019,149.07
8/30/2019,148.14
9/3/2019,148.8
9/4/2019,146.41
9/5/2019,145.88
9/6/2019,146.54
9/9/2019,147.82
9/10/2019,150.05
9/11/2019,152.05
9/12/2019,154.57
9/13/2019,158.78
9/16/2019,163.03
9/17/2019,160.9
9/18/2019,160.51
9/19/2019,159.57
9/20/2019,160.51
9/23/2019,162.37
9/24/2019,165.03
9/25/2019,168.35
9/26/2019,167.82
9/27/2019,167.82
9/30/2019,168.22
10/1/2019,171.28
10/2/2019,171.41
10/3/2019,169.41
10/4/2019,169.68
10/7/2019,166.49
10/8/2019,165.69
10/9/2019,165.03
10/10/2019,165.03
10/11/2019,165.03
10/14/2019,166.49
10/15/2019,167.42
10/16/2019,164.23
10/17/2019,162.77
10/18/2019,163.83
10/21/2019,163.16
10/22/2019,161.97
10/23/2019,161.57
10/24/2019,163.56
10/25/2019,164.23
10/28/2019,166.76
10/29/2019,164.1
10/30/2019,165.03
10/31/2019,165.96
11/1/2019,165.96
11/4/2019,166.36
11/5/2019,169.02
11/6/2019,167.02
11/7/2019,164.76
11/8/2019,167.15
11/11/2019,167.15
11/12/2019,167.42
11/13/2019,170.88
11/14/2019,170.35
11/15/2019,169.28
11/18/2019,169.68
11/19/2019,168.75
11/20/2019,169.55
11/21/2019,167.69
11/22/2019,170.61
11/25/2019,170.48
11/26/2019,169.95
11/27/2019,170.08
11/29/2019,172.07
12/2/2019,169.55
12/3/2019,171.01
12/4/2019,173.67
12/5/2019,173.94
12/6/2019,175.27
12/9/2019,177.93
12/10/2019,178.99
12/11/2019,178.46
12/12/2019,179.79
12/13/2019,179.52
12/16/2019,176.73
12/17/2019,176.46
12/18/2019,178.59
12/19/2019,180.19
12/20/2019,180.05
12/23/2019,178.86
12/24/2019,177.79
12/26/2019,178.72
12/27/2019,180.05
12/30/2019,179.92
12/31/2019,178.46
1/2/2020,174.6
1/3/2020,176.99
1/6/2020,182.58
1/7/2020,180.72
1/8/2020,179.12
1/9/2020,182.31
1/10/2020,187.1
1/13/2020,188.3
1/14/2020,190.43
1/15/2020,193.09
1/16/2020,191.89
1/17/2020,192.15
1/21/2020,193.48
1/22/2020,194.95
1/23/2020,193.75
1/24/2020,191.36
1/27/2020,188.96
1/28/2020,193.35
1/29/2020,192.69
1/30/2020,194.02
1/31/2020,194.28
2/3/2020,198.01
2/4/2020,195.61
2/5/2020,195.88
2/6/2020,196.01
2/7/2020,197.79
2/10/2020,198.4
2/11/2020,201.97
2/12/2020,202.18
2/13/2020,196.54
2/14/2020,193.48
2/18/2020,197.74
2/19/2020,200.53
2/20/2020,198.67
2/21/2020,201.06
2/24/2020,195.88
2/25/2020,196.01
2/26/2020,193.35
2/27/2020,188.83
2/28/2020,188.03
3/2/2020,183.64
3/3/2020,182.98
3/4/2020,179.12
3/5/2020,178.46
3/6/2020,173.14
3/9/2020,167.69
3/10/2020,167.42
3/11/2020,163.03
3/12/2020,154.52
3/13/2020,155.59
3/16/2020,147.47
3/17/2020,144.81
3/18/2020,141.89
3/19/2020,140.82
3/20/2020,145.08
3/23/2020,146.81
3/24/2020,149.87
3/25/2020,151.73
3/26/2020,150.66
3/27/2020,147.61
3/30/2020,142.69
3/31/2020,138.56
4/1/2020,133.51
4/2/2020,136.84
4/3/2020,137.1
4/6/2020,138.96
4/7/2020,138.03
4/8/2020,138.01
4/9/2020,139.18
4/13/2020,136.52
4/14/2020,136.3
4/15/2020,136.7
4/16/2020,137.37
4/17/2020,140.03
4/20/2020,136.44
4/21/2020,133.11
4/22/2020,133.11
4/23/2020,133.11
4/24/2020,130.45
4/27/2020,124.73
4/28/2020,126.6
4/29/2020,131.91
4/30/2020,137.9
5/1/2020,145.88
5/4/2020,138.3
5/5/2020,143.35
5/6/2020,136.57
5/7/2020,137.37
5/8/2020,136.84
5/11/2020,134.57
5/12/2020,136.3
5/13/2020,136.44
5/14/2020,139.1
5/15/2020,138.03
5/18/2020,143.62
5/19/2020,144.28
5/20/2020,148.8
5/21/2020,146.01
5/22/2020,145.35
5/26/2020,146.94
5/27/2020,143.62
5/28/2020,143.62
5/29/2020,145.08
6/1/2020,146.28
6/2/2020,149.2
6/3/2020,154.52
6/4/2020,155.98
6/5/2020,160.03
6/8/2020,159.26
6/9/2020,160.85
6/10/2020,164.23
6/11/2020,160.9
6/12/2020,160.11
6/15/2020,161.3
6/16/2020,163.3
6/17/2020,163.03
6/18/2020,160.11
6/19/2020,161.97
6/22/2020,160.37
6/23/2020,158.51
6/24/2020,157.45
6/25/2020,158.51
6/26/2020,154.52
6/29/2020,156.52
6/30/2020,159.04
7/1/2020,161.84
7/2/2020,162.77
7/6/2020,158.64
7/7/2020,161.97
7/8/2020,160.64
7/9/2020,157.45
7/10/2020,156.38
7/13/2020,153.99
7/14/2020,150.53
7/15/2020,157.18
7/16/2020,156.78
7/17/2020,155.98
7/20/2020,155.85
7/21/2020,155.19
7/22/2020,157.71
7/23/2020,156.52
7/24/2020,152.79
7/27/2020,161.17
7/28/2020,159.71
7/29/2020,159.71
7/30/2020,161.04
7/31/2020,168.09
8/3/2020,169.15
8/4/2020,169.95
8/5/2020,166.76
8/6/2020,172.07
8/7/2020,168.48
8/10/2020,166.89
8/11/2020,169.41
8/12/2020,170.74
8/13/2020,174.34
8/14/2020,174.2
8/17/2020,173.67
8/18/2020,171.41
8/19/2020,176.06
8/20/2020,173.01
8/21/2020,170.61
8/24/2020,169.02
8/25/2020,169.68
8/26/2020,167.29
8/27/2020,169.81
8/28/2020,167.55
8/31/2020,168.35
9/1/2020,167.55
9/2/2020,165.43
9/3/2020,160.51
9/4/2020,158.64
9/8/2020,161.81
9/9/2020,163.38
9/10/2020,163.72
9/11/2020,165.74
9/14/2020,166.22
9/15/2020,169.02
9/16/2020,171.81
9/17/2020,175.93
9/18/2020,177.93
9/21/2020,174.6
9/22/2020,178.32
9/23/2020,177.26
9/24/2020,177.79
9/25/2020,179.65
9/28/2020,173.54
9/29/2020,178.46
9/30/2020,179.65
10/1/2020,180.59
10/2/2020,180.19
10/5/2020,180.98
10/6/2020,184.57
10/7/2020,188.03
10/8/2020,188.43
10/9/2020,189.23
10/12/2020,184.04
10/13/2020,186.3
10/14/2020,188.83
10/15/2020,188.56
10/16/2020,191.89
10/19/2020,195.74
10/20/2020,193.35
10/21/2020,192.82
10/22/2020,196.54
10/23/2020,195.74
10/26/2020,196.41
10/27/2020,197.21
10/28/2020,198.01
10/29/2020,191.49
10/30/2020,190.96
11/2/2020,199.07
11/3/2020,195.74
11/4/2020,194.81
11/5/2020,192.55
11/6/2020,198.27
11/9/2020,197.87
11/10/2020,195.21
11/11/2020,192.69
11/12/2020,198.4
11/13/2020,198.94
11/16/2020,205.72
11/17/2020,203.59
11/18/2020,205.45
11/19/2020,203.19
11/20/2020,202.26
11/23/2020,201.46
11/24/2020,200
11/25/2020,196.41
11/27/2020,197.07
11/30/2020,192.95
12/1/2020,192.95
12/2/2020,194.15
12/3/2020,195.61
12/4/2020,192.02
12/7/2020,192.15
12/8/2020,191.36
12/9/2020,199.07
12/10/2020,194.95
12/11/2020,191.89
12/14/2020,187.77
12/15/2020,188.96
12/16/2020,192.69
12/17/2020,195.21
12/18/2020,192.02
12/21/2020,193.22
12/22/2020,193.35
12/23/2020,197.21
12/24/2020,198.14
12/28/2020,199.2
12/29/2020,200
12/30/2020,203.19
12/31/2020,205.98
1/4/2021,209.57
1/5/2021,214.36
1/6/2021,216.09
1/7/2021,207.45
1/8/2021,207.45
1/11/2021,208.38
1/12/2021,205.59
1/13/2021,210.64
1/14/2021,221.68
1/15/2021,218.75
1/19/2021,214.1
1/20/2021,216.36
1/21/2021,213.43
1/22/2021,211.04
1/25/2021,209.31
1/26/2021,209.31
1/27/2021,210.11
1/28/2021,207.31
1/29/2021,210.51
2/1/2021,214.76
2/2/2021,216.62
2/3/2021,213.3
2/4/2021,213.43
2/5/2021,216.44
2/8/2021,212.85
2/9/2021,213.19
2/10/2021,212.95
2/11/2021,209.97
2/12/2021,207.98
2/16/2021,211.7
2/17/2021,214.23
2/18/2021,220.61
2/19/2021,224.6
2/22/2021,231.91
2/23/2021,226.2
2/24/2021,228.32
2/25/2021,223.94
2/26/2021,218.75
3/1/2021,215.56
3/2/2021,218.48
3/3/2021,214.63
3/4/2021,216.22
3/5/2021,218.09
3/8/2021,215.43
3/9/2021,211.44
3/10/2021,212.23
3/11/2021,217.55
3/12/2021,214.49
3/15/2021,214.36
3/16/2021,216.76
3/17/2021,212.63
3/18/2021,211.3
3/19/2021,209.57
3/22/2021,206.52
3/23/2021,205.19
3/24/2021,207.85
3/25/2021,200.66
3/26/2021,201.99
3/29/2021,198.4
3/30/2021,198.4
3/31/2021,196.41
4/1/2021,195.61
4/5/2021,197.34
4/6/2021,201.6
4/7/2021,201.33
4/8/2021,201.86
4/9/2021,205.32
4/12/2021,204.2
4/13/2021,205.93
4/14/2021,211.17
4/15/2021,216.89
4/16/2021,220.35
4/19/2021,215.56
4/20/2021,222.34
4/21/2021,224.6
4/22/2021,224.47
4/23/2021,224.47
4/26/2021,227.26
4/27/2021,236.04
4/28/2021,227.93
4/29/2021,225.13
4/30/2021,225.8
5/3/2021,222.47
5/4/2021,227.66
5/5/2021,233.11
5/6/2021,233.38
5/7/2021,232.58
5/10/2021,232.58
5/11/2021,240.69
5/12/2021,237.23
5/13/2021,227.53
5/14/2021,225.53
5/17/2021,225.93
5/18/2021,228.86
5/19/2021,225.4
5/20/2021,226.6
5/21/2021,221.68
5/24/2021,223.8
5/25/2021,226.6
5/26/2021,223.14
5/27/2021,227.66
5/28/2021,230.85
6/1/2021,235.24
6/2/2021,235.11
6/3/2021,231.78
6/4/2021,235.51
6/7/2021,231.36
6/8/2021,235.72
6/9/2021,235.93
6/10/2021,235.59
6/11/2021,234.97
6/14/2021,231.25
6/15/2021,228.72
6/16/2021,228.72
6/17/2021,222.21
6/18/2021,221.54
6/21/2021,226.99
6/22/2021,222.61
6/23/2021,226.2
6/24/2021,229.26
6/25/2021,230.19
6/28/2021,234.18
6/29/2021,233.24
6/30/2021,237.9
7/1/2021,238.56
7/2/2021,241.36
7/6/2021,237.63
7/7/2021,236.04
7/8/2021,232.05
7/9/2021,229.79
7/12/2021,225.93
7/13/2021,227.13
7/14/2021,225.13
7/15/2021,230.45
7/16/2021,235.51
7/19/2021,226.99
7/20/2021,231.52
7/21/2021,234.97
7/22/2021,234.31
7/23/2021,241.62
7/26/2021,244.95
7/27/2021,244.02
7/28/2021,247.47
7/29/2021,243.35
7/30/2021,238.16
8/2/2021,238.7
8/3/2021,239.1
8/4/2021,238.43
8/5/2021,247.61
8/6/2021,248.4
8/9/2021,245.61
8/10/2021,260.51
8/11/2021,258.91
8/12/2021,259.84
8/13/2021,265.29
8/16/2021,266.36
8/17/2021,266.22
8/18/2021,268.22
8/19/2021,263.16
8/20/2021,260.37
8/23/2021,260.37
8/24/2021,260.37
8/25/2021,262.37
8/26/2021,261.7
8/27/2021,266.49
8/30/2021,268.88
8/31/2021,263.83
9/1/2021,261.57
9/2/2021,264.63
9/3/2021,260.9
9/7/2021,259.04
9/8/2021,260.74
9/9/2021,259.47
9/10/2021,255.61
9/13/2021,259.95
9/14/2021,261.44
9/15/2021,269.41
9/16/2021,267.69
9/17/2021,264.1
9/20/2021,260.51
9/21/2021,262.63
9/22/2021,266.89
9/23/2021,269.81
9/24/2021,265.03
9/27/2021,261.7
9/28/2021,263.83
9/29/2021,262.23
9/30/2021,270.48
10/1/2021,266.76
10/4/2021,261.84
10/5/2021,263.96
10/6/2021,262.9
10/7/2021,263.83
10/8/2021,269.81
10/11/2021,270.35
10/12/2021,266.89
10/13/2021,264.1
10/14/2021,260.51
10/15/2021,263.3
10/18/2021,257.31
10/19/2021,250.93
10/20/2021,252.26
10/21/2021,251.86
10/22/2021,253.72
10/25/2021,257.85
10/26/2021,261.44
10/27/2021,261.97
10/28/2021,260.9
10/29/2021,256.25
11/1/2021,257.58
11/2/2021,259.84
11/3/2021,257.71
11/4/2021,261.04
11/5/2021,265.16
11/8/2021,264.89
11/9/2021,264.63
11/10/2021,260.64
11/11/2021,267.55
11/12/2021,266.09
11/15/2021,262.5
11/16/2021,265.82
11/17/2021,271.54
11/18/2021,268.35
11/19/2021,265.82
11/22/2021,262.77
11/23/2021,267.42
11/24/2021,265.03
11/26/2021,257.31
11/29/2021,255.19
11/30/2021,247.34
12/1/2021,247.34
12/2/2021,247.61
12/3/2021,249.34
12/6/2021,254.79
12/7/2021,259.04
12/8/2021,263.56
12/9/2021,261.84
12/10/2021,262.1
12/13/2021,261.17
12/14/2021,261.3
12/15/2021,256.52
12/16/2021,257.98
12/17/2021,254.12
12/20/2021,247.21
12/21/2021,249.2
12/22/2021,256.12
12/23/2021,255.85
12/27/2021,255.45
12/28/2021,252.13
12/29/2021,253.99
12/30/2021,249.73
12/31/2021,251.06
1/3/2022,249.2
1/4/2022,249.34
1/5/2022,243.88
1/6/2022,241.89
1/7/2022,240.03
1/10/2022,237.1
1/11/2022,240.82
1/12/2022,243.88
1/13/2022,240.56
1/14/2022,243.48
1/18/2022,248.14
1/19/2022,253.59
1/20/2022,251.73
1/21/2022,251.33
1/24/2022,250.13
1/25/2022,249.73
1/26/2022,245.88
1/27/2022,244.81
1/28/2022,242.02
1/31/2022,242.29
2/1/2022,245.74
2/2/2022,238.43
2/3/2022,239.23
2/4/2022,242.42
2/7/2022,239.1
2/8/2022,238.51
2/9/2022,241.76
2/10/2022,238.99
2/11/2022,236.84
2/14/2022,234.84
2/15/2022,233.64
2/16/2022,233.51
2/17/2022,235.9
2/18/2022,234.31
2/22/2022,237.9
2/23/2022,237.77
2/24/2022,238.16
2/25/2022,234.04
2/28/2022,235.37
3/1/2022,243.88
3/2/2022,247.87
3/3/2022,251.73
3/4/2022,257.31
3/7/2022,256.25
3/8/2022,258.38
3/9/2022,251.86
3/10/2022,253.99
3/11/2022,255.85
3/14/2022,254.39
3/15/2022,249.07
3/16/2022,246.81
3/17/2022,248.54
3/18/2022,251.73
3/21/2022,256.38
3/22/2022,254.65
3/23/2022,255.85
3/24/2022,256.12
3/25/2022,260.77
3/28/2022,260.51
3/29/2022,254.12
3/30/2022,258.91
3/31/2022,259.18
4/1/2022,257.58
4/4/2022,260.77
4/5/2022,261.3
4/6/2022,260.51
4/7/2022,263.46
4/8/2022,270.66
4/11/2022,269.2
4/12/2022,268.46
4/13/2022,267.29
4/14/2022,266.36
4/18/2022,268.62
4/19/2022,261.57
4/20/2022,259.97
4/21/2022,263.43
4/22/2022,255.45
4/25/2022,251.06
4/26/2022,251.73
4/27/2022,251.33
4/28/2022,255.72
4/29/2022,254.65
5/2/2022,250.66
5/3/2022,247.61
5/4/2022,247.61
5/5/2022,249.73
5/6/2022,254.79
5/9/2022,248.14
5/10/2022,246.54
5/11/2022,246.68
5/12/2022,247.87
5/13/2022,254.92
5/16/2022,261.7
5/17/2022,265.96
5/18/2022,263.7
5/19/2022,262.9
5/20/2022,265.29
5/23/2022,262.9
5/24/2022,262.63
5/25/2022,261.7
5/26/2022,259.84
5/27/2022,260.77
5/31/2022,257.98
6/1/2022,258.51
6/2/2022,257.31
6/3/2022,256.52
6/6/2022,260.11
6/7/2022,252.9
6/8/2022,253.72
6/9/2022,258.27
6/10/2022,253.06
6/13/2022,250.8
6/14/2022,250
6/15/2022,246.94
6/16/2022,248.27
6/17/2022,249.07
6/21/2022,249.73
6/22/2022,245.88
6/23/2022,244.15
6/24/2022,243.48
6/27/2022,242.82
6/28/2022,246.01
6/29/2022,246.14
6/30/2022,246.01
7/1/2022,240.29
7/5/2022,236.7
7/6/2022,239.23
7/7/2022,246.28
7/8/2022,252.93
7/11/2022,250.8
7/12/2022,248.54
7/13/2022,254.52
7/14/2022,252.26
7/15/2022,255.98
7/18/2022,258.11
7/19/2022,250.53
7/20/2022,248.27
7/21/2022,244.02
7/22/2022,237.9
7/25/2022,232.31
7/26/2022,232.31
7/27/2022,231.38
7/28/2022,235.64
7/29/2022,233.24
8/1/2022,234.04
8/2/2022,235.24
8/3/2022,236.3
8/4/2022,233.38
8/5/2022,238.56
8/8/2022,238.83
8/9/2022,239.1
8/10/2022,243.09
8/11/2022,245.88
8/12/2022,247.34
8/15/2022,246.54
8/16/2022,242.95
8/17/2022,242.55
8/18/2022,236.3
8/19/2022,240.56
8/22/2022,238.56
8/23/2022,237.9
8/24/2022,239.89
8/25/2022,238.03
8/26/2022,245.61
8/29/2022,245.21
8/30/2022,240.69
8/31/2022,237.9
9/1/2022,239.23
9/2/2022,241.36
9/6/2022,239.1
9/7/2022,240.03
9/8/2022,237.87
9/9/2022,240.21
9/12/2022,240.82
9/13/2022,240.16
9/14/2022,238.96
9/15/2022,237.77
9/16/2022,233.51
9/19/2022,230.98
9/20/2022,236.7
9/21/2022,236.84
9/22/2022,239.36
9/23/2022,234.57
9/26/2022,234.31
9/27/2022,233.91
9/28/2022,235.51
9/29/2022,236.3
9/30/2022,235.11
10/3/2022,231.65
10/4/2022,238.16
10/5/2022,238.7
10/6/2022,245.48
10/7/2022,248.4
10/10/2022,247.47
10/11/2022,249.2
10/12/2022,248.4
10/13/2022,250.13
10/14/2022,250.53
10/17/2022,249.6
10/18/2022,248.27
10/19/2022,248.01
10/20/2022,244.55
10/21/2022,244.41
10/24/2022,241.09
10/25/2022,240.82
10/26/2022,237.5
10/27/2022,235.51
10/28/2022,233.78
10/31/2022,238.96
11/1/2022,245.08
11/2/2022,245.61
11/3/2022,245.61
11/4/2022,248.8
11/7/2022,248.4
11/8/2022,252.66
11/9/2022,257.71
11/10/2022,258.11
11/11/2022,261.17
11/14/2022,263.7
11/15/2022,269.81
11/16/2022,269.55
11/17/2022,262.37
11/18/2022,266.62
11/21/2022,264.1
11/22/2022,262.5
11/23/2022,259.97
11/25/2022,257.05
11/28/2022,257.71
11/29/2022,259.71
11/30/2022,261.04
12/1/2022,260.9
12/2/2022,259.04