Effective date ,Dow Jones Commodity Index All Wheat
11/30/2012,258.01
12/3/2012,256.98
12/4/2012,255.72
12/5/2012,256.86
12/6/2012,257.58
12/7/2012,257.21
12/10/2012,253.92
12/11/2012,246.17
12/12/2012,242.98
12/13/2012,242.01
12/14/2012,243.41
12/17/2012,241.52
12/18/2012,242.54
12/19/2012,241.08
12/20/2012,236.63
12/21/2012,236.89
12/24/2012,237.45
12/26/2012,231.72
12/27/2012,231.11
12/28/2012,232.82
12/31/2012,232.92
1/2/2013,226.36
1/3/2013,226.43
1/4/2013,224.08
1/7/2013,225.2
1/8/2013,225.09
1/9/2013,223.47
1/10/2013,222.97
1/11/2013,226.02
1/14/2013,229.87
1/15/2013,234.48
1/16/2013,235.25
1/17/2013,234.05
1/18/2013,236.83
1/22/2013,233.23
1/23/2013,232.11
1/24/2013,230.13
1/25/2013,232.5
1/28/2013,233.34
1/29/2013,232.69
1/30/2013,235.64
1/31/2013,233.66
2/1/2013,229.31
2/4/2013,228.56
2/5/2013,226.7
2/6/2013,227.81
2/7/2013,226.47
2/8/2013,226.85
2/11/2013,223.33
2/12/2013,220.92
2/13/2013,222.5
2/14/2013,221.43
2/15/2013,223.54
2/19/2013,220.71
2/20/2013,222.68
2/21/2013,216.45
2/22/2013,214.76
2/25/2013,210.46
2/26/2013,211.94
2/27/2013,212.24
2/28/2013,213.37
3/1/2013,215
3/4/2013,209.68
3/5/2013,210.9
3/6/2013,204.41
3/7/2013,207.79
3/8/2013,208.14
3/11/2013,208.98
3/12/2013,209.77
3/13/2013,211.48
3/14/2013,215.86
3/15/2013,215.37
3/18/2013,212.5
3/19/2013,215.14
3/20/2013,219.31
3/21/2013,217.24
3/22/2013,217.54
3/25/2013,216.8
3/26/2013,218.34
3/27/2013,219.9
3/28/2013,205.5
4/1/2013,198.84
4/2/2013,200.85
4/3/2013,208.08
4/4/2013,206.75
4/5/2013,208.52
4/8/2013,213.11
4/9/2013,212.66
4/10/2013,209.42
4/11/2013,210.33
4/12/2013,214.95
4/15/2013,208.96
4/16/2013,211.49
4/17/2013,211.35
4/18/2013,211.31
4/19/2013,212.54
4/22/2013,209.93
4/23/2013,208.03
4/24/2013,207.27
4/25/2013,211.27
4/26/2013,207.96
4/29/2013,215.13
4/30/2013,219.37
5/1/2013,216.57
5/2/2013,218.84
5/3/2013,216.33
5/6/2013,210.77
5/7/2013,212.35
5/8/2013,211.75
5/9/2013,217.01
5/10/2013,211.24
5/13/2013,212.99
5/14/2013,213.26
5/15/2013,208.33
5/16/2013,206.43
5/17/2013,205.01
5/20/2013,205.91
5/21/2013,204.41
5/22/2013,206.6
5/23/2013,210.77
5/24/2013,208.91
5/28/2013,207.88
5/29/2013,210.28
5/30/2013,209.22
5/31/2013,211.12
6/3/2013,211.93
6/4/2013,211.95
6/5/2013,209.73
6/6/2013,208.57
6/7/2013,208.51
6/10/2013,206.99
6/11/2013,209.23
6/12/2013,205.54
6/13/2013,206.8
6/14/2013,205.14
6/17/2013,204.92
6/18/2013,206.92
6/19/2013,212.66
6/20/2013,210.95
6/21/2013,210.18
6/24/2013,205.09
6/25/2013,204.12
6/26/2013,201.79
6/27/2013,200.79
6/28/2013,196.33
7/1/2013,195.66
7/2/2013,196.44
7/3/2013,198.27
7/5/2013,196.59
7/8/2013,197.49
7/9/2013,201.79
7/10/2013,202.44
7/11/2013,203.38
7/12/2013,202.89
7/15/2013,199.71
7/16/2013,199.86
7/17/2013,198.72
7/18/2013,197.61
7/19/2013,198.74
7/22/2013,197.42
7/23/2013,195.81
7/24/2013,195.59
7/25/2013,194.35
7/26/2013,194.55
7/29/2013,194.78
7/30/2013,196.02
7/31/2013,198.76
8/1/2013,197.25
8/2/2013,197.86
8/5/2013,193.57
8/6/2013,195.19
8/7/2013,194.04
8/8/2013,194.27
8/9/2013,193.02
8/12/2013,194.34
8/13/2013,193.02
8/14/2013,193.37
8/15/2013,195.18
8/16/2013,193.51
8/19/2013,196.2
8/20/2013,193.95
8/21/2013,194.87
8/22/2013,192.39
8/23/2013,193.84
8/26/2013,199.72
8/27/2013,198.87
8/28/2013,197.81
8/29/2013,196.16
8/30/2013,196.11
9/3/2013,194.24
9/4/2013,193.94
9/5/2013,192.02
9/6/2013,194.17
9/9/2013,192.22
9/10/2013,193.83
9/11/2013,194.19
9/12/2013,195.78
9/13/2013,192.47
9/16/2013,192.29
9/17/2013,192.74
9/18/2013,193.7
9/19/2013,196.75
9/20/2013,193.66
9/23/2013,195.68
9/24/2013,197.22
9/25/2013,200.9
9/26/2013,203.26
9/27/2013,204.65
9/30/2013,203.99
10/1/2013,204.95
10/2/2013,206.61
10/3/2013,207.45
10/4/2013,206.62
10/7/2013,208.83
10/8/2013,208.75
10/9/2013,207.94
10/10/2013,206.54
10/11/2013,208.43
10/14/2013,208.55
10/15/2013,206.63
10/16/2013,205
10/17/2013,206.31
10/18/2013,212.16
10/21/2013,210.3
10/22/2013,210.77
10/23/2013,211.29
10/24/2013,209.67
10/25/2013,208
10/28/2013,205.19
10/29/2013,205.3
10/30/2013,203.57
10/31/2013,201.37
11/1/2013,201.06
11/4/2013,199.62
11/5/2013,197.61
11/6/2013,196.64
11/7/2013,196.92
11/8/2013,196.57
11/11/2013,196.05
11/12/2013,196.07
11/13/2013,196.46
11/14/2013,196.51
11/15/2013,196.09
11/18/2013,195.4
11/19/2013,197.31
11/20/2013,196.19
11/21/2013,195.86
11/22/2013,196.73
11/25/2013,197.32
11/26/2013,196.36
11/27/2013,198.6
11/29/2013,200.03
12/2/2013,198.14
12/3/2013,200.02
12/4/2013,198.06
12/5/2013,195.21
12/6/2013,194.98
12/9/2013,194.89
12/10/2013,191.41
12/11/2013,191.93
12/12/2013,189.88
12/13/2013,188.36
12/16/2013,186.29
12/17/2013,185.54
12/18/2013,183.48
12/19/2013,182.94
12/20/2013,183.85
12/23/2013,182.41
12/24/2013,181.52
12/26/2013,181.35
12/27/2013,182.07
12/30/2013,179.55
12/31/2013,180.96
1/2/2014,178.47
1/3/2014,181.19
1/6/2014,181.27
1/7/2014,180.54
1/8/2014,176.76
1/9/2014,175.78
1/10/2014,171.39
1/13/2014,172.15
1/14/2014,174.21
1/15/2014,170.8
1/16/2014,172.5
1/17/2014,169.93
1/21/2014,169.52
1/22/2014,169.46
1/23/2014,171.99
1/24/2014,170.57
1/27/2014,169.89
1/28/2014,170.46
1/29/2014,166.24
1/30/2014,166.83
1/31/2014,167.63
2/3/2014,170.04
2/4/2014,176.26
2/5/2014,177.24
2/6/2014,175.48
2/7/2014,174.69
2/10/2014,176.93
2/11/2014,178.22
2/12/2014,177.35
2/13/2014,179.55
2/14/2014,180.16
2/18/2014,183.42
2/19/2014,185.18
2/20/2014,185.29
2/21/2014,182.91
2/24/2014,186.15
2/25/2014,186.77
2/26/2014,183.15
2/27/2014,178.44
2/28/2014,182.04
3/3/2014,190.52
3/4/2014,193.93
3/5/2014,193.73
3/6/2014,194.74
3/7/2014,197.1
3/10/2014,193.36
3/11/2014,198.7
3/12/2014,205.73
3/13/2014,202.72
3/14/2014,206.78
3/17/2014,203.26
3/18/2014,208.68
3/19/2014,215.65
3/20/2014,212.42
3/21/2014,209.3
3/24/2014,215.69
3/25/2014,214.03
3/26/2014,210.14
3/27/2014,214.14
3/28/2014,209.42
3/31/2014,209.87
4/1/2014,206.4
4/2/2014,201.74
4/3/2014,203.65
4/4/2014,201.59
4/7/2014,203.89
4/8/2014,205.69
4/9/2014,202.8
4/10/2014,200.95
4/11/2014,200.81
4/14/2014,206.48
4/15/2014,213.3
4/16/2014,209.21
4/17/2014,210.35
4/21/2014,203.41
4/22/2014,204.64
4/23/2014,205.63
4/24/2014,209.77
4/25/2014,213.36
4/28/2014,213.8
4/29/2014,216.59
4/30/2014,218.34
5/1/2014,214.43
5/2/2014,217.5
5/5/2014,221.2
5/6/2014,224.36
5/7/2014,223.83
5/8/2014,223.27
5/9/2014,219.45
5/12/2014,217.4
5/13/2014,216.02
5/14/2014,210.42
5/15/2014,206.05
5/16/2014,204.49
5/19/2014,204.6
5/20/2014,203.61
5/21/2014,201.73
5/22/2014,200
5/23/2014,198
5/27/2014,194.85
5/28/2014,194.19
5/29/2014,192.38
5/30/2014,190.7
6/2/2014,188.9
6/3/2014,186.31
6/4/2014,187.1
6/5/2014,185.01
6/6/2014,189.82
6/9/2014,188.95
6/10/2014,186.38
6/11/2014,183.06
6/12/2014,182.68
6/13/2014,182.84
6/16/2014,181.2
6/17/2014,181.3
6/18/2014,183.41
6/19/2014,184.9
6/20/2014,182.17
6/23/2014,180.88
6/24/2014,178.4
6/25/2014,179.76
6/26/2014,179.95
6/27/2014,182.51
6/30/2014,177.42
7/1/2014,175.59
7/2/2014,175.95
7/3/2014,177.21
7/7/2014,170.76
7/8/2014,170.35
7/9/2014,168.56
7/10/2014,167.59
7/11/2014,161.51
7/14/2014,164.9
7/15/2014,164.54
7/16/2014,164.52
7/17/2014,168.25
7/18/2014,162.92
7/21/2014,162.08
7/22/2014,160.39
7/23/2014,162.05
7/24/2014,161.4
7/25/2014,164.22
7/28/2014,163.13
7/29/2014,158.8
7/30/2014,160.86
7/31/2014,162.03
8/1/2014,163.37
8/4/2014,166.06
8/5/2014,168.38
8/6/2014,172.87
8/7/2014,171.77
8/8/2014,168.83
8/11/2014,168.76
8/12/2014,166.48
8/13/2014,165.48
8/14/2014,167.47
8/15/2014,170.67
8/18/2014,168.25
8/19/2014,169.6
8/20/2014,167.16
8/21/2014,168.6
8/22/2014,170.85
8/25/2014,168.4
8/26/2014,168.82
8/27/2014,170.55
8/28/2014,173.23
8/29/2014,171.09
9/2/2014,168.49
9/3/2014,162.95
9/4/2014,161.76
9/5/2014,163.41
9/8/2014,163
9/9/2014,161.22
9/10/2014,158.93
9/11/2014,155.94
9/12/2014,153.57
9/15/2014,152.79
9/16/2014,151.53
9/17/2014,152.22
9/18/2014,148.94
9/19/2014,145.01
9/22/2014,145.57
9/23/2014,145.47
9/24/2014,146.63
9/25/2014,145.09
9/26/2014,145.12
9/29/2014,146.99
9/30/2014,145.7
10/1/2014,145.99
10/2/2014,147.11
10/3/2014,148.18
10/6/2014,149.97
10/7/2014,154.25
10/8/2014,154.53
10/9/2014,150.26
10/10/2014,151.81
10/13/2014,153.79
10/14/2014,155.08
10/15/2014,154.37
10/16/2014,157.73
10/17/2014,157.32
10/20/2014,156.67
10/21/2014,158.15
10/22/2014,159.04
10/23/2014,160.14
10/24/2014,157.35
10/27/2014,158.63
10/28/2014,160.96
10/29/2014,163.03
10/30/2014,162.25
10/31/2014,160.98
11/3/2014,162.58
11/4/2014,160.31
11/5/2014,158.6
11/6/2014,157.22
11/7/2014,155.94
11/10/2014,157.23
11/11/2014,159.28
11/12/2014,164.8
11/13/2014,167.37
11/14/2014,169.15
11/17/2014,166.52
11/18/2014,165.66
11/19/2014,162.84
11/20/2014,166.53
11/21/2014,166.81
11/24/2014,165.76
11/25/2014,168.46
11/26/2014,169.91
11/28/2014,174.63
12/1/2014,182.8
12/2/2014,181.33
12/3/2014,177.32
12/4/2014,177.17
12/5/2014,178.4
12/8/2014,179.38
12/9/2014,175.5
12/10/2014,174.29
12/11/2014,178.67
12/12/2014,181.22
12/15/2014,184.94
12/16/2014,186.38
12/17/2014,193.94
12/18/2014,195.71
12/19/2014,189.16
12/22/2014,187.14
12/23/2014,189.9
12/24/2014,182.94
12/26/2014,182.77
12/29/2014,184.11
12/30/2014,180.2
12/31/2014,176.71
1/2/2015,174.14
1/5/2015,176.44
1/6/2015,177.44
1/7/2015,173.86
1/8/2015,170.17
1/9/2015,169
1/12/2015,166.46
1/13/2015,164.16
1/14/2015,161.32
1/15/2015,160
1/16/2015,160.23
1/20/2015,161.29
1/21/2015,160.92
1/22/2015,159.78
1/23/2015,158.84
1/26/2015,156.03
1/27/2015,155.43
1/28/2015,151.32
1/29/2015,152.38
1/30/2015,150.97
2/2/2015,148.24
2/3/2015,154.65
2/4/2015,153.65
2/5/2015,157.82
2/6/2015,158.13
2/9/2015,158.86
2/10/2015,156.46
2/11/2015,157.23
2/12/2015,155.88
2/13/2015,158.65
2/17/2015,159.19
2/18/2015,156.53
2/19/2015,155.29
2/20/2015,151.88
2/23/2015,151.03
2/24/2015,151.08
2/25/2015,149.12
2/26/2015,149.99
2/27/2015,153.39
3/2/2015,149.5
3/3/2015,151.47
3/4/2015,148.62
3/5/2015,144.32
3/6/2015,145.09
3/9/2015,147.36
3/10/2015,148.45
3/11/2015,150.09
3/12/2015,152.4
3/13/2015,150.73
3/16/2015,154.49
3/17/2015,151.29
3/18/2015,153.6
3/19/2015,153.75
3/20/2015,159.15
3/23/2015,160.39
3/24/2015,157.35
3/25/2015,156.14
3/26/2015,150.28
3/27/2015,152.88
3/30/2015,159.58
3/31/2015,154.19
4/1/2015,158.93
4/2/2015,161.39
4/6/2015,158.75
4/7/2015,157.95
4/8/2015,157.72
4/9/2015,155.43
4/10/2015,157.47
4/13/2015,150.01
4/14/2015,148.66
4/15/2015,146.42
4/16/2015,146.62
4/17/2015,146.3
4/20/2015,148.65
4/21/2015,149.19
4/22/2015,148.79
4/23/2015,149.59
4/24/2015,145.72
4/27/2015,141.41
4/28/2015,142.52
4/29/2015,144.63
4/30/2015,141.76
5/1/2015,141.84
5/4/2015,141.42
5/5/2015,139.47
5/6/2015,143.27
5/7/2015,141.5
5/8/2015,144.09
5/11/2015,143.98
5/12/2015,143.81
5/13/2015,144.15
5/14/2015,153.9
5/15/2015,153.04
5/18/2015,156.36
5/19/2015,152.76
5/20/2015,153.7
5/21/2015,156.57
5/22/2015,154.32
5/26/2015,147.87
5/27/2015,145.79
5/28/2015,145.93
5/29/2015,142.47
6/1/2015,147.36
6/2/2015,153.05
6/3/2015,152.28
6/4/2015,156.08
6/5/2015,154.46
6/8/2015,158.11
6/9/2015,159.83
6/10/2015,154.97
6/11/2015,152.7
6/12/2015,152.58
6/15/2015,147.94
6/16/2015,147.61
6/17/2015,148.17
6/18/2015,146.88
6/19/2015,146.99
6/22/2015,150.68
6/23/2015,156.78
6/24/2015,155.5
6/25/2015,159.63
6/26/2015,168.27
6/29/2015,172.69
6/30/2015,182.05
7/1/2015,174.5
7/2/2015,174.94
7/6/2015,176.19
7/7/2015,173.38
7/8/2015,171.33
7/9/2015,171.24
7/10/2015,170.36
7/13/2015,170.01
7/14/2015,168.52
7/15/2015,167.38
7/16/2015,165.98
7/17/2015,163.62
7/20/2015,157.34
7/21/2015,155
7/22/2015,152.77
7/23/2015,154.17
7/24/2015,151.29
7/27/2015,148.62
7/28/2015,150.9
7/29/2015,146.9
7/30/2015,146.71
7/31/2015,147.44
8/3/2015,147.19
8/4/2015,145.65
8/5/2015,147.93
8/6/2015,149.12
8/7/2015,150.65
8/10/2015,155.26
8/11/2015,150.56
8/12/2015,146.73
8/13/2015,150.57
8/14/2015,151.45
8/17/2015,149.27
8/18/2015,147.51
8/19/2015,147.7
8/20/2015,150.82
8/21/2015,148.6
8/24/2015,149.82
8/25/2015,147.31
8/26/2015,146.07
8/27/2015,144.95
8/28/2015,143.24
8/31/2015,143.79
9/1/2015,143.76
9/2/2015,141.6
9/3/2015,137.93
9/4/2015,138.93
9/8/2015,140.78
9/9/2015,139.87
9/10/2015,141.53
9/11/2015,143.47
9/14/2015,148.15
9/15/2015,146.38
9/16/2015,144.49
9/17/2015,142.46
9/18/2015,143.88
9/21/2015,146.74
9/22/2015,146.3
9/23/2015,149.95
9/24/2015,146.83
9/25/2015,149.93
9/28/2015,149.23
9/29/2015,148.65
9/30/2015,151.2
10/1/2015,152.84
10/2/2015,151.25
10/5/2015,151.87
10/6/2015,155.23
10/7/2015,152.52
10/8/2015,151.01
10/9/2015,150.28
10/12/2015,149.54
10/13/2015,153.23
10/14/2015,150.08
10/15/2015,148.45
10/16/2015,145.26
10/19/2015,143.05
10/20/2015,144.61
10/21/2015,145.68
10/22/2015,144.43
10/23/2015,144.37
10/26/2015,149.75
10/27/2015,149.55
10/28/2015,148.63
10/29/2015,150.93
10/30/2015,152.91
11/2/2015,148.94
11/3/2015,151.24
11/4/2015,153.86
11/5/2015,153.45
11/6/2015,153.29
11/9/2015,147.67
11/10/2015,144.78
11/11/2015,145.93
11/12/2015,146.83
11/13/2015,146.34
11/16/2015,145.88
11/17/2015,143.59
11/18/2015,142.94
11/19/2015,144.83
11/20/2015,143.96
11/23/2015,146.24
11/24/2015,143.72
11/25/2015,143.45
11/27/2015,141.12
11/30/2015,140.66
12/1/2015,139.49
12/2/2015,138.31
12/3/2015,141.65
12/4/2015,143.25
12/7/2015,142.48
12/8/2015,142.06
12/9/2015,144.49
12/10/2015,146.41
12/11/2015,144.79
12/14/2015,145.83
12/15/2015,146.26
12/16/2015,143.05
12/17/2015,143.13
12/18/2015,143.89
12/21/2015,141.55
12/22/2015,139.64
12/23/2015,139.02
12/24/2015,138.46
12/28/2015,138.13
12/29/2015,140.75
12/30/2015,138.87
12/31/2015,139.11
1/4/2016,135.48
1/5/2016,136.53
1/6/2016,136.94
1/7/2016,138.41
1/8/2016,141.37
1/11/2016,138.5
1/12/2016,142.5
1/13/2016,141.45
1/14/2016,138.81
1/15/2016,140.32
1/19/2016,140.42
1/20/2016,139.39
1/21/2016,140.47
1/22/2016,140.54
1/25/2016,142.15
1/26/2016,143.09
1/27/2016,140.58
1/28/2016,139.41
1/29/2016,141.5
2/1/2016,140.24
2/2/2016,140.15
2/3/2016,141.47
2/4/2016,139.23
2/5/2016,137.76
2/8/2016,135.68
2/9/2016,135.7
2/10/2016,136.78
2/11/2016,136.69
2/12/2016,136.45
2/16/2016,138.36
2/17/2016,139.83
2/18/2016,138.42
2/19/2016,138.2
2/22/2016,137.39
2/23/2016,135.02
2/24/2016,133.79
2/25/2016,134.64
2/26/2016,134.06
2/29/2016,134.49
3/1/2016,132.3
3/2/2016,133.63
3/3/2016,136.53
3/4/2016,136.94
3/7/2016,137.53
3/8/2016,138.13
3/9/2016,139.13
3/10/2016,141.64
3/11/2016,141.33
3/14/2016,142.4
3/15/2016,142.05
3/16/2016,140.2
3/17/2016,137.47
3/18/2016,137.51
3/21/2016,138.65
3/22/2016,138.83
3/23/2016,137.68
3/24/2016,137.65
3/28/2016,139.85
3/29/2016,141.49
3/30/2016,137.52
3/31/2016,140.4
4/1/2016,141.02
4/4/2016,140.63
4/5/2016,140.35
4/6/2016,137.02
4/7/2016,135.67
4/8/2016,137.16
4/11/2016,133.62
4/12/2016,135.37
4/13/2016,138.31
4/14/2016,138.17
4/15/2016,138.5
4/18/2016,142.13
4/19/2016,145.99
4/20/2016,151.25
4/21/2016,148.91
4/22/2016,140.35
4/25/2016,141.25
4/26/2016,143.87
4/27/2016,142.78
4/28/2016,143.13
4/29/2016,144.08
5/2/2016,143.65
5/3/2016,138.53
5/4/2016,138.76
5/5/2016,136.57
5/6/2016,136.74
5/9/2016,134.59
5/10/2016,135.83
5/11/2016,134.94
5/12/2016,137.52
5/13/2016,139.49
5/16/2016,139.34
5/17/2016,141.25
5/18/2016,140.78
5/19/2016,137.59
5/20/2016,137.42
5/23/2016,135.94
5/24/2016,136.38
5/25/2016,137.12
5/26/2016,141.4
5/27/2016,141.31
5/31/2016,136.54
6/1/2016,139.25
6/2/2016,142.54
6/3/2016,145.89
6/6/2016,148.74
6/7/2016,150
6/8/2016,153.7
6/9/2016,151.77
6/10/2016,148.01
6/13/2016,147.56
6/14/2016,146.15
6/15/2016,144.08
6/16/2016,142.6
6/17/2016,145.56
6/20/2016,143.28
6/21/2016,138.75
6/22/2016,138.6
6/23/2016,136.73
6/24/2016,136.29
6/27/2016,134.11
6/28/2016,133.7
6/29/2016,130.17
6/30/2016,130.57
7/1/2016,126.31
7/5/2016,127.38
7/6/2016,126.09
7/7/2016,125.23
7/8/2016,128.01
7/11/2016,126.68
7/12/2016,128.94
7/13/2016,129.21
7/14/2016,127.57
7/15/2016,125.14
7/18/2016,126.64
7/19/2016,123.36
7/20/2016,121.95
7/21/2016,123.12
7/22/2016,125.58
7/25/2016,126.72
7/26/2016,122.74
7/27/2016,122.71
7/28/2016,121.44
7/29/2016,120.9
8/1/2016,120.46
8/2/2016,119.17
8/3/2016,121.64
8/4/2016,119.6
8/5/2016,124.31
8/8/2016,125.74
8/9/2016,126.81
8/10/2016,129.3
8/11/2016,129.5
8/12/2016,130.47
8/15/2016,129.78
8/16/2016,130.04
8/17/2016,131.28
8/18/2016,131.74
8/19/2016,131.74
8/22/2016,129.21
8/23/2016,126.99
8/24/2016,126.73
8/25/2016,126.03
8/26/2016,121.26
8/29/2016,117.91
8/30/2016,116.46
8/31/2016,115.56
9/1/2016,117.64
9/2/2016,119.11
9/6/2016,118.75
9/7/2016,119.8
9/8/2016,120.99
9/9/2016,120.43
9/12/2016,122.1
9/13/2016,119.67
9/14/2016,120.3
9/15/2016,119.34
9/16/2016,120.29
9/19/2016,120.43
9/20/2016,121.02
9/21/2016,121.66
9/22/2016,121.04
9/23/2016,120.91
9/26/2016,118.39
9/27/2016,120.59
9/28/2016,120.54
9/29/2016,119.29
9/30/2016,119.89
10/3/2016,117.85
10/4/2016,117.6
10/5/2016,120.57
10/6/2016,117.78
10/7/2016,117.43
10/10/2016,119.8
10/11/2016,120.58
10/12/2016,117.64
10/13/2016,123.13
10/14/2016,124.54
10/17/2016,125.44
10/18/2016,124.53
10/19/2016,124.8
10/20/2016,123.89
10/21/2016,123.21
10/24/2016,119.83
10/25/2016,120.3
10/26/2016,122.23
10/27/2016,122.95
10/28/2016,121.18
10/31/2016,123.23
11/1/2016,122.7
11/2/2016,123.63
11/3/2016,121.97
11/4/2016,122.57
11/7/2016,122.52
11/8/2016,125.16
11/9/2016,123.86
11/10/2016,124.4
11/11/2016,125.24
11/14/2016,122.67
11/15/2016,124.45
11/16/2016,123.11
11/17/2016,124.77
11/18/2016,126.32
11/21/2016,126.8
11/22/2016,126.99
11/23/2016,126.11
11/25/2016,124.86
11/28/2016,124.21
11/29/2016,121.65
11/30/2016,119.76
12/1/2016,117.61
12/2/2016,120.03
12/5/2016,120.96
12/6/2016,120.4
12/7/2016,118.74
12/8/2016,120.75
12/9/2016,123.16
12/12/2016,123.47
12/13/2016,123.56
12/14/2016,123.95
12/15/2016,121.45
12/16/2016,121.57
12/19/2016,120.51
12/20/2016,120.02
12/21/2016,118.92
12/22/2016,118.26
12/23/2016,117.32
12/27/2016,121.86
12/28/2016,119.42
12/29/2016,120.52
12/30/2016,121.49
1/3/2017,120.87
1/4/2017,124.45
1/5/2017,126.76
1/6/2017,125.99
1/9/2017,127.23
1/10/2017,127.1
1/11/2017,124.81
1/12/2017,127.35
1/13/2017,127.53
1/17/2017,129.49
1/18/2017,128.91
1/19/2017,126.55
1/20/2017,127.73
1/23/2017,129.02
1/24/2017,127.3
1/25/2017,126.53
1/26/2017,127.27
1/27/2017,125.37
1/30/2017,123.33
1/31/2017,125.16
2/1/2017,128.9
2/2/2017,129.25
2/3/2017,128.06
2/6/2017,125.94
2/7/2017,128.84
2/8/2017,130.03
2/9/2017,133.95
2/10/2017,136.95
2/13/2017,139.08
2/14/2017,138.16
2/15/2017,139.52
2/16/2017,137.22
2/17/2017,135.74
2/21/2017,134.15
2/22/2017,135.98
2/23/2017,135.39
2/24/2017,133.82
2/27/2017,131.04
2/28/2017,132.6
3/1/2017,136.56
3/2/2017,135.14
3/3/2017,135.41
3/6/2017,136.73
3/7/2017,136.17
3/8/2017,133.52
3/9/2017,132.61
3/10/2017,131.37
3/13/2017,128.25
3/14/2017,128.24
3/15/2017,129.82
3/16/2017,129.98
3/17/2017,130.24
3/20/2017,128.33
3/21/2017,127.04
3/22/2017,125.69
3/23/2017,125.14
3/24/2017,126.04
3/27/2017,124.7
3/28/2017,125.75
3/29/2017,125.96
3/30/2017,124.53
3/31/2017,126.03
4/3/2017,126.25
4/4/2017,126.22
4/5/2017,127.06
4/6/2017,125.22
4/7/2017,126.23
4/10/2017,128.39
4/11/2017,130.64
4/12/2017,131.25
4/13/2017,130.99
4/17/2017,128.72
4/18/2017,129.2
4/19/2017,128.46
4/20/2017,124.61
4/21/2017,124.53
4/24/2017,123.94
4/25/2017,126.39
4/26/2017,126.3
4/27/2017,127.93
4/28/2017,128.37
5/1/2017,135.68
5/2/2017,135.32
5/3/2017,135.06
5/4/2017,130.1
5/5/2017,131.49
5/8/2017,129.08
5/9/2017,127.8
5/10/2017,128.37
5/11/2017,128.93
5/12/2017,128.61
5/15/2017,125.72
5/16/2017,125.72
5/17/2017,126.5
5/18/2017,126.17
5/19/2017,129.13
5/22/2017,128.77
5/23/2017,127.32
5/24/2017,128.17
5/25/2017,127.66
5/26/2017,129.81
5/30/2017,127.48
5/31/2017,127.34
6/1/2017,127.22
6/2/2017,127.48
6/5/2017,127.29
6/6/2017,129.25
6/7/2017,132.74
6/8/2017,135.11
6/9/2017,135.07
6/12/2017,132.7
6/13/2017,136.95
6/14/2017,136.52
6/15/2017,139.8
6/16/2017,143.25
6/19/2017,143.57
6/20/2017,144.79
6/21/2017,142.43
6/22/2017,141.43
6/23/2017,140.83
6/26/2017,138.28
6/27/2017,139.36
6/28/2017,140.58
6/29/2017,147.17
6/30/2017,156.06
7/3/2017,164.71
7/5/2017,166.49
7/6/2017,160.15
7/7/2017,158.99
7/10/2017,163.39
7/11/2017,164.12
7/12/2017,159.53
7/13/2017,151.86
7/14/2017,151.51
7/17/2017,149.97
7/18/2017,149.22
7/19/2017,148.89
7/20/2017,149.75
7/21/2017,147.75
7/24/2017,144.76
7/25/2017,140.39
7/26/2017,141.44
7/27/2017,142.23
7/28/2017,142.53
7/31/2017,140.62
8/1/2017,136.91
8/2/2017,136.75
8/3/2017,135.76
8/4/2017,135.03
8/7/2017,139.15
8/8/2017,138.83
8/9/2017,141.25
8/10/2017,137.64
8/11/2017,138.51
8/14/2017,138.41
8/15/2017,135.01
8/16/2017,132.46
8/17/2017,130.68
8/18/2017,131.11
8/21/2017,129.42
8/22/2017,127.01
8/23/2017,127.18
8/24/2017,128.68
8/25/2017,128.8
8/28/2017,126.68
8/29/2017,127.15
8/30/2017,127.32
8/31/2017,128.85
9/1/2017,130.01
9/5/2017,131.39
9/6/2017,132.26
9/7/2017,129.83
9/8/2017,129.93
9/11/2017,128.83
9/12/2017,130.96
9/13/2017,131.4
9/14/2017,131.22
9/15/2017,132.88
9/18/2017,131.35
9/19/2017,131.22
9/20/2017,133.17
9/21/2017,133.92
9/22/2017,133.24
9/25/2017,134.53
9/26/2017,134.37
9/27/2017,136.61
9/28/2017,134.71
9/29/2017,132.51
10/2/2017,131.48
10/3/2017,132.4
10/4/2017,130.63
10/5/2017,130.23
10/6/2017,131.03
10/9/2017,128.9
10/10/2017,128.75
10/11/2017,128.1
10/12/2017,127.33
10/13/2017,130.05
10/16/2017,129.19
10/17/2017,128.75
10/18/2017,127.31
10/19/2017,128.04
10/20/2017,126.05
10/23/2017,129.24
10/24/2017,129.57
10/25/2017,128.94
10/26/2017,127.74
10/27/2017,126.5
10/30/2017,125.7
10/31/2017,123.9
11/1/2017,123.74
11/2/2017,126.23
11/3/2017,126.23
11/6/2017,127.61
11/7/2017,127.6
11/8/2017,128.54
11/9/2017,130.01
11/10/2017,132.09
11/13/2017,131.41
11/14/2017,131.95
11/15/2017,129.58
11/16/2017,129.59
11/17/2017,131.2
11/20/2017,129.67
11/21/2017,130.56
11/22/2017,130.48
11/24/2017,128.68
11/27/2017,126.73
11/28/2017,127.12
11/29/2017,128.65
11/30/2017,128.23
12/1/2017,129.89
12/4/2017,128.91
12/5/2017,128.17
12/6/2017,125.92
12/7/2017,124.87
12/8/2017,124.11
12/11/2017,122.5
12/12/2017,121.75
12/13/2017,123.47
12/14/2017,123.95
12/15/2017,123.9
12/18/2017,124.54
12/19/2017,124.35
12/20/2017,125.44
12/21/2017,126.38
12/22/2017,125.73
12/26/2017,125
12/27/2017,126.69
12/28/2017,126.7
12/29/2017,126.55
1/2/2018,128.54
1/3/2018,129.5
1/4/2018,128.95
1/5/2018,128.05
1/8/2018,127.08
1/9/2018,128.49
1/10/2018,129.05
1/11/2018,128.8
1/12/2018,124.95
1/16/2018,123.75
1/17/2018,125.23
1/18/2018,126.26
1/19/2018,125.55
1/22/2018,126.31
1/23/2018,124.99
1/24/2018,128.29
1/25/2018,128.77
1/26/2018,130.78
1/29/2018,133.34
1/30/2018,136.26
1/31/2018,134.82
2/1/2018,134.63
2/2/2018,133.4
2/5/2018,131.79
2/6/2018,133.64
2/7/2018,138.49
2/8/2018,137.91
2/9/2018,136.31
2/12/2018,141.33
2/13/2018,141.33
2/14/2018,139.99
2/15/2018,141.92
2/16/2018,141.08
2/20/2018,138.58
2/21/2018,137.54
2/22/2018,138.93
2/23/2018,138.83
2/26/2018,141.37
2/27/2018,143.07
2/28/2018,148.37
3/1/2018,154.49
3/2/2018,150.26
3/5/2018,153.15
3/6/2018,152.38
3/7/2018,149.65
3/8/2018,150.05
3/9/2018,146.91
3/12/2018,147.37
3/13/2018,146.26
3/14/2018,147.06
3/15/2018,144.02
3/16/2018,140.58
3/19/2018,134.77
3/20/2018,135.28
3/21/2018,135.12
3/22/2018,135.99
3/23/2018,137.55
3/26/2018,135.46
3/27/2018,133.97
3/28/2018,132.96
3/29/2018,134.64
4/2/2018,133.55
4/3/2018,137.26
4/4/2018,136.93
4/5/2018,139.81
4/6/2018,143.08
4/9/2018,149.31
4/10/2018,150.66
4/11/2018,150.35
4/12/2018,149.38
4/13/2018,146.6
4/16/2018,143.09
4/17/2018,143.83
4/18/2018,146.16
4/19/2018,146.92
4/20/2018,142.98
4/23/2018,142.37
4/24/2018,145.23
4/25/2018,149.59
4/26/2018,147.02
4/27/2018,149.71
4/30/2018,152.97
5/1/2018,158.33
5/2/2018,157.88
5/3/2018,161.29
5/4/2018,157.79
5/7/2018,153.33
5/8/2018,153.96
5/9/2018,152.61
5/10/2018,151.39
5/11/2018,149.02
5/14/2018,146.75
5/15/2018,147.28
5/16/2018,147.72
5/17/2018,148.79
5/18/2018,154.88
5/21/2018,151.54
5/22/2018,155.75
5/23/2018,158.67
5/24/2018,158.33
5/25/2018,162.25
5/29/2018,160.26
5/30/2018,155.88
5/31/2018,156.99
6/1/2018,156.18
6/4/2018,150.77
6/5/2018,152.34
6/6/2018,155.29
6/7/2018,158.28
6/8/2018,157.25
6/11/2018,156.61
6/12/2018,163.23
6/13/2018,159.28
6/14/2018,154.61
6/15/2018,153.48
6/18/2018,149.49
6/19/2018,145.69
6/20/2018,148.4
6/21/2018,150.43
6/22/2018,149.57
6/25/2018,145.24
6/26/2018,142.74
6/27/2018,144.21
6/28/2018,142.65
6/29/2018,147.84
7/2/2018,141.81
7/3/2018,145.15
7/5/2018,149.73
7/6/2018,152.62
7/9/2018,150.49
7/10/2018,146.04
7/11/2018,140
7/12/2018,143.44
7/13/2018,147.02
7/16/2018,144.58
7/17/2018,147.13
7/18/2018,146.18
7/19/2018,149.01
7/20/2018,152.51
7/23/2018,152.13
7/24/2018,151.25
7/25/2018,160.79
7/26/2018,158.91
7/27/2018,157.41
7/30/2018,162.11
7/31/2018,164.35
8/1/2018,165.86
8/2/2018,166.74
8/3/2018,165.62
8/6/2018,171.06
8/7/2018,170.56
8/8/2018,172.56
8/9/2018,172.32
8/10/2018,168.46
8/13/2018,164.97
8/14/2018,167.12
8/15/2018,164.29
8/16/2018,167.45
8/17/2018,172.67
8/20/2018,167.55
8/21/2018,163.32
8/22/2018,162.42
8/23/2018,161.43
8/24/2018,159.72
8/27/2018,155.39
8/28/2018,155.42
8/29/2018,161.1
8/30/2018,159
8/31/2018,162.23
9/4/2018,157.93
9/5/2018,155.09
9/6/2018,152.51
9/7/2018,151.8
9/10/2018,156.78
9/11/2018,154.06
9/12/2018,150.24
9/13/2018,147.66
9/14/2018,151.96
9/17/2018,150.51
9/18/2018,151.71
9/19/2018,155.15
9/20/2018,155.55
9/21/2018,154.91
9/24/2018,156.38
9/25/2018,154.47
9/26/2018,153.65
9/27/2018,152.37
9/28/2018,151.05
10/1/2018,151.19
10/2/2018,154.16
10/3/2018,152.99
10/4/2018,153.85
10/5/2018,154.68
10/8/2018,152.62
10/9/2018,152.98
10/10/2018,151.72
10/11/2018,150.98
10/12/2018,153.8
10/15/2018,156.08
10/16/2018,155.5
10/17/2018,153.66
10/18/2018,152.21
10/19/2018,152.71
10/22/2018,150.6
10/23/2018,150.82
10/24/2018,147.94
10/25/2018,144.42
10/26/2018,149.49
10/29/2018,150.03
10/30/2018,147.86
10/31/2018,147.94
11/1/2018,150.19
11/2/2018,150.56
11/5/2018,150.24
11/6/2018,151.55
11/7/2018,151.62
11/8/2018,151.56
11/9/2018,150.18
11/12/2018,154.82
11/13/2018,152.99
11/14/2018,151.31
11/15/2018,151.89
11/16/2018,152.21
11/19/2018,149.68
11/20/2018,150.06
11/21/2018,149.38
11/23/2018,149.05
11/26/2018,150.87
11/27/2018,148.72
11/28/2018,150.44
11/29/2018,149.58
11/30/2018,151.94
12/3/2018,153.62
12/4/2018,153.83
12/5/2018,152.32
12/6/2018,151.58
12/7/2018,156.3
12/10/2018,154.79
12/11/2018,153.45
12/12/2018,155.14
12/13/2018,157.91
12/14/2018,156.4
12/17/2018,157.86
12/18/2018,156.98
12/19/2018,154.03
12/20/2018,154.33
12/21/2018,151.69
12/24/2018,152.25
12/26/2018,150.3
12/27/2018,150.38
12/28/2018,150.68
12/31/2018,148.29
1/2/2019,149.35
1/3/2019,151.68
1/4/2019,152.59
1/7/2019,152.34
1/8/2019,152.71
1/9/2019,153.26
1/10/2019,151.37
1/11/2019,153.07
1/14/2019,151.49
1/15/2019,150.51
1/16/2019,150.85
1/17/2019,152.64
1/18/2019,152.79
1/22/2019,153.84
1/23/2019,155.29
1/24/2019,154.03
1/25/2019,153.54
1/28/2019,153.06
1/29/2019,151.36
1/30/2019,152.29
1/31/2019,152
2/1/2019,154.44
2/4/2019,154.91
2/5/2019,155.3
2/6/2019,154.87
2/7/2019,151.35
2/8/2019,152.22
2/11/2019,152.56
2/12/2019,152.88
2/13/2019,154.23
2/14/2019,149.87
2/15/2019,148.81
2/19/2019,144.33
2/20/2019,141.79
2/21/2019,143.68
2/22/2019,144.05
2/25/2019,138.65
2/26/2019,137.21
2/27/2019,136.96
2/28/2019,135.26
3/1/2019,134.78
3/4/2019,134.26
3/5/2019,136.48
3/6/2019,132.7
3/7/2019,129.27
3/8/2019,129.78
3/11/2019,126.56
3/12/2019,133.68
3/13/2019,131.96
3/14/2019,133.17
3/15/2019,135.77
3/18/2019,134.07
3/19/2019,133.96
3/20/2019,136.4
3/21/2019,137.01
3/22/2019,136.76
3/25/2019,137.85
3/26/2019,137.36
3/27/2019,137.5
3/28/2019,135.97
3/29/2019,133.82
4/1/2019,135.26
4/2/2019,135.45
4/3/2019,137.28
4/4/2019,137.42
4/5/2019,136.34
4/8/2019,136.14
4/9/2019,134.96
4/10/2019,134.61
4/11/2019,136.11
4/12/2019,137.05
4/15/2019,135.31
4/16/2019,131.21
4/17/2019,131.88
4/18/2019,131.4
4/22/2019,129.39
4/23/2019,130.32
4/24/2019,128.16
4/25/2019,128.83
4/26/2019,128.75
4/29/2019,126.35
4/30/2019,124.69
5/1/2019,126.75
5/2/2019,128.9
5/3/2019,127.3
5/6/2019,127.25
5/7/2019,127.82
5/8/2019,127.67
5/9/2019,125.14
5/10/2019,123.28
5/13/2019,126.74
5/14/2019,130.18
5/15/2019,129.72
5/16/2019,134.88
5/17/2019,134.7
5/20/2019,138.71
5/21/2019,138.93
5/22/2019,137.32
5/23/2019,136.24
5/24/2019,141.77
5/28/2019,146.56
5/29/2019,142.83
5/30/2019,150.09
5/31/2019,147.09
6/3/2019,151.84
6/4/2019,147.69
6/5/2019,142.33
6/6/2019,147.31
6/7/2019,146.04
6/10/2019,147.35
6/11/2019,150.26
6/12/2019,153.09
6/13/2019,155.69
6/14/2019,156.9
6/17/2019,157
6/18/2019,154.6
6/19/2019,151.98
6/20/2019,153.3
6/21/2019,152.61
6/24/2019,156.19
6/25/2019,155.69
6/26/2019,157.41
6/27/2019,157.43
6/28/2019,151.61
7/1/2019,146.85
7/2/2019,144.1
7/3/2019,147.33
7/5/2019,147.67
7/8/2019,146.44
7/9/2019,144.51
7/10/2019,145.13
7/11/2019,150.37
7/12/2019,151.16
7/15/2019,146.39
7/16/2019,146.11
7/17/2019,145.32
7/18/2019,141.99
7/19/2019,144.53
7/22/2019,140.35
7/23/2019,140.53
7/24/2019,143.45
7/25/2019,143.67
7/26/2019,142.47
7/29/2019,144.47
7/30/2019,142.86
7/31/2019,139.83
8/1/2019,136.77
8/2/2019,140.51
8/5/2019,141.73
8/6/2019,138.74
8/7/2019,140.06
8/8/2019,142.6
8/9/2019,143.09
8/12/2019,135.87
8/13/2019,135.55
8/14/2019,136.12
8/15/2019,135.58
8/16/2019,136.65
8/19/2019,135.34
8/20/2019,133.66
8/21/2019,133.86
8/22/2019,134.98
8/23/2019,136.33
8/26/2019,135.56
8/27/2019,136.11
8/28/2019,135.74
8/29/2019,134.98
8/30/2019,132.41
9/3/2019,129.25
9/4/2019,131.01
9/5/2019,132.94
9/6/2019,132.36
9/9/2019,135.08
9/10/2019,137.23
9/11/2019,135.77
9/12/2019,137.53
9/13/2019,137.18
9/16/2019,139.06
9/17/2019,137.54
9/18/2019,139.28
9/19/2019,138.94
9/20/2019,137.96
9/23/2019,137.61
9/24/2019,137.22
9/25/2019,136.16
9/26/2019,138.02
9/27/2019,138.61
9/30/2019,141.06
10/1/2019,141.44
10/2/2019,138.86
10/3/2019,138.8
10/4/2019,139.04
10/7/2019,138.63
10/8/2019,141.66
10/9/2019,141.91
10/10/2019,139.52
10/11/2019,144.09
10/14/2019,145.26
10/15/2019,144.02
10/16/2019,145.68
10/17/2019,148.84
10/18/2019,150.5
10/21/2019,147.93
10/22/2019,146.39
10/23/2019,147.15
10/24/2019,145.82
10/25/2019,146.46
10/28/2019,144.7
10/29/2019,144.81
10/30/2019,144.26
10/31/2019,144.28
11/1/2019,146.36
11/4/2019,144.76
11/5/2019,146.4
11/6/2019,146.66
11/7/2019,145.85
11/8/2019,145.39
11/11/2019,144.85
11/12/2019,148.89
11/13/2019,146.47
11/14/2019,145.67
11/15/2019,144.18
11/18/2019,145.25
11/19/2019,146.67
11/20/2019,147.53
11/21/2019,145.7
11/22/2019,147.55
11/25/2019,151.61
11/26/2019,150.87
11/27/2019,149.62
11/29/2019,153.64
12/2/2019,151.6
12/3/2019,149.24
12/4/2019,150.03
12/5/2019,148.81
12/6/2019,148.6
12/9/2019,147.81
12/10/2019,148.46
12/11/2019,147.45
12/12/2019,150.81
12/13/2019,151.29
12/16/2019,156.6
12/17/2019,158.41
12/18/2019,156.3
12/19/2019,155.51
12/20/2019,155.01
12/23/2019,154.1
12/24/2019,154.59
12/26/2019,157.14
12/27/2019,159.47
12/30/2019,159.48
12/31/2019,160.52
1/2/2020,160.78
1/3/2020,158.7
1/6/2020,157.91
1/7/2020,157.78
1/8/2020,158.74
1/9/2020,161.64
1/10/2020,162.5
1/13/2020,161.86
1/14/2020,163.56
1/15/2020,164.52
1/16/2020,161.81
1/17/2020,163.74
1/21/2020,166.57
1/22/2020,165.13
1/23/2020,165.69
1/24/2020,163.66
1/27/2020,163.44
1/28/2020,162.52
1/29/2020,160.07
1/30/2020,159.61
1/31/2020,157.7
2/3/2020,158.18
2/4/2020,158.6
2/5/2020,160.17
2/6/2020,158.43
2/7/2020,159.39
2/10/2020,158.11
2/11/2020,156.03
2/12/2020,157.48
2/13/2020,156.45
2/14/2020,155.72
2/18/2020,162.5
2/19/2020,161.42
2/20/2020,160.23
2/21/2020,158.22
2/24/2020,153.15
2/25/2020,153.87
2/26/2020,153.36
2/27/2020,150.96
2/28/2020,150.57
3/2/2020,150.6
3/3/2020,151.48
3/4/2020,149.15
3/5/2020,148.63
3/6/2020,148
3/9/2020,148.17
3/10/2020,149.24
3/11/2020,146.43
3/12/2020,144.65
3/13/2020,144.65
3/16/2020,142.28
3/17/2020,143.29
3/18/2020,146.43
3/19/2020,153.75
3/20/2020,154.95
3/23/2020,161.66
3/24/2020,161.55
3/25/2020,166.36
3/26/2020,162.84
3/27/2020,163.27
3/30/2020,162.9
3/31/2020,163.28
4/1/2020,157.8
4/2/2020,155.05
4/3/2020,157.33
4/6/2020,159.03
4/7/2020,157.48
4/8/2020,157.91
4/9/2020,161.1
4/13/2020,161.02
4/14/2020,159.09
4/15/2020,156.79
4/16/2020,153.78
4/17/2020,155.2
4/20/2020,159.6
4/21/2020,159.48
4/22/2020,158.41
4/23/2020,158.23
4/24/2020,154.34
4/27/2020,152.8
4/28/2020,153.43
4/29/2020,150.84
4/30/2020,153.43
5/1/2020,151.36
5/4/2020,152.34
5/5/2020,152.35
5/6/2020,151.09
5/7/2020,152.26
5/8/2020,152.26
5/11/2020,150.83
5/12/2020,149.76
5/13/2020,145.77
5/14/2020,145.68
5/15/2020,145.29
5/18/2020,144.09
5/19/2020,144.07
5/20/2020,148.28
5/21/2020,148.87
5/22/2020,146.48
5/26/2020,146.28
5/27/2020,146.16
5/28/2020,149.33
5/29/2020,151.22
6/1/2020,149.37
6/2/2020,146.83
6/3/2020,148.28
6/4/2020,152.01
6/5/2020,149.61
6/8/2020,149.16
6/9/2020,147.89
6/10/2020,148.49
6/11/2020,146.76
6/12/2020,147.29
6/15/2020,147.49
6/16/2020,145.06
6/17/2020,143
6/18/2020,141.52
6/19/2020,140.73
6/22/2020,141.93
6/23/2020,142.57
6/24/2020,141.13
6/25/2020,141.5
6/26/2020,137.97
6/29/2020,141.02
6/30/2020,142.41
7/1/2020,144.17
7/2/2020,141.99
7/6/2020,142.63
7/7/2020,143.25
7/8/2020,149.15
7/9/2020,150.97
7/10/2020,152.5
7/13/2020,150.26
7/14/2020,150.11
7/15/2020,156.71
7/16/2020,152.48
7/17/2020,152.37
7/20/2020,148.48
7/21/2020,150.35
7/22/2020,152.3
7/23/2020,150.62
7/24/2020,153.45
7/27/2020,150.09
7/28/2020,148.95
7/29/2020,151.69
7/30/2020,150.51
7/31/2020,151.1
8/3/2020,147.91
8/4/2020,144.46
8/5/2020,145.36
8/6/2020,142.54
8/7/2020,141.71
8/10/2020,141.25
8/11/2020,142.89
8/12/2020,142.75
8/13/2020,145.31
8/14/2020,145.92
8/17/2020,150.58
8/18/2020,148.12
8/19/2020,149.73
8/20/2020,151.43
8/21/2020,153.15
8/24/2020,150.7
8/25/2020,153.15
8/26/2020,154.55
8/27/2020,157.85
8/28/2020,157.43
8/31/2020,158.43
9/1/2020,161.81
9/2/2020,160.05
9/3/2020,158.68
9/4/2020,157.76
9/8/2020,156.23
9/9/2020,156.26
9/10/2020,157.47
9/11/2020,155.91
9/14/2020,156.9
9/15/2020,154.83
9/16/2020,156.23
9/17/2020,160.34
9/18/2020,165.77
9/21/2020,160
9/22/2020,161.08
9/23/2020,158.52
9/24/2020,158.57
9/25/2020,156.73
9/28/2020,158.66
9/29/2020,157.91
9/30/2020,166.89
10/1/2020,164.96
10/2/2020,165.86
10/5/2020,169.47
10/6/2020,172.15
10/7/2020,176.17
10/8/2020,172.21
10/9/2020,172.47
10/12/2020,172.15
10/13/2020,172.16
10/14/2020,173.09
10/15/2020,179.62
10/16/2020,181.18
10/19/2020,181.92
10/20/2020,183.66
10/21/2020,183.07
10/22/2020,180.77
10/23/2020,183.72
10/26/2020,179.49
10/27/2020,178.35
10/28/2020,176.34
10/29/2020,175.16
10/30/2020,173.97
11/2/2020,176.89
11/3/2020,177.33
11/4/2020,177.13
11/5/2020,178.1
11/6/2020,176.32
11/9/2020,175.65
11/10/2020,179.22
11/11/2020,176.88
11/12/2020,174.67
11/13/2020,176.33
11/16/2020,177.44
11/17/2020,176.63
11/18/2020,177.78
11/19/2020,175.34
11/20/2020,175.69
11/23/2020,176.87
11/24/2020,180.53
11/25/2020,174.32
11/27/2020,177.59
11/30/2020,171.54
12/1/2020,169.21
12/2/2020,172.86
12/3/2020,171.66
12/4/2020,169.14
12/7/2020,169.8
12/8/2020,167.48
12/9/2020,171.5
12/10/2020,175.39
12/11/2020,180.74
12/14/2020,175.29
12/15/2020,176.3
12/16/2020,175.66
12/17/2020,178.58
12/18/2020,178.41
12/21/2020,179.49
12/22/2020,181.12
12/23/2020,184.6
12/24/2020,184.09
12/28/2020,180.34
12/29/2020,181.92
12/30/2020,188.07
12/31/2020,188.2
1/4/2021,188.2
1/5/2021,191.6
1/6/2021,189.72
1/7/2021,188.17
1/8/2021,187.11
1/11/2021,186.18
1/12/2021,195.08
1/13/2021,194.4
1/14/2021,197.36
1/15/2021,199.09
1/19/2021,198.49
1/20/2021,196.93
1/21/2021,195.33
1/22/2021,187.81
1/25/2021,192
1/26/2021,196.74
1/27/2021,194.89
1/28/2021,191.57
1/29/2021,196.01
2/1/2021,192.35
2/2/2021,190.49
2/3/2021,191.79
2/4/2021,188.93
2/5/2021,190.56
2/8/2021,195.08
2/9/2021,193.58
2/10/2021,189.44
2/11/2021,189.1
2/12/2021,190.05
2/16/2021,196.14
2/17/2021,192.15
2/18/2021,196.92
2/19/2021,194.43
2/22/2021,198.57
2/23/2021,198.36
2/24/2021,202.96
2/25/2021,199.98
2/26/2021,195.07
3/1/2021,192.04
3/2/2021,196.48
3/3/2021,193.51
3/4/2021,192.01
3/5/2021,192.88
3/8/2021,191.11
3/9/2021,193.66
3/10/2021,191.95
3/11/2021,188.77
3/12/2021,187.85
3/15/2021,189.51
3/16/2021,190.07
3/17/2021,187.95
3/18/2021,184.73
3/19/2021,183.86
3/22/2021,183.29
3/23/2021,185.21
3/24/2021,182.58
3/25/2021,179.16
3/26/2021,179.45
3/29/2021,180.3
3/30/2021,176.16
3/31/2021,181.1
4/1/2021,178.69
4/5/2021,180.01
4/6/2021,178.84
4/7/2021,179.66
4/8/2021,183.66
4/9/2021,186.87
4/12/2021,184.34
4/13/2021,185.59
4/14/2021,191.09
4/15/2021,192.52
4/16/2021,192.51
4/19/2021,192.46
4/20/2021,194.86
4/21/2021,198.62
4/22/2021,209.37
4/23/2021,210.25
4/26/2021,218.49
4/27/2021,217.29
4/28/2021,213.87
4/29/2021,215.02
4/30/2021,217.02
5/3/2021,212.17
5/4/2021,214.96
5/5/2021,220.27
5/6/2021,222.98
5/7/2021,225.65
5/10/2021,216.13
5/11/2021,219.13
5/12/2021,214.88
5/13/2021,206.04
5/14/2021,207.27
5/17/2021,205.2
5/18/2021,204.44
5/19/2021,199.24
5/20/2021,197.64
5/21/2021,197.34
5/24/2021,194.03
5/25/2021,191.88
5/26/2021,189.68
5/27/2021,197.96
5/28/2021,194.13
6/1/2021,202.61
6/2/2021,201
6/3/2021,197.79
6/4/2021,201.29
6/7/2021,199.5
6/8/2021,201.21
6/9/2021,201.31
6/10/2021,202.36
6/11/2021,201.68
6/14/2021,199.42
6/15/2021,195.35
6/16/2021,195.12
6/17/2021,188.12
6/18/2021,194.82
6/21/2021,194.09
6/22/2021,191.69
6/23/2021,194.83
6/24/2021,191.8
6/25/2021,188.93
6/28/2021,192.76
6/29/2021,191.67
6/30/2021,201.51
7/1/2021,196.73
7/2/2021,192.37
7/6/2021,183.6
7/7/2021,182.87
7/8/2021,182.28
7/9/2021,182.16
7/12/2021,189.47
7/13/2021,187.68
7/14/2021,193.42
7/15/2021,198.28
7/16/2021,203.61
7/19/2021,204.79
7/20/2021,206.07
7/21/2021,208.98
7/22/2021,203.75
7/23/2021,201.32
7/26/2021,199.23
7/27/2021,198.92
7/28/2021,203.5
7/29/2021,208.31
7/30/2021,207.88
8/2/2021,215.97
8/3/2021,215.26
8/4/2021,212.57
8/5/2021,211.37
8/6/2021,214.74
8/9/2021,213.52
8/10/2021,218.57
8/11/2021,218.92
8/12/2021,227.54
8/13/2021,229.94
8/16/2021,229.61
8/17/2021,222.24
8/18/2021,223.46
8/19/2021,220.92
8/20/2021,216.75
8/23/2021,218.02
8/24/2021,217.74
8/25/2021,216.1
8/26/2021,220.17
8/27/2021,218.36
8/30/2021,215.46
8/31/2021,215.15
9/1/2021,212.75
9/2/2021,213.77
9/3/2021,216.93
9/7/2021,215.07
9/8/2021,211.8
9/9/2021,206.24
9/10/2021,205.41
9/13/2021,205.4
9/14/2021,209.66
9/15/2021,213.33
9/16/2021,213.86
9/17/2021,212.32
9/20/2021,209.52
9/21/2021,206.46
9/22/2021,211.09
9/23/2021,214.85
9/24/2021,216.13
9/27/2021,215.88
9/28/2021,211.17
9/29/2021,212.54
9/30/2021,217.5
10/1/2021,226.23
10/4/2021,226.07
10/5/2021,222.43
10/6/2021,223.03
10/7/2021,221.69
10/8/2021,219.81
10/11/2021,219.08
10/12/2021,220
10/13/2021,215.21
10/14/2021,217.27
10/15/2021,220.33
10/18/2021,221.25
10/19/2021,221.14
10/20/2021,224.95
10/21/2021,222.23
10/22/2021,227.59
10/25/2021,228.66
10/26/2021,227.05
10/27/2021,229.13
10/28/2021,232.49
10/29/2021,232.19
11/1/2021,239.21
11/2/2021,237.28
11/3/2021,234.39
11/4/2021,232.43
11/5/2021,230.89
11/8/2021,232.04
11/9/2021,235.82
11/10/2021,243.72
11/11/2021,247.06
11/12/2021,248.37
11/15/2021,250.41
11/16/2021,245.48
11/17/2021,249.43
11/18/2021,248.45
11/19/2021,249.87
11/22/2021,257.21
11/23/2021,260.81
11/24/2021,256.49
11/26/2021,253.66
11/29/2021,248.79
11/30/2021,238.32
12/1/2021,238.78
12/2/2021,245.99
12/3/2021,242.07
12/6/2021,242.47
12/7/2021,243.37
12/8/2021,239.06
12/9/2021,233.94
12/10/2021,236.52
12/13/2021,237.85
12/14/2021,237.41
12/15/2021,228.52
12/16/2021,233.17
12/17/2021,234.65
12/20/2021,235.52
12/21/2021,242.44
12/22/2021,246.71
12/23/2021,247.5
12/27/2021,243.98
12/28/2021,237.46
12/29/2021,238.61
12/30/2021,235.91
12/31/2021,233.04
1/3/2022,229.45
1/4/2022,233.08
1/5/2022,229.68
1/6/2022,224.96
1/7/2022,228.21
1/10/2022,229.23
1/11/2022,232.13
1/12/2022,228.29
1/13/2022,224.39
1/14/2022,222.03
1/18/2022,230.27
1/19/2022,238.47
1/20/2022,236.83
1/21/2022,234.35
1/24/2022,240.84
1/25/2022,245.99
1/26/2022,239.47
1/27/2022,233.73
1/28/2022,236.45
1/31/2022,229.31
2/1/2022,231.4
2/2/2022,226.98
2/3/2022,226.24
2/4/2022,230.12
2/7/2022,232.19
2/8/2022,235.32
2/9/2022,238.12
2/10/2022,234.61
2/11/2022,242.35
2/14/2022,243.01
2/15/2022,236.97
2/16/2022,237.27
2/17/2022,242.57
2/18/2022,243.44
2/22/2022,257.81
2/23/2022,267.35
2/24/2022,282.14
2/25/2022,259.71
2/28/2022,280.89
3/1/2022,295.84
3/2/2022,318.03
3/3/2022,340.46
3/4/2022,361.99
3/7/2022,383.76
3/8/2022,377.36
3/9/2022,351.94
3/10/2022,323.24
3/11/2022,329.4
3/14/2022,328.12
3/15/2022,345.43
3/16/2022,320.01
3/17/2022,327.84
3/18/2022,318.66
3/21/2022,334.17
3/22/2022,334.23
3/23/2022,331.14
3/24/2022,325.45
3/25/2022,330.32
3/28/2022,317.22
3/29/2022,304.16
3/30/2022,308.64
3/31/2022,302.84
4/1/2022,296.82
4/4/2022,304.43
4/5/2022,315.75
4/6/2022,314.45
4/7/2022,309.6
4/8/2022,319.82
4/11/2022,329.64
4/12/2022,336.83
4/13/2022,340.1
4/14/2022,334.76
4/18/2022,342.64
4/19/2022,337.31
4/20/2022,334.26
4/21/2022,327.57
4/22/2022,327.79
4/25/2022,327.49
4/26/2022,333.31
4/27/2022,331.63
4/28/2022,329.38
4/29/2022,319.95
5/2/2022,319.26
5/3/2022,316.66
5/4/2022,325.89
5/5/2022,336.83
5/6/2022,336.73
5/9/2022,332.8
5/10/2022,333.68
5/11/2022,340.17
5/12/2022,360.15
5/13/2022,360.86
5/16/2022,381.8
5/17/2022,389.61
5/18/2022,375.91
5/19/2022,366.94
5/20/2022,356.56
5/23/2022,363.12
5/24/2022,352.29
5/25/2022,350.51
5/26/2022,349.03
5/27/2022,352.68
5/31/2022,331.76
6/1/2022,318.66
6/2/2022,323.6
6/3/2022,317.79
6/6/2022,333.32
6/7/2022,327.68
6/8/2022,329.54
6/9/2022,329.37
6/10/2022,330.75
6/13/2022,331.7
6/14/2022,325.59
6/15/2022,324.48
6/16/2022,331.62
6/17/2022,318.53
6/21/2022,300.38
6/22/2022,300.5
6/23/2022,289.05
6/24/2022,285.25
6/27/2022,279.53
6/28/2022,284.49
6/29/2022,283.27
6/30/2022,270.03
7/1/2022,258.64
7/5/2022,245.95
7/6/2022,244.55
7/7/2022,254.6
7/8/2022,271.18
7/11/2022,261.07
7/12/2022,248
7/13/2022,246.79
7/14/2022,242.26
7/15/2022,237.38
7/18/2022,248.19
7/19/2022,247.69
7/20/2022,249.37
7/21/2022,245.73
7/22/2022,232.11
7/25/2022,236.09
7/26/2022,246.48
7/27/2022,242.3
7/28/2022,250.4
7/29/2022,247.14
8/1/2022,244.86
8/2/2022,237.33
8/3/2022,234.39
8/4/2022,240.49
8/5/2022,239.02
8/8/2022,240.82
8/9/2022,242.23
8/10/2022,248.42
8/11/2022,252.63
8/12/2022,251.84
8/15/2022,250.2
8/16/2022,245.97
8/17/2022,239.47
8/18/2022,229.54
8/19/2022,236.91
8/22/2022,242.21
8/23/2022,245.94
8/24/2022,249.87
8/25/2022,242.39
8/26/2022,247.24
8/29/2022,257.89
8/30/2022,251.77
8/31/2022,255.42
9/1/2022,243.69
9/2/2022,248.14
9/6/2022,249.8
9/7/2022,257.34
9/8/2022,253.31
9/9/2022,265.1
9/12/2022,262.57
9/13/2022,263.5
9/14/2022,267.15
9/15/2022,259.52
9/16/2022,263.47
9/19/2022,255.02
9/20/2022,273.13
9/21/2022,275.63
9/22/2022,278.18
9/23/2022,269.23
9/26/2022,262.62
9/27/2022,266.68
9/28/2022,276.26
9/29/2022,273.98
9/30/2022,281.5
10/3/2022,279.2
10/4/2022,277.25
10/5/2022,277.15
10/6/2022,270.08
10/7/2022,270.66
10/10/2022,287.76
10/11/2022,276.97
10/12/2022,271.2
10/13/2022,274.37
10/14/2022,264.84
10/17/2022,265.09
10/18/2022,261.97
10/19/2022,259.94
10/20/2022,262.34
10/21/2022,262.55
10/24/2022,259.09
10/25/2022,257.93
10/26/2022,259.7
10/27/2022,258.58
10/28/2022,255.97
10/31/2022,271.9
11/1/2022,277.24
11/2/2022,260.86
11/3/2022,259.74
11/4/2022,262.29
11/7/2022,262.92
11/8/2022,258.91
11/9/2022,254.02
11/10/2022,254.01
11/11/2022,258.4
11/14/2022,259.91
11/15/2022,262.44
11/16/2022,259.4
11/17/2022,255.35
11/18/2022,254.28
11/21/2022,253.37
11/22/2022,250.81
11/23/2022,252.09
11/25/2022,247.83
11/28/2022,242.9
11/29/2022,242.44
11/30/2022,246.54
12/1/2022,243.03
12/2/2022,236.63