Effective date ,S&P 500 Bond Index
11/30/2012,369.57
12/3/2012,369.58
12/4/2012,370.03
12/5/2012,370.41
12/6/2012,370.65
12/7/2012,369.83
12/10/2012,370.2
12/11/2012,369.7
12/12/2012,368.79
12/13/2012,368.59
12/14/2012,369.11
12/17/2012,368.27
12/18/2012,367.03
12/19/2012,368.05
12/20/2012,368.13
12/21/2012,369.19
12/24/2012,368.94
12/25/2012,368.9
12/26/2012,369.11
12/27/2012,370.24
12/28/2012,370.34
12/31/2012,369.45
1/1/2013,369.3
1/2/2013,368.38
1/3/2013,367.64
1/4/2013,367.73
1/7/2013,368.4
1/8/2013,368.98
1/9/2013,369.35
1/10/2013,368.84
1/11/2013,369.25
1/14/2013,369.5
1/15/2013,369.71
1/16/2013,369.6
1/17/2013,368.7
1/18/2013,369.34
1/21/2013,369.11
1/22/2013,369.71
1/23/2013,369.64
1/24/2013,369.52
1/25/2013,367.7
1/28/2013,367.42
1/29/2013,367.11
1/30/2013,366.63
1/31/2013,366.89
2/1/2013,366.36
2/4/2013,367.07
2/5/2013,366.35
2/6/2013,367.1
2/7/2013,367.44
2/8/2013,367.33
2/11/2013,367.68
2/12/2013,366.91
2/13/2013,366.43
2/14/2013,367.45
2/15/2013,367.28
2/18/2013,367.37
2/19/2013,366.95
2/20/2013,367.01
2/21/2013,367.77
2/22/2013,368.1
2/25/2013,369.7
2/26/2013,369.73
2/27/2013,369.19
2/28/2013,369.58
3/1/2013,370.09
3/4/2013,369.74
3/5/2013,369.58
3/6/2013,368.83
3/7/2013,367.92
3/8/2013,367.02
3/11/2013,367.14
3/12/2013,367.9
3/13/2013,367.93
3/14/2013,367.74
3/15/2013,368.35
3/18/2013,369.05
3/19/2013,369.97
3/20/2013,369.28
3/21/2013,369.3
3/22/2013,369.54
3/25/2013,369.52
3/26/2013,369.53
3/27/2013,370.16
3/28/2013,370
3/29/2013,370.09
4/1/2013,370.49
4/2/2013,370.13
4/3/2013,371.11
4/4/2013,372.42
4/5/2013,374.31
4/8/2013,373.8
4/9/2013,373.65
4/10/2013,372.64
4/11/2013,373.06
4/12/2013,374.5
4/15/2013,375.08
4/16/2013,374.69
4/17/2013,374.9
4/18/2013,375.24
4/19/2013,374.96
4/22/2013,375.23
4/23/2013,375.3
4/24/2013,375.51
4/25/2013,375.33
4/26/2013,376.37
4/29/2013,376.35
4/30/2013,376.27
5/1/2013,377.17
5/2/2013,377.47
5/3/2013,375.17
5/6/2013,374.9
5/7/2013,374.93
5/8/2013,375.43
5/9/2013,375.12
5/10/2013,373.27
5/13/2013,372.94
5/14/2013,372.33
5/15/2013,372.56
5/16/2013,374.2
5/17/2013,372.58
5/20/2013,372.5
5/21/2013,372.95
5/22/2013,371.59
5/23/2013,371.65
5/24/2013,371.95
5/27/2013,371.66
5/28/2013,369.69
5/29/2013,369.52
5/30/2013,369.16
5/31/2013,368.08
6/3/2013,368.35
6/4/2013,367.69
6/5/2013,367.42
6/6/2013,367.75
6/7/2013,366.18
6/10/2013,365.29
6/11/2013,365.22
6/12/2013,364.33
6/13/2013,365.17
6/14/2013,366.41
6/17/2013,365.65
6/18/2013,365.48
6/19/2013,362.93
6/20/2013,359.42
6/21/2013,357.93
6/24/2013,356.42
6/25/2013,355.4
6/26/2013,356.61
6/27/2013,357.87
6/28/2013,358.8
7/1/2013,359.17
7/2/2013,359.84
7/3/2013,359.34
7/4/2013,359.13
7/5/2013,355.57
7/8/2013,357.22
7/9/2013,357.89
7/10/2013,357.37
7/11/2013,359.69
7/12/2013,359.35
7/15/2013,360.45
7/16/2013,361.21
7/17/2013,362.09
7/18/2013,361.6
7/19/2013,362.82
7/22/2013,363.42
7/23/2013,363.05
7/24/2013,361.72
7/25/2013,361.3
7/26/2013,362.31
7/29/2013,361.82
7/30/2013,361.56
7/31/2013,361.79
8/1/2013,359.46
8/2/2013,361.54
8/5/2013,360.83
8/6/2013,360.81
8/7/2013,361.46
8/8/2013,361.82
8/9/2013,361.86
8/12/2013,361.3
8/13/2013,359.27
8/14/2013,359.25
8/15/2013,358.11
8/16/2013,356.89
8/19/2013,355.82
8/20/2013,356.83
8/21/2013,355.98
8/22/2013,355.45
8/23/2013,357.1
8/26/2013,357.69
8/27/2013,359.29
8/28/2013,358.2
8/29/2013,359.08
8/30/2013,359.5
9/2/2013,358.32
9/3/2013,357.83
9/4/2013,356.99
9/5/2013,355.13
9/6/2013,355.48
9/9/2013,356.38
9/10/2013,355.31
9/11/2013,356.06
9/12/2013,356.25
9/13/2013,356.32
9/16/2013,356.72
9/17/2013,357.3
9/18/2013,359.82
9/19/2013,359.47
9/20/2013,360.08
9/23/2013,360.45
9/24/2013,361.78
9/25/2013,362.43
9/26/2013,361.73
9/27/2013,361.91
9/30/2013,361.68
10/1/2013,361.24
10/2/2013,361.83
10/3/2013,362.25
10/4/2013,361.78
10/7/2013,362.24
10/8/2013,362.25
10/9/2013,361.93
10/10/2013,361.83
10/11/2013,362.22
10/14/2013,361.49
10/15/2013,361.93
10/16/2013,363.23
10/17/2013,365
10/18/2013,365.28
10/21/2013,365.08
10/22/2013,366.86
10/23/2013,367.29
10/24/2013,366.59
10/25/2013,367.01
10/28/2013,366.97
10/29/2013,367.1
10/30/2013,366.94
10/31/2013,366.86
11/1/2013,365.57
11/4/2013,365.92
11/5/2013,364.73
11/6/2013,364.9
11/7/2013,365.63
11/8/2013,363.14
11/11/2013,363.06
11/12/2013,362.82
11/13/2013,363.49
11/14/2013,364.48
11/15/2013,364.54
11/18/2013,365.62
11/19/2013,364.97
11/20/2013,363.62
11/21/2013,364.15
11/22/2013,364.94
11/25/2013,365.39
11/26/2013,366.46
11/27/2013,365.9
11/28/2013,365.84
11/29/2013,365.73
12/2/2013,365.11
12/3/2013,365.63
12/4/2013,364.37
12/5/2013,364.1
12/6/2013,364
12/9/2013,364.65
12/10/2013,366.08
12/11/2013,365.39
12/12/2013,364.95
12/13/2013,365.43
12/16/2013,365.45
12/17/2013,366.31
12/18/2013,365.78
12/19/2013,365.72
12/20/2013,366.86
12/23/2013,366.58
12/24/2013,365.46
12/25/2013,365.58
12/26/2013,365.36
12/27/2013,365.22
12/30/2013,366.19
12/31/2013,365.67
1/1/2014,365.31
1/2/2014,366.65
1/3/2014,366.14
1/6/2014,367.08
1/7/2014,367.59
1/8/2014,366.57
1/9/2014,367.2
1/10/2014,369.21
1/13/2014,369.97
1/14/2014,369.07
1/15/2014,368.89
1/16/2014,369.58
1/17/2014,369.89
1/20/2014,370.14
1/21/2014,370.19
1/22/2014,369.44
1/23/2014,370.97
1/24/2014,371.21
1/27/2014,370.54
1/28/2014,370.87
1/29/2014,372.01
1/30/2014,371.7
1/31/2014,371.96
2/3/2014,373.56
2/4/2014,372.84
2/5/2014,371.88
2/6/2014,371.51
2/7/2014,372.24
2/10/2014,372.5
2/11/2014,372.11
2/12/2014,371.45
2/13/2014,372.74
2/14/2014,372.76
2/17/2014,372.98
2/18/2014,373.69
2/19/2014,373.17
2/20/2014,372.83
2/21/2014,373.38
2/24/2014,373.32
2/25/2014,374.58
2/26/2014,375.22
2/27/2014,375.99
2/28/2014,376.08
3/3/2014,376.94
3/4/2014,375.41
3/5/2014,375.29
3/6/2014,374.4
3/7/2014,373.31
3/10/2014,373.34
3/11/2014,373.69
3/12/2014,374.3
3/13/2014,375.67
3/14/2014,375.65
3/17/2014,374.81
3/18/2014,375.16
3/19/2014,373.64
3/20/2014,373.84
3/21/2014,374.69
3/24/2014,375.3
3/25/2014,375.5
3/26/2014,376.32
3/27/2014,376.97
3/28/2014,376.3
3/31/2014,376.3
4/1/2014,375.8
4/2/2014,374.94
4/3/2014,375.54
4/4/2014,376.89
4/7/2014,377.72
4/8/2014,378.07
4/9/2014,378.06
4/10/2014,379.46
4/11/2014,379.74
4/14/2014,379.54
4/15/2014,379.79
4/16/2014,379.8
4/17/2014,378.38
4/18/2014,378.31
4/21/2014,378.46
4/22/2014,378.67
4/23/2014,379.54
4/24/2014,379.63
4/25/2014,380.09
4/28/2014,379.85
4/29/2014,379.47
4/30/2014,380.39
5/1/2014,381.54
5/2/2014,381.99
5/5/2014,381.56
5/6/2014,382.07
5/7/2014,381.96
5/8/2014,382.17
5/9/2014,381.54
5/12/2014,381.1
5/13/2014,382.01
5/14/2014,383.61
5/15/2014,384.16
5/16/2014,383.91
5/19/2014,383.55
5/20/2014,384.01
5/21/2014,383.23
5/22/2014,382.84
5/23/2014,383.46
5/26/2014,383.68
5/27/2014,384.13
5/28/2014,385.84
5/29/2014,385.55
5/30/2014,385.33
6/2/2014,383.88
6/3/2014,382.72
6/4/2014,382.49
6/5/2014,382.97
6/6/2014,382.89
6/9/2014,382.77
6/10/2014,382.44
6/11/2014,382.44
6/12/2014,383.71
6/13/2014,383.41
6/16/2014,383.75
6/17/2014,382.67
6/18/2014,383.4
6/19/2014,383.2
6/20/2014,383.32
6/23/2014,383.6
6/24/2014,384.52
6/25/2014,385.03
6/26/2014,385.83
6/27/2014,385.46
6/30/2014,385.92
7/1/2014,384.84
7/2/2014,383.32
7/3/2014,382.97
7/4/2014,383.15
7/7/2014,383.87
7/8/2014,385.01
7/9/2014,385.45
7/10/2014,385.47
7/11/2014,385.84
7/14/2014,385.35
7/15/2014,385.28
7/16/2014,385.56
7/17/2014,386.77
7/18/2014,386.39
7/21/2014,386.7
7/22/2014,387.01
7/23/2014,387.04
7/24/2014,386.16
7/25/2014,387.21
7/28/2014,386.76
7/29/2014,387.52
7/30/2014,385.55
7/31/2014,385.28
8/1/2014,385.78
8/4/2014,385.95
8/5/2014,386.18
8/6/2014,386.13
8/7/2014,387.14
8/8/2014,387.19
8/11/2014,387.15
8/12/2014,386.64
8/13/2014,387.36
8/14/2014,388.26
8/15/2014,389.49
8/18/2014,388.55
8/19/2014,388.09
8/20/2014,387.77
8/21/2014,388.43
8/22/2014,388.82
8/25/2014,389.34
8/26/2014,389.26
8/27/2014,390.16
8/28/2014,390.93
8/29/2014,390.76
9/1/2014,390.64
9/2/2014,388.96
9/3/2014,389.15
9/4/2014,388.11
9/5/2014,387.7
9/8/2014,387.69
9/9/2014,387.13
9/10/2014,386.14
9/11/2014,386.29
9/12/2014,384.39
9/15/2014,384.81
9/16/2014,384.68
9/17/2014,384.28
9/18/2014,384.13
9/19/2014,385.28
9/22/2014,385.75
9/23/2014,386.39
9/24/2014,385.45
9/25/2014,386.53
9/26/2014,385.73
9/29/2014,386.3
9/30/2014,385.74
10/1/2014,388
10/2/2014,387.36
10/3/2014,387.77
10/6/2014,388.48
10/7/2014,390.07
10/8/2014,390.24
10/9/2014,390.25
10/10/2014,390.58
10/13/2014,391.78
10/14/2014,392.34
10/15/2014,393.63
10/16/2014,392.12
10/17/2014,391.77
10/20/2014,392.25
10/21/2014,392.12
10/22/2014,391.74
10/23/2014,390.69
10/24/2014,390.64
10/27/2014,391.05
10/28/2014,390.48
10/29/2014,389.92
10/30/2014,390.24
10/31/2014,389.6
11/3/2014,389.43
11/4/2014,389.37
11/5/2014,389.18
11/6/2014,388.54
11/7/2014,389.72
11/10/2014,388.74
11/11/2014,388.63
11/12/2014,388.75
11/13/2014,388.81
11/14/2014,389.26
11/17/2014,388.56
11/18/2014,388.56
11/19/2014,387.79
11/20/2014,388.24
11/21/2014,389.02
11/24/2014,389.41
11/25/2014,390.73
11/26/2014,391.46
11/27/2014,391.91
11/28/2014,392.29
12/1/2014,391.27
12/2/2014,389.69
12/3/2014,389.79
12/4/2014,390.43
12/5/2014,389.7
12/8/2014,390.77
12/9/2014,390.99
12/10/2014,391.69
12/11/2014,391.43
12/12/2014,392.64
12/15/2014,392.22
12/16/2014,392.46
12/17/2014,390.96
12/18/2014,390.53
12/19/2014,391.49
12/22/2014,392.22
12/23/2014,390.23
12/24/2014,390.52
12/25/2014,390.47
12/26/2014,390.91
12/29/2014,392.07
12/30/2014,392.6
12/31/2014,392.98
1/1/2015,393.01
1/2/2015,394.25
1/5/2015,396.03
1/6/2015,397.43
1/7/2015,397.71
1/8/2015,396.33
1/9/2015,397.44
1/12/2015,398.84
1/13/2015,399.01
1/14/2015,399.44
1/15/2015,400.71
1/16/2015,399.42
1/19/2015,400.56
1/20/2015,399.97
1/21/2015,398.96
1/22/2015,398.47
1/23/2015,400.42
1/26/2015,400.44
1/27/2015,400.48
1/28/2015,402.98
1/29/2015,402.26
1/30/2015,403.87
2/2/2015,404.12
2/3/2015,401.8
2/4/2015,401.75
2/5/2015,401.43
2/6/2015,399.16
2/9/2015,399.18
2/10/2015,398.25
2/11/2015,398.42
2/12/2015,398.62
2/13/2015,397.76
2/16/2015,397
2/17/2015,395.53
2/18/2015,397.33
2/19/2015,396.66
2/20/2015,396.51
2/23/2015,398.66
2/24/2015,400.4
2/25/2015,400.91
2/26/2015,399.9
2/27/2015,400.39
3/2/2015,398.44
3/3/2015,397.83
3/4/2015,397.78
3/5/2015,398.19
3/6/2015,395.25
3/9/2015,396.3
3/10/2015,397.59
3/11/2015,398.04
3/12/2015,398.14
3/13/2015,397.61
3/16/2015,397.68
3/17/2015,398.34
3/18/2015,400.71
3/19/2015,400.35
3/20/2015,401.42
3/23/2015,401.61
3/24/2015,402.63
3/25/2015,401.59
3/26/2015,399.35
3/27/2015,401.16
3/30/2015,400.89
3/31/2015,401.5
4/1/2015,403.11
4/2/2015,402.39
4/3/2015,403.85
4/6/2015,402.38
4/7/2015,403.22
4/8/2015,403.52
4/9/2015,401.91
4/10/2015,402.27
4/13/2015,402.69
4/14/2015,403.45
4/15/2015,403.5
4/16/2015,403.84
4/17/2015,404.6
4/20/2015,403.38
4/21/2015,403.07
4/22/2015,401.67
4/23/2015,402.15
4/24/2015,402.77
4/27/2015,402.75
4/28/2015,401.31
4/29/2015,399.46
4/30/2015,398.95
5/1/2015,397.33
5/4/2015,396.77
5/5/2015,395.88
5/6/2015,394.3
5/7/2015,395.63
5/8/2015,396.29
5/11/2015,393.57
5/12/2015,393.89
5/13/2015,393.41
5/14/2015,393.96
5/15/2015,396.49
5/18/2015,394.58
5/19/2015,393.74
5/20/2015,393.5
5/21/2015,394.88
5/22/2015,394
5/25/2015,394.67
5/26/2015,396.21
5/27/2015,396.29
5/28/2015,396.17
5/29/2015,396.81
6/1/2015,394.39
6/2/2015,392.67
6/3/2015,390.82
6/4/2015,392.22
6/5/2015,390.27
6/8/2015,390.68
6/9/2015,389.57
6/10/2015,388.24
6/11/2015,390.41
6/12/2015,390.31
6/15/2015,390.59
6/16/2015,391.18
6/17/2015,391.23
6/18/2015,390.1
6/19/2015,391.87
6/22/2015,389.87
6/23/2015,388.92
6/24/2015,389.87
6/25/2015,389.53
6/26/2015,387.7
6/29/2015,390.61
6/30/2015,390.49
7/1/2015,388.78
7/2/2015,389.39
7/6/2015,391.91
7/7/2015,392.92
7/8/2015,393.35
7/9/2015,391.09
7/10/2015,388.59
7/13/2015,388.56
7/14/2015,389
7/15/2015,390.07
7/16/2015,390.13
7/17/2015,390.44
7/20/2015,389.84
7/21/2015,390.35
7/22/2015,390.73
7/23/2015,391.76
7/24/2015,391.72
7/27/2015,392.36
7/28/2015,391.78
7/29/2015,391.31
7/30/2015,391.71
7/31/2015,392.64
8/3/2015,393.9
8/4/2015,392.73
8/5/2015,391.33
8/6/2015,391.74
8/7/2015,393.09
8/10/2015,391.58
8/11/2015,393.45
8/12/2015,392.92
8/13/2015,391.71
8/14/2015,391.64
8/17/2015,392.74
8/18/2015,391.56
8/19/2015,392.66
8/20/2015,393.48
8/21/2015,393.8
8/24/2015,394.16
8/25/2015,391.08
8/26/2015,389.78
8/27/2015,390.68
8/28/2015,390.59
8/31/2015,390.36
9/1/2015,390.68
9/2/2015,390.3
9/3/2015,391.21
9/4/2015,392.4
9/8/2015,391.34
9/9/2015,392.11
9/10/2015,391.28
9/11/2015,392.16
9/14/2015,392.2
9/15/2015,389.77
9/16/2015,389.48
9/17/2015,391.53
9/18/2015,393.65
9/21/2015,391.78
9/22/2015,393.67
9/23/2015,393.29
9/24/2015,393.63
9/25/2015,392.46
9/28/2015,393.51
9/29/2015,393.57
9/30/2015,392.9
10/1/2015,393.08
10/2/2015,394
10/5/2015,393
10/6/2015,393.97
10/7/2015,394.27
10/8/2015,393.29
10/9/2015,393.86
10/13/2015,394.79
10/14/2015,396.49
10/15/2015,395.66
10/16/2015,395.84
10/19/2015,395.84
10/20/2015,395.1
10/21/2015,396.48
10/22/2015,396.96
10/23/2015,396.19
10/26/2015,397.2
10/27/2015,397.59
10/28/2015,396.52
10/29/2015,394.53
10/30/2015,395.05
11/2/2015,394.61
11/3/2015,393.79
11/4/2015,393.8
11/5/2015,393.47
11/6/2015,391.61
11/9/2015,391.41
11/10/2015,391.82
11/12/2015,391.65
11/13/2015,392.2
11/16/2015,392.15
11/17/2015,392.8
11/18/2015,392.72
11/19/2015,393.39
11/20/2015,393
11/23/2015,393.37
11/24/2015,393.4
11/25/2015,393.71
11/27/2015,393.76
11/30/2015,394.15
12/1/2015,395.82
12/2/2015,395.63
12/3/2015,391.97
12/4/2015,393.29
12/7/2015,394.43
12/8/2015,393.41
12/9/2015,393.99
12/10/2015,393.25
12/11/2015,394.75
12/14/2015,391.81
12/15/2015,391.07
12/16/2015,390.72
12/17/2015,391.98
12/18/2015,392.38
12/21/2015,392.23
12/22/2015,391.45
12/23/2015,391.06
12/24/2015,391.73
12/28/2015,392.36
12/29/2015,390.53
12/30/2015,390.71
12/31/2015,391.48
1/4/2016,391.97
1/5/2016,391.79
1/6/2016,393.32
1/7/2016,393.6
1/8/2016,393.85
1/11/2016,392.99
1/12/2016,394.21
1/13/2016,394.42
1/14/2016,393.09
1/15/2016,393.55
1/19/2016,393.3
1/20/2016,392.58
1/21/2016,391.84
1/22/2016,391.62
1/25/2016,391.96
1/26/2016,392.31
1/27/2016,391.94
1/28/2016,391.96
1/29/2016,392.98
2/1/2016,391.88
2/2/2016,393.71
2/3/2016,392.89
2/4/2016,393.24
2/5/2016,393.42
2/8/2016,395.21
2/9/2016,394.49
2/10/2016,394.88
2/11/2016,394.63
2/12/2016,392.67
2/16/2016,392.41
2/17/2016,391.9
2/18/2016,393.68
2/19/2016,393.94
2/22/2016,394.15
2/23/2016,394.77
2/24/2016,394.86
2/25/2016,396.12
2/26/2016,395.13
2/29/2016,396.38
3/1/2016,395.02
3/2/2016,395.64
3/3/2016,396.7
3/4/2016,396.26
3/7/2016,396.81
3/8/2016,398.67
3/9/2016,397.83
3/10/2016,398.03
3/11/2016,398.04
3/14/2016,399.36
3/15/2016,400.04
3/16/2016,400.61
3/17/2016,402.06
3/18/2016,403.34
3/21/2016,402.61
3/22/2016,402.95
3/23/2016,404.73
3/24/2016,404.08
3/28/2016,404.67
3/29/2016,405.85
3/30/2016,405.63
3/31/2016,406.83
4/1/2016,406.76
4/4/2016,407.34
4/5/2016,408.62
4/6/2016,408.19
4/7/2016,409.73
4/8/2016,408.97
4/11/2016,409.13
4/12/2016,408.17
4/13/2016,409.28
4/14/2016,409.23
4/15/2016,410.36
4/18/2016,410.17
4/19/2016,410.64
4/20/2016,409.69
4/21/2016,409.83
4/22/2016,409.79
4/25/2016,409.76
4/26/2016,409.45
4/27/2016,411.1
4/28/2016,411.15
4/29/2016,412.59
5/2/2016,411.43
5/3/2016,412.66
5/4/2016,412.7
5/5/2016,413.5
5/6/2016,412.44
5/9/2016,412.75
5/10/2016,412.88
5/11/2016,413.5
5/12/2016,412.58
5/13/2016,413.73
5/16/2016,412.64
5/17/2016,412.6
5/18/2016,409.8
5/19/2016,410.64
5/20/2016,410.56
5/23/2016,410.73
5/24/2016,410.55
5/25/2016,410.43
5/26/2016,412.03
5/27/2016,411.84
5/31/2016,412.35
6/1/2016,411.97
6/2/2016,412.84
6/3/2016,415.24
6/6/2016,414.95
6/7/2016,415.47
6/8/2016,416.06
6/9/2016,416.8
6/10/2016,417.44
6/13/2016,417.62
6/14/2016,417.05
6/15/2016,417.37
6/16/2016,417.67
6/17/2016,416.61
6/20/2016,416.33
6/21/2016,416
6/22/2016,416.43
6/23/2016,415.49
6/24/2016,417.5
6/27/2016,420.15
6/28/2016,420.44
6/29/2016,420.78
6/30/2016,420.64
7/1/2016,422.05
7/5/2016,425.03
7/6/2016,424.74
7/7/2016,425.39
7/8/2016,426.55
7/11/2016,426.03
7/12/2016,424.66
7/13/2016,426.12
7/14/2016,424.75
7/15/2016,423.43
7/18/2016,423.78
7/19/2016,424.51
7/20/2016,424.12
7/21/2016,424.53
7/22/2016,424.69
7/25/2016,424.66
7/26/2016,424.69
7/27/2016,425.81
7/28/2016,425.61
7/29/2016,426.91
8/1/2016,425.49
8/2/2016,424.13
8/3/2016,423.96
8/4/2016,425.21
8/5/2016,423.61
8/8/2016,424.25
8/9/2016,425.69
8/10/2016,426.69
8/11/2016,425.14
8/12/2016,426.68
8/15/2016,426.03
8/16/2016,425.62
8/17/2016,426.29
8/18/2016,427.06
8/19/2016,426.27
8/22/2016,427.75
8/23/2016,427.81
8/24/2016,427.83
8/25/2016,427.32
8/26/2016,426.11
8/29/2016,428.19
8/30/2016,427.87
8/31/2016,427.83
9/1/2016,427.68
9/2/2016,426.86
9/6/2016,428.28
9/7/2016,428.15
9/8/2016,425.83
9/9/2016,423.94
9/12/2016,423.74
9/13/2016,421.74
9/14/2016,422.82
9/15/2016,422.46
9/16/2016,422.66
9/19/2016,423.04
9/20/2016,423.42
9/21/2016,424.15
9/22/2016,425.66
9/23/2016,426.26
9/26/2016,426.75
9/27/2016,427.65
9/28/2016,427.49
9/29/2016,427.97
9/30/2016,426.59
10/3/2016,426.6
10/4/2016,425.15
10/5/2016,424.67
10/6/2016,424.39
10/7/2016,424.51
10/11/2016,424.43
10/12/2016,424.14
10/13/2016,425.18
10/14/2016,423.6
10/17/2016,424.68
10/18/2016,425.38
10/19/2016,425.65
10/20/2016,425.92
10/21/2016,425.94
10/24/2016,425.4
10/25/2016,425.55
10/26/2016,424.39
10/27/2016,422.97
10/28/2016,422.7
10/31/2016,423.11
11/1/2016,423.06
11/2/2016,422.91
11/3/2016,422.21
11/4/2016,422.88
11/7/2016,422.37
11/8/2016,421.72
11/9/2016,416.57
11/10/2016,416.23
11/14/2016,413.8
11/15/2016,413.77
11/16/2016,414.65
11/17/2016,413.31
11/18/2016,411.96
11/21/2016,411.9
11/22/2016,412.2
11/23/2016,411.64
11/25/2016,411.61
11/28/2016,412.91
11/29/2016,413.65
11/30/2016,412.5
12/1/2016,411
12/2/2016,412.17
12/5/2016,412.53
12/6/2016,412.34
12/7/2016,413.89
12/8/2016,412.97
12/9/2016,411.44
12/12/2016,411.58
12/13/2016,411.91
12/14/2016,411.4
12/15/2016,410.73
12/16/2016,410.08
12/19/2016,411.67
12/20/2016,411
12/21/2016,411.7
12/22/2016,411.84
12/23/2016,412.33
12/27/2016,411.75
12/28/2016,413.19
12/29/2016,413.87
12/30/2016,414.9
1/3/2017,415.09
1/4/2017,415.55
1/5/2017,417.82
1/6/2017,416.59
1/9/2017,417.63
1/10/2017,417.41
1/11/2017,417.7
1/12/2017,417.73
1/13/2017,417.4
1/17/2017,418.84
1/18/2017,417.19
1/19/2017,415.84
1/20/2017,415.76
1/23/2017,417.48
1/24/2017,415.8
1/25/2017,414.84
1/26/2017,415.37
1/27/2017,416.21
1/30/2017,415.89
1/31/2017,416.4
2/1/2017,415.77
2/2/2017,415.91
2/3/2017,415.49
2/6/2017,417.51
2/7/2017,418.14
2/8/2017,419.12
2/9/2017,417.77
2/10/2017,417.61
2/13/2017,417.32
2/14/2017,416.67
2/15/2017,416.12
2/16/2017,417.42
2/17/2017,418
2/21/2017,418.12
2/22/2017,418.36
2/23/2017,419.23
2/24/2017,421
2/27/2017,420.1
2/28/2017,420.52
3/1/2017,418.22
3/2/2017,417.9
3/3/2017,417.97
3/6/2017,417.83
3/7/2017,417.03
3/8/2017,415.75
3/9/2017,414.1
3/10/2017,414.54
3/13/2017,413.87
3/14/2017,414.04
3/15/2017,416.36
3/16/2017,416.09
3/17/2017,416.72
3/20/2017,417.48
3/21/2017,418.35
3/22/2017,419.09
3/23/2017,418.75
3/24/2017,419.39
3/27/2017,419.96
3/28/2017,419.23
3/29/2017,420.01
3/30/2017,419.49
3/31/2017,419.92
4/3/2017,420.92
4/4/2017,420.78
4/5/2017,420.75
4/6/2017,421.19
4/7/2017,420.68
4/10/2017,421.17
4/11/2017,422.79
4/12/2017,422.81
4/13/2017,424.19
4/17/2017,423.73
4/18/2017,425.45
4/19/2017,424.99
4/20/2017,424.08
4/21/2017,424.19
4/24/2017,423.55
4/25/2017,422.45
4/26/2017,422.96
4/27/2017,423.33
4/28/2017,423.88
5/1/2017,422.65
5/2/2017,423.49
5/3/2017,423.62
5/4/2017,422.63
5/5/2017,422.71
5/8/2017,422.47
5/9/2017,421.95
5/10/2017,422.11
5/11/2017,422.56
5/12/2017,424.01
5/15/2017,424.15
5/16/2017,424.73
5/17/2017,427.2
5/18/2017,426.76
5/19/2017,426.77
5/22/2017,426.75
5/23/2017,426.12
5/24/2017,426.47
5/25/2017,426.74
5/26/2017,426.93
5/30/2017,427.83
5/31/2017,428.48
6/1/2017,428.14
6/2/2017,429.58
6/5/2017,429.23
6/6/2017,430.08
6/7/2017,429.44
6/8/2017,429.02
6/9/2017,429.02
6/12/2017,428.74
6/13/2017,429.04
6/14/2017,431.05
6/15/2017,430.63
6/16/2017,430.75
6/19/2017,430.48
6/20/2017,431.61
6/21/2017,431.71
6/22/2017,431.69
6/23/2017,432.08
6/26/2017,432.61
6/27/2017,431.47
6/28/2017,430.92
6/29/2017,430.26
6/30/2017,429.64
7/3/2017,428.91
7/5/2017,429.33
7/6/2017,428.73
7/7/2017,428.29
7/10/2017,428.85
7/11/2017,429.02
7/12/2017,430.12
7/13/2017,429.82
7/14/2017,430.39
7/17/2017,431.17
7/18/2017,432.32
7/19/2017,432.45
7/20/2017,432.72
7/21/2017,433.72
7/24/2017,433.33
7/25/2017,431.61
7/26/2017,432.61
7/27/2017,432.01
7/28/2017,432.69
7/31/2017,432.66
8/1/2017,433.88
8/2/2017,433.52
8/3/2017,434.25
8/4/2017,433.53
8/7/2017,433.33
8/8/2017,432.37
8/9/2017,432.48
8/10/2017,432.67
8/11/2017,432.62
8/14/2017,432.37
8/15/2017,431.96
8/16/2017,433.09
8/17/2017,433.63
8/18/2017,433.44
8/21/2017,433.85
8/22/2017,433.18
8/23/2017,434.15
8/24/2017,433.88
8/25/2017,434.38
8/28/2017,434.64
8/29/2017,434.77
8/30/2017,434.86
8/31/2017,435.47
9/1/2017,434.57
9/5/2017,436.65
9/6/2017,435.61
9/7/2017,436.66
9/8/2017,436.46
9/11/2017,435.06
9/12/2017,434.2
9/13/2017,433.94
9/14/2017,434.4
9/15/2017,434.63
9/18/2017,434.38
9/19/2017,434.58
9/20/2017,434.18
9/21/2017,434.39
9/22/2017,434.73
9/25/2017,435.94
9/26/2017,435.95
9/27/2017,434.2
9/28/2017,434.7
9/29/2017,434.96
10/2/2017,435.08
10/3/2017,435.77
10/4/2017,435.59
10/5/2017,435.25
10/6/2017,435.06
10/10/2017,435.68
10/11/2017,435.7
10/12/2017,436.14
10/13/2017,437.13
10/16/2017,436.85
10/17/2017,437.22
10/18/2017,436.34
10/19/2017,436.75
10/20/2017,435.78
10/23/2017,436.04
10/24/2017,435.66
10/25/2017,434.79
10/26/2017,434.58
10/27/2017,435.03
10/30/2017,436.69
10/31/2017,436.59
11/1/2017,436.41
11/2/2017,437.02
11/3/2017,437.16
11/6/2017,437.57
11/7/2017,437.45
11/8/2017,436.91
11/9/2017,436.13
11/10/2017,434.19
11/13/2017,434.36
11/14/2017,434.63
11/15/2017,435.3
11/16/2017,435.15
11/17/2017,435.53
11/20/2017,435.64
11/21/2017,436.42
11/22/2017,437.42
11/24/2017,437.28
11/27/2017,437.57
11/28/2017,437.44
11/29/2017,436.68
11/30/2017,436.07
12/1/2017,437.53
12/4/2017,437.93
12/5/2017,438.49
12/6/2017,438.99
12/7/2017,438.12
12/8/2017,438.12
12/11/2017,437.91
12/12/2017,438.03
12/13/2017,439.21
12/14/2017,439.64
12/15/2017,440.05
12/18/2017,439.15
12/19/2017,437.89
12/20/2017,436.51
12/21/2017,437.05
12/22/2017,437.23
12/26/2017,437.79
12/27/2017,439.65
12/28/2017,439.41
12/29/2017,440
1/2/2018,438.39
1/3/2018,438.91
1/4/2018,438.75
1/5/2018,438.64
1/8/2018,438.89
1/9/2018,437.46
1/10/2018,437.64
1/11/2018,438.27
1/12/2018,438.33
1/16/2018,439.05
1/17/2018,438.16
1/18/2018,436.83
1/19/2018,436.06
1/22/2018,435.8
1/23/2018,436.63
1/24/2018,436.33
1/25/2018,437.62
1/26/2018,437.05
1/29/2018,436.48
1/30/2018,435.55
1/31/2018,436.21
2/1/2018,434.49
2/2/2018,433.43
2/5/2018,435.28
2/6/2018,433.05
2/7/2018,432.07
2/8/2018,432.12
2/9/2018,429.9
2/12/2018,430.16
2/13/2018,429.84
2/14/2018,428.31
2/15/2018,428.93
2/16/2018,429.75
2/20/2018,429.59
2/21/2018,427.96
2/22/2018,428.48
2/23/2018,429.34
2/26/2018,429.76
2/27/2018,429.21
2/28/2018,429.51
3/1/2018,430.01
3/2/2018,428.54
3/5/2018,428.15
3/6/2018,428.54
3/7/2018,428.42
3/8/2018,428.74
3/9/2018,428.07
3/12/2018,428.43
3/13/2018,428.69
3/14/2018,429.12
3/15/2018,429.01
3/16/2018,428.67
3/19/2018,428.23
3/20/2018,427.63
3/21/2018,427.5
3/22/2018,427.74
3/23/2018,427.82
3/26/2018,427.34
3/27/2018,429.05
3/28/2018,429.1
3/29/2018,430.17
4/2/2018,430.76
4/3/2018,429.56
4/4/2018,429.14
4/5/2018,429.01
4/6/2018,430.58
4/9/2018,431.18
4/10/2018,431.01
4/11/2018,431.36
4/12/2018,430.63
4/13/2018,430.83
4/16/2018,430.85
4/17/2018,431.24
4/18/2018,429.71
4/19/2018,428.52
4/20/2018,427.16
4/23/2018,426.9
4/24/2018,426.12
4/25/2018,424.85
4/26/2018,425.62
4/27/2018,426.39
4/30/2018,426.59
5/1/2018,425.81
5/2/2018,425.36
5/3/2018,425.7
5/4/2018,425.85
5/7/2018,425.69
5/8/2018,425.4
5/9/2018,424.73
5/10/2018,425.84
5/11/2018,426.5
5/14/2018,426.29
5/15/2018,424.73
5/16/2018,423.53
5/17/2018,423.18
5/18/2018,424.13
5/21/2018,424.47
5/22/2018,424.35
5/23/2018,425.42
5/24/2018,426.22
5/25/2018,427.4
5/29/2018,430.21
5/30/2018,428.84
5/31/2018,428.39
6/1/2018,427.75
6/4/2018,426.75
6/5/2018,427.25
6/6/2018,426.04
6/7/2018,427.34
6/8/2018,426.66
6/11/2018,426.66
6/12/2018,426.62
6/13/2018,426.34
6/14/2018,427.34
6/15/2018,427.27
6/18/2018,427.15
6/19/2018,427.31
6/20/2018,426.06
6/21/2018,426.01
6/22/2018,425.92
6/25/2018,425.95
6/26/2018,426.13
6/27/2018,427.23
6/28/2018,426.97
6/29/2018,426.81
7/2/2018,426.65
7/3/2018,427.65
7/5/2018,428.14
7/6/2018,428.64
7/9/2018,428.81
7/10/2018,429.06
7/11/2018,429.62
7/12/2018,429.84
7/13/2018,430.54
7/16/2018,430.26
7/17/2018,429.97
7/18/2018,429.53
7/19/2018,430.4
7/20/2018,429.43
7/23/2018,428.26
7/24/2018,428.97
7/25/2018,428.83
7/26/2018,429
7/27/2018,429.58
7/30/2018,429.54
7/31/2018,430.36
8/1/2018,429.55
8/2/2018,429.7
8/3/2018,430.8
8/6/2018,431.09
8/7/2018,430.74
8/8/2018,430.69
8/9/2018,431.37
8/10/2018,431.83
8/13/2018,431.56
8/14/2018,431.36
8/15/2018,431.96
8/16/2018,432.38
8/17/2018,432.52
8/20/2018,433.66
8/21/2018,433.4
8/22/2018,433.62
8/23/2018,433.63
8/24/2018,433.84
8/27/2018,433.19
8/28/2018,432.53
8/29/2018,432.57
8/30/2018,432.62
8/31/2018,432.23
9/4/2018,431.68
9/5/2018,431.24
9/6/2018,432.01
9/7/2018,431.06
9/10/2018,431.32
9/11/2018,430.56
9/12/2018,431.04
9/13/2018,431.46
9/14/2018,431.4
9/17/2018,431.52
9/18/2018,430.36
9/19/2018,429.64
9/20/2018,430.25
9/21/2018,430.59
9/24/2018,430.24
9/25/2018,429.94
9/26/2018,431.13
9/27/2018,431.46
9/28/2018,431.39
10/1/2018,430.79
10/2/2018,431.5
10/3/2018,429.36
10/4/2018,428.03
10/5/2018,427.17
10/9/2018,427.59
10/10/2018,427.4
10/11/2018,428.39
10/12/2018,427.82
10/15/2018,428.27
10/16/2018,428.19
10/17/2018,427.07
10/18/2018,427.2
10/19/2018,427
10/22/2018,426.4
10/23/2018,426.2
10/24/2018,427.63
10/25/2018,427.06
10/26/2018,427.53
10/29/2018,427.82
10/30/2018,426.44
10/31/2018,425.89
11/1/2018,425.79
11/2/2018,424.58
11/5/2018,425.03
11/6/2018,425.52
11/7/2018,425.89
11/8/2018,425.85
11/9/2018,426.43
11/13/2018,426.66
11/14/2018,426.13
11/15/2018,425.19
11/16/2018,425.66
11/19/2018,426.05
11/20/2018,425.31
11/21/2018,425.81
11/23/2018,425.82
11/26/2018,425.95
11/27/2018,425.69
11/28/2018,425.05
11/29/2018,425.3
11/30/2018,425.33
12/3/2018,426.81
12/4/2018,427.61
12/6/2018,427.17
12/7/2018,428.24
12/10/2018,428.44
12/11/2018,428.44
12/12/2018,428.54
12/13/2018,428.92
12/14/2018,429.26
12/17/2018,430.25
12/18/2018,431.01
12/19/2018,432.13
12/20/2018,430.5
12/21/2018,430.23
12/24/2018,431.3
12/26/2018,429.1
12/27/2018,428.52
12/28/2018,430.18
12/31/2018,431.14
1/2/2019,431.85
1/3/2019,433.45
1/4/2019,431.7
1/7/2019,431.49
1/8/2019,431.79
1/9/2019,432.7
1/10/2019,432.25
1/11/2019,432.83
1/14/2019,432.64
1/15/2019,432.26
1/16/2019,432.66
1/17/2019,432.75
1/18/2019,433.12
1/22/2019,434.36
1/23/2019,434.96
1/24/2019,436.09
1/25/2019,436.06
1/28/2019,436.1
1/29/2019,437.23
1/30/2019,438.11
1/31/2019,440.17
2/1/2019,439.85
2/4/2019,439.56
2/5/2019,440.78
2/6/2019,441.06
2/7/2019,441.41
2/8/2019,441.7
2/11/2019,441.67
2/12/2019,441.42
2/13/2019,440.88
2/14/2019,441.5
2/15/2019,441.99
2/19/2019,442.66
2/20/2019,442.39
2/21/2019,441.23
2/22/2019,442
2/25/2019,442.21
2/26/2019,442.88
2/27/2019,441.74
2/28/2019,441.48
3/1/2019,440.53
3/4/2019,441.72
3/5/2019,442.05
3/6/2019,442.35
3/7/2019,443.16
3/8/2019,443.27
3/11/2019,443.18
3/12/2019,444.65
3/13/2019,444.55
3/14/2019,443.91
3/15/2019,445.03
3/18/2019,445.15
3/19/2019,445.12
3/20/2019,446.88
3/21/2019,447.3
3/22/2019,449.98
3/25/2019,450.53
3/26/2019,450.97
3/27/2019,452.04
3/28/2019,452.3
3/29/2019,452.22
4/1/2019,450.25
4/2/2019,450.74
4/3/2019,449.87
4/4/2019,450.4
4/5/2019,450.87
4/8/2019,450.65
4/9/2019,451.54
4/10/2019,452.29
4/11/2019,452.08
4/12/2019,451.68
4/15/2019,452.35
4/16/2019,451.65
4/17/2019,451.59
4/18/2019,452.41
4/22/2019,451.48
4/23/2019,451.95
4/24/2019,453.26
4/25/2019,453.22
4/26/2019,454.01
4/29/2019,453.52
4/30/2019,454.14
5/1/2019,454.37
5/2/2019,453.15
5/3/2019,453.59
5/6/2019,454.05
5/7/2019,455.06
5/8/2019,454.28
5/9/2019,454.64
5/10/2019,454.09
5/13/2019,454.87
5/14/2019,454.59
5/15/2019,455.73
5/16/2019,455.53
5/17/2019,455.72
5/20/2019,455.04
5/21/2019,454.69
5/22/2019,455.54
5/23/2019,456.73
5/24/2019,456.84
5/28/2019,457.94
5/29/2019,457.28
5/30/2019,459.02
5/31/2019,460.87
6/3/2019,462.2
6/4/2019,461.03
6/5/2019,460.85
6/6/2019,460.95
6/7/2019,462.65
6/10/2019,462.05
6/11/2019,462.17
6/12/2019,462.67
6/13/2019,463.38
6/14/2019,463.56
6/17/2019,463.79
6/18/2019,465.27
6/19/2019,466.66
6/20/2019,468.59
6/21/2019,467.91
6/24/2019,469.85
6/25/2019,469.96
6/26/2019,468.79
6/27/2019,470.1
6/28/2019,470.73
7/1/2019,471.15
7/2/2019,472.3
7/3/2019,473.21
7/5/2019,471.26
7/8/2019,470.81
7/9/2019,470.44
7/10/2019,470.43
7/11/2019,468.68
7/12/2019,468.81
7/15/2019,469.86
7/16/2019,469.16
7/17/2019,470.9
7/18/2019,471.52
7/19/2019,471.19
7/22/2019,471.67
7/23/2019,471.48
7/24/2019,472.25
7/25/2019,471.96
7/26/2019,472.24
7/29/2019,472.53
7/30/2019,472.58
7/31/2019,473.61
8/1/2019,477.06
8/2/2019,477.52
8/5/2019,479.67
8/6/2019,480.35
8/7/2019,479.71
8/8/2019,480.39
8/9/2019,479.66
8/12/2019,482.27
8/13/2019,481.41
8/14/2019,483.96
8/15/2019,485.84
8/16/2019,485.08
8/19/2019,483.52
8/20/2019,485.33
8/21/2019,485.04
8/22/2019,484.56
8/23/2019,486.87
8/26/2019,486.39
8/27/2019,488.59
8/28/2019,488.7
8/29/2019,488.12
8/30/2019,488.15
9/3/2019,488.07
9/4/2019,488.68
9/5/2019,485.78
9/6/2019,486.45
9/9/2019,484.18
9/10/2019,480.94
9/11/2019,480.7
9/12/2019,479.93
9/13/2019,476.31
9/16/2019,478.45
9/17/2019,479.42
9/18/2019,479.94
9/19/2019,480.65
9/20/2019,483.35
9/23/2019,483.86
9/24/2019,485.81
9/25/2019,482.88
9/26/2019,483.74
9/27/2019,484.16
9/30/2019,484.74
10/1/2019,485.61
10/2/2019,485.66
10/3/2019,487.31
10/4/2019,488.43
10/7/2019,487.18
10/8/2019,487.49
10/9/2019,486.7
10/10/2019,484.44
10/11/2019,482.8
10/15/2019,482.74
10/16/2019,483.5
10/17/2019,483.62
10/18/2019,484.17
10/21/2019,483.28
10/22/2019,484.54
10/23/2019,484.57
10/24/2019,484.63
10/25/2019,484.23
10/28/2019,483.47
10/29/2019,483.57
10/30/2019,485.44
10/31/2019,487.46
11/1/2019,487.08
11/4/2019,485.44
11/5/2019,483.57
11/6/2019,484.81
11/7/2019,482.57
11/8/2019,482.01
11/12/2019,482.92
11/13/2019,483.88
11/14/2019,485.7
11/15/2019,485.28
11/18/2019,485.88
11/19/2019,486.82
11/20/2019,488.34
11/21/2019,487.13
11/22/2019,487.26
11/25/2019,488.12
11/26/2019,489.44
11/27/2019,488.79
11/29/2019,488.77
12/2/2019,487.09
12/3/2019,490.3
12/4/2019,489.1
12/5/2019,488.63
12/6/2019,488.06
12/9/2019,488.89
12/10/2019,488.82
12/11/2019,490.36
12/12/2019,488.19
12/13/2019,490.59
12/16/2019,489.33
12/17/2019,489.62
12/18/2019,488.94
12/19/2019,489.36
12/20/2019,489.55
12/23/2019,489.36
12/24/2019,490.28
12/26/2019,490.71
12/27/2019,491.29
12/30/2019,491.04
12/31/2019,489.87
1/2/2020,491.5
1/3/2020,493.7
1/6/2020,492.63
1/7/2020,491.68
1/8/2020,490.66
1/9/2020,491.29
1/10/2020,492.97
1/13/2020,492.65
1/14/2020,493.32
1/15/2020,494.39
1/16/2020,494.16
1/17/2020,494.04
1/21/2020,496.11
1/22/2020,496.77
1/23/2020,497.5
1/24/2020,498.59
1/27/2020,500.5
1/28/2020,499
1/29/2020,500.98
1/30/2020,500.33
1/31/2020,502.06
2/3/2020,501.69
2/4/2020,499.85
2/5/2020,498.63
2/6/2020,499.59
2/7/2020,501.63
2/10/2020,502.33
2/11/2020,501.51
2/12/2020,500.9
2/13/2020,501.44
2/14/2020,502.27
2/18/2020,503.45
2/19/2020,503.29
2/20/2020,504.17
2/21/2020,505.44
2/24/2020,507.12
2/25/2020,507.35
2/26/2020,506.02
2/27/2020,506.2
2/28/2020,507.52
3/2/2020,506.36
3/3/2020,511.47
3/4/2020,510.86
3/5/2020,513.68
3/6/2020,515.47
3/9/2020,508.44
3/10/2020,502.87
3/11/2020,496.62
3/12/2020,484.41
3/13/2020,482.42
3/16/2020,481.55
3/17/2020,469.39
3/18/2020,456.23
3/19/2020,445.3
3/20/2020,447.97
3/23/2020,449.3
3/24/2020,449.87
3/25/2020,456.33
3/26/2020,464.92
3/27/2020,471.52
3/30/2020,474.09
3/31/2020,477.33
4/1/2020,476.92
4/2/2020,476.6
4/3/2020,475.85
4/6/2020,476.37
4/7/2020,478.96
4/8/2020,480.53
4/9/2020,490.53
4/13/2020,495.16
4/14/2020,497.74
4/15/2020,499.76
4/16/2020,500.9
4/17/2020,500.31
4/20/2020,500.45
4/21/2020,499.95
4/22/2020,499.23
4/23/2020,500.66
4/24/2020,501.09
4/27/2020,498.82
4/28/2020,500.57
4/29/2020,501.25
4/30/2020,500.07
5/1/2020,500.04
5/4/2020,498.81
5/5/2020,498.4
5/6/2020,495.93
5/7/2020,497.26
5/8/2020,495.01
5/11/2020,492.95
5/12/2020,494.1
5/13/2020,495.05
5/14/2020,495.94
5/15/2020,496.57
5/18/2020,496.65
5/19/2020,499.42
5/20/2020,501.72
5/21/2020,503.2
5/22/2020,504.16
5/26/2020,504.43
5/27/2020,504.88
5/28/2020,505.64
5/29/2020,507.21
6/1/2020,507.28
6/2/2020,508.06
6/3/2020,508.09
6/4/2020,507.49
6/5/2020,509.43
6/8/2020,511.3
6/9/2020,512.33
6/10/2020,514.15
6/11/2020,512.78
6/12/2020,511.93
6/15/2020,511.86
6/16/2020,514.81
6/17/2020,515.59
6/18/2020,516.14
6/19/2020,516.6
6/22/2020,516.43
6/23/2020,515.79
6/24/2020,515.96
6/25/2020,515.21
6/26/2020,516.41
6/29/2020,516.22
6/30/2020,516.32
7/1/2020,517.14
7/2/2020,518.91
7/6/2020,519.97
7/7/2020,522.25
7/8/2020,521.8
7/9/2020,523.76
7/10/2020,523.1
7/13/2020,524.2
7/14/2020,524.11
7/15/2020,524.83
7/16/2020,526.04
7/17/2020,526.74
7/20/2020,528.22
7/21/2020,529.75
7/22/2020,530.91
7/23/2020,532.08
7/24/2020,531.99
7/27/2020,531.25
7/28/2020,532.03
7/29/2020,532.36
7/30/2020,533.14
7/31/2020,533.65
8/3/2020,533.37
8/4/2020,534.99
8/5/2020,534.4
8/6/2020,535.65
8/7/2020,535.05
8/10/2020,534.64
8/11/2020,533.65
8/12/2020,530.82
8/13/2020,528.91
8/14/2020,527.26
8/17/2020,526.91
8/18/2020,527.3
8/19/2020,526.65
8/20/2020,527.82
8/21/2020,528.65
8/24/2020,528.46
8/25/2020,527.3
8/26/2020,526.71
8/27/2020,524.52
8/28/2020,524.45
8/31/2020,525.64
9/1/2020,527.94
9/2/2020,530.14
9/3/2020,530.42
9/4/2020,528.08
9/8/2020,527.56
9/9/2020,527.14
9/10/2020,527.65
9/11/2020,528.08
9/14/2020,528.06
9/15/2020,528.14
9/16/2020,528.33
9/17/2020,528.79
9/18/2020,528.41
9/21/2020,528.31
9/22/2020,527.99
9/23/2020,527.56
9/24/2020,526.37
9/25/2020,525.31
9/28/2020,525.36
9/29/2020,525.76
9/30/2020,524.86
10/1/2020,525.49
10/2/2020,524.98
10/5/2020,523.12
10/6/2020,525.1
10/7/2020,524.24
10/8/2020,525.67
10/9/2020,525.74
10/13/2020,528.19
10/14/2020,528.5
10/15/2020,527.84
10/16/2020,527.94
10/19/2020,527.35
10/20/2020,526.29
10/21/2020,525.61
10/22/2020,524.01
10/23/2020,525.26
10/26/2020,526.58
10/27/2020,527.85
10/28/2020,527.21
10/29/2020,525.37
10/30/2020,523.5
11/2/2020,524.5
11/3/2020,524.46
11/4/2020,529.28
11/5/2020,531.77
11/6/2020,530.55
11/9/2020,530.6
11/10/2020,528.81
11/12/2020,531.14
11/13/2020,530.66
11/16/2020,530.84
11/17/2020,532.55
11/18/2020,533.88
11/19/2020,535.13
11/20/2020,536.6
11/23/2020,536.36
11/24/2020,535.76
11/25/2020,535.57
11/27/2020,537.25
11/30/2020,538
12/1/2020,537.1
12/2/2020,536.29
12/3/2020,538.19
12/4/2020,535.7
12/7/2020,537.36
12/8/2020,537.04
12/9/2020,535.61
12/10/2020,537.06
12/11/2020,537.48
12/14/2020,537.3
12/15/2020,537.03
12/16/2020,537.27
12/17/2020,537.21
12/18/2020,536.9
12/21/2020,537.22
12/22/2020,537.92
12/23/2020,537.11
12/24/2020,537.92
12/28/2020,538.26
12/29/2020,538.6
12/30/2020,539.3
12/31/2020,539.99
1/4/2021,539.66
1/5/2021,537.82
1/6/2021,534.23
1/7/2021,533.14
1/8/2021,532.46
1/11/2021,532.01
1/12/2021,531.88
1/13/2021,534.28
1/14/2021,533.53
1/15/2021,534.43
1/19/2021,535.39
1/20/2021,535.66
1/21/2021,534.68
1/22/2021,534.22
1/25/2021,535.72
1/26/2021,535.42
1/27/2021,535.51
1/28/2021,534.66
1/29/2021,533.77
2/1/2021,534.01
2/2/2021,533.08
2/3/2021,531.95
2/4/2021,532.05
2/5/2021,531.29
2/8/2021,532.3
2/9/2021,532.89
2/10/2021,534.01
2/11/2021,533.35
2/12/2021,531.37
2/16/2021,529.04
2/17/2021,530.26
2/18/2021,530.37
2/19/2021,528.25
2/22/2021,526.28
2/23/2021,525.24
2/24/2021,524.09
2/25/2021,519.22
2/26/2021,525.18
3/1/2021,523.91
3/2/2021,524.29
3/3/2021,522.07
3/4/2021,520.18
3/5/2021,518.25
3/8/2021,516.26
3/9/2021,517.39
3/10/2021,518.34
3/11/2021,518.52
3/12/2021,515.07
3/15/2021,515.69
3/16/2021,515.38
3/17/2021,514.34
3/18/2021,512.41
3/19/2021,513.34
3/22/2021,515.13
3/23/2021,516.92
3/24/2021,517.58
3/25/2021,516.67
3/26/2021,515.9
3/29/2021,515.09
3/30/2021,515.84
3/31/2021,516.46
4/1/2021,519.52
4/2/2021,518.37
4/5/2021,519.22
4/6/2021,520.78
4/7/2021,520.08
4/8/2021,521.61
4/9/2021,520.83
4/12/2021,520.79
4/13/2021,521.95
4/14/2021,521.97
4/15/2021,524.49
4/16/2021,523.16
4/19/2021,522.28
4/20/2021,522.75
4/21/2021,523.22
4/22/2021,523.93
4/23/2021,523.77
4/26/2021,523.9
4/27/2021,522.41
4/28/2021,522.7
4/29/2021,522.11
4/30/2021,522.7
5/3/2021,523.13
5/4/2021,523.88
5/5/2021,524.47
5/6/2021,524.94
5/7/2021,524.83
5/10/2021,523.51
5/11/2021,522.21
5/12/2021,519.85
5/13/2021,520.38
5/14/2021,522.34
5/17/2021,522.29
5/18/2021,522.04
5/19/2021,520.9
5/20/2021,522.59
5/21/2021,523.24
5/24/2021,524.18
5/25/2021,526.19
5/26/2021,526.11
5/27/2021,525.7
5/28/2021,525.44
6/1/2021,525.17
6/2/2021,525.93
6/3/2021,524.98
6/4/2021,527.31
6/7/2021,527.04
6/8/2021,528.42
6/9/2021,530.2
6/10/2021,531.7
6/11/2021,531.52
6/14/2021,530.31
6/15/2021,530.31
6/16/2021,529.24
6/17/2021,531.35
6/18/2021,534.49
6/21/2021,532.31
6/22/2021,532.79
6/23/2021,532.14
6/24/2021,532.34
6/25/2021,531.9
6/28/2021,533.42
6/29/2021,533.97
6/30/2021,534.75
7/1/2021,534.54
7/2/2021,535.64
7/6/2021,537.28
7/7/2021,539.38
7/8/2021,539.69
7/9/2021,537.15
7/12/2021,537.01
7/13/2021,535.6
7/14/2021,537.75
7/15/2021,539.34
7/16/2021,538.91
7/19/2021,541.43
7/20/2021,540.03
7/21/2021,538.49
7/22/2021,540.27
7/23/2021,539.51
7/26/2021,539.31
7/27/2021,541.13
7/28/2021,541.68
7/29/2021,540.62
7/30/2021,541.76
8/2/2021,543.5
8/3/2021,543.28
8/4/2021,543.22
8/5/2021,541.85
8/6/2021,538.97
8/9/2021,537.7
8/10/2021,536.52
8/11/2021,536.28
8/12/2021,536.06
8/13/2021,538.46
8/16/2021,539.61
8/17/2021,539.22
8/18/2021,539.29
8/19/2021,540.05
8/20/2021,539.89
8/23/2021,540.24
8/24/2021,539.25
8/25/2021,537.97
8/26/2021,538.44
8/27/2021,539.94
8/30/2021,541.1
8/31/2021,540.59
9/1/2021,540.43
9/2/2021,541.39
9/3/2021,539.99
9/7/2021,538.25
9/8/2021,539.13
9/9/2021,541.29
9/10/2021,540.2
9/13/2021,541.74
9/14/2021,543.53
9/15/2021,542.87
9/16/2021,541.65
9/17/2021,540.74
9/20/2021,542.6
9/21/2021,542.46
9/22/2021,543.45
9/23/2021,539.98
9/24/2021,538.74
9/27/2021,538.09
9/28/2021,535.27
9/29/2021,535.8
9/30/2021,535.37
10/1/2021,536.73
10/4/2021,536.29
10/5/2021,534.72
10/6/2021,534.85
10/7/2021,533.02
10/8/2021,531.35
10/12/2021,532.97
10/13/2021,534.38
10/14/2021,535.62
10/15/2021,534.44
10/18/2021,534.79
10/19/2021,532.84
10/20/2021,531.86
10/21/2021,530.94
10/22/2021,532.48
10/25/2021,532.71
10/26/2021,534.13
10/27/2021,537.1
10/28/2021,535.95
10/29/2021,536.21
11/1/2021,535.23
11/2/2021,536.35
11/3/2021,535.02
11/4/2021,537.55
11/5/2021,540.64
11/8/2021,539.99
11/9/2021,542.13
11/10/2021,537.76
11/12/2021,536.5
11/15/2021,533.78
11/16/2021,532.76
11/17/2021,533.88
11/18/2021,534.52
11/19/2021,535.97
11/22/2021,533.08
11/23/2021,529.77
11/24/2021,531.25
11/26/2021,535.57
11/29/2021,534
11/30/2021,536.22
12/1/2021,536.92
12/2/2021,536.16
12/3/2021,538.81
12/6/2021,537.41
12/7/2021,537.38
12/8/2021,534.75
12/9/2021,535.34
12/10/2021,535.06
12/13/2021,537.52
12/14/2021,536.14
12/15/2021,534.44
12/16/2021,535.53
12/17/2021,536.53
12/20/2021,535.17
12/21/2021,534.63
12/22/2021,535.79
12/23/2021,534.64
12/27/2021,535.53
12/28/2021,535.69
12/29/2021,533.66
12/30/2021,535.29
12/31/2021,535.59
1/3/2022,531.75
1/4/2022,530.51
1/5/2022,529.35
1/6/2022,528.39
1/7/2022,526.79
1/10/2022,526.08
1/11/2022,527.23
1/12/2022,527.01
1/13/2022,528.05
1/14/2022,524.43
1/18/2022,520.64
1/19/2022,521.96
1/20/2022,522.47
1/21/2022,523.63
1/24/2022,521.76
1/25/2022,521.41
1/26/2022,519.2
1/27/2022,519.88
1/28/2022,518.94
1/31/2022,518.87
2/1/2022,519.05
2/2/2022,520.42
2/3/2022,517.66
2/4/2022,513.23
2/7/2022,513.31
2/8/2022,512.33
2/9/2022,513.24
2/10/2022,508.64
2/11/2022,511.16
2/14/2022,507.68
2/15/2022,506.02
2/16/2022,506.01
2/17/2022,506.63
2/18/2022,507.12
2/22/2022,506.66
2/23/2022,503.97
2/24/2022,502.74
2/25/2022,504.68
2/28/2022,509.31
3/1/2022,512.38
3/2/2022,505.43
3/3/2022,507.33
3/4/2022,509.31
3/7/2022,505.24
3/8/2022,500.95
3/9/2022,499.93
3/10/2022,496.7
3/11/2022,496.22
3/14/2022,490.6
3/15/2022,490.71
3/16/2022,494.07
3/17/2022,496.07
3/18/2022,498.47
3/21/2022,494.38
3/22/2022,492.45
3/23/2022,495.95
3/24/2022,493.49
3/25/2022,490.5
3/28/2022,491.88
3/29/2022,495.2
3/30/2022,497.26
3/31/2022,497.67
4/1/2022,496.89
4/4/2022,497.02
4/5/2022,493.44
4/6/2022,490.54
4/7/2022,489.47
4/8/2022,486.21
4/11/2022,483.06
4/12/2022,483.33
4/13/2022,482.83
4/14/2022,479.58
4/18/2022,478.24
4/19/2022,475.54
4/20/2022,478.53
4/21/2022,476.22
4/22/2022,474.03
4/25/2022,475.58
4/26/2022,478.22
4/27/2022,475.6
4/28/2022,474.7
4/29/2022,472.02
5/2/2022,468.45
5/3/2022,469.73
5/4/2022,471.96
5/5/2022,469.23
5/6/2022,465.8
5/9/2022,466.77
5/10/2022,467.79
5/11/2022,470.42
5/12/2022,470.52
5/13/2022,468.2
5/16/2022,468.52
5/17/2022,465.85
5/18/2022,467.52
5/19/2022,467.95
5/20/2022,469.67
5/23/2022,467.91
5/24/2022,472
5/25/2022,474.78
5/26/2022,477.03
5/27/2022,478.31
5/31/2022,476.1
6/1/2022,475.25
6/2/2022,475.32
6/3/2022,474.37
6/6/2022,471.46
6/7/2022,472.7
6/8/2022,471.32
6/9/2022,470.59
6/10/2022,466.09
6/13/2022,456.95
6/14/2022,454.5
6/15/2022,459.93
6/16/2022,459.51
6/17/2022,460.28
6/21/2022,458.44
6/22/2022,461.25
6/23/2022,462.52
6/24/2022,461.7
6/27/2022,460.33
6/28/2022,459.94
6/29/2022,461.75
6/30/2022,462.52
7/1/2022,465.24
7/5/2022,466.2
7/6/2022,464.23
7/7/2022,464.18
7/8/2022,463.14
7/11/2022,466.29
7/12/2022,466.8
7/13/2022,467.83
7/14/2022,465.9
7/15/2022,467.89
7/18/2022,467.75
7/19/2022,467.02
7/20/2022,468.01
7/21/2022,471.74
7/22/2022,476.07
7/25/2022,473.85
7/26/2022,472.92
7/27/2022,473.82
7/28/2022,477.05
7/29/2022,477.82
8/1/2022,481.07
8/2/2022,476.39
8/3/2022,478.69
8/4/2022,479.73
8/5/2022,474.56
8/8/2022,476.94
8/9/2022,475.41
8/10/2022,476.23
8/11/2022,474.79
8/12/2022,476.75
8/15/2022,477.78
8/16/2022,477.69
8/17/2022,474.5
8/18/2022,475.09
8/19/2022,471.62
8/22/2022,469.28
8/23/2022,468.44
8/24/2022,467.46
8/25/2022,470.14
8/26/2022,470.43
8/29/2022,467.58
8/30/2022,467.29
8/31/2022,464.95
9/1/2022,460.87
9/2/2022,462.91
9/6/2022,458.37
9/7/2022,461.05
9/8/2022,460.3
9/9/2022,461.34
9/12/2022,461.2
9/13/2022,458.99
9/14/2022,458.83
9/15/2022,457.97
9/16/2022,456.52
9/19/2022,456.21
9/20/2022,454.48
9/21/2022,456.4
9/22/2022,450.86
9/23/2022,450.32
9/26/2022,444.92
9/27/2022,440.23
9/28/2022,444.67
9/29/2022,441.88
9/30/2022,441.7
10/3/2022,446.45
10/4/2022,448.75
10/5/2022,446.06
10/6/2022,445.33
10/7/2022,443.02
10/11/2022,439.73
10/12/2022,439.44
10/13/2022,437.35
10/14/2022,436.44
10/17/2022,436.76
10/18/2022,438.06
10/19/2022,434.41
10/20/2022,432.06
10/21/2022,430.75
10/24/2022,431.39
10/25/2022,435.83
10/26/2022,438.22
10/27/2022,440.43
10/28/2022,439.43
10/31/2022,438.57
11/1/2022,439.95
11/2/2022,439.9
11/3/2022,437.48
11/4/2022,436.9
11/7/2022,436.45
11/8/2022,438.42
11/9/2022,438.81
11/10/2022,446.79
11/14/2022,447.87
11/15/2022,451.7
11/16/2022,454.53
11/17/2022,452.81
11/18/2022,452.36
11/21/2022,453.32
11/22/2022,455.55
11/23/2022,458.28
11/25/2022,458.9
11/28/2022,459.05
11/29/2022,457.01
11/30/2022,458.96
12/1/2022,464.65
12/2/2022,466.28