Effective date ,S&P Municipal Bond Index
11/30/2012,210.03
12/3/2012,210.1
12/4/2012,210.12
12/5/2012,210.15
12/6/2012,210.17
12/7/2012,210.17
12/10/2012,210.13
12/11/2012,209.6
12/12/2012,209.28
12/13/2012,208.76
12/14/2012,208.11
12/17/2012,207.37
12/18/2012,206.58
12/19/2012,206.64
12/20/2012,206.83
12/21/2012,206.96
12/24/2012,207
12/26/2012,207.02
12/27/2012,207.1
12/28/2012,207.18
12/31/2012,207.23
1/2/2013,207.23
1/3/2013,207.24
1/4/2013,207.14
1/7/2013,207.36
1/8/2013,207.82
1/9/2013,208.2
1/10/2013,208.23
1/11/2013,208.37
1/14/2013,208.59
1/15/2013,208.78
1/16/2013,209.18
1/17/2013,209.1
1/18/2013,209.16
1/22/2013,209.27
1/23/2013,209.36
1/24/2013,209.32
1/25/2013,208.99
1/28/2013,208.78
1/29/2013,208.63
1/30/2013,208.46
1/31/2013,208.51
2/1/2013,208.57
2/4/2013,208.63
2/5/2013,208.55
2/6/2013,208.67
2/7/2013,208.76
2/8/2013,208.78
2/11/2013,208.85
2/12/2013,208.79
2/13/2013,208.53
2/14/2013,208.61
2/15/2013,208.67
2/19/2013,208.81
2/20/2013,208.56
2/21/2013,208.62
2/22/2013,208.65
2/25/2013,208.77
2/26/2013,209.09
2/27/2013,209.29
2/28/2013,209.37
3/1/2013,209.5
3/4/2013,209.49
3/5/2013,209.29
3/6/2013,208.9
3/7/2013,208.71
3/8/2013,208.14
3/11/2013,208.14
3/12/2013,208.08
3/13/2013,207.99
3/14/2013,207.75
3/15/2013,207.76
3/18/2013,208.07
3/19/2013,208.21
3/20/2013,208.15
3/21/2013,208.17
3/22/2013,208.13
3/25/2013,208.16
3/26/2013,208.17
3/27/2013,208.34
3/28/2013,208.43
4/1/2013,208.48
4/2/2013,208.5
4/3/2013,208.7
4/4/2013,209.02
4/5/2013,209.73
4/8/2013,209.78
4/9/2013,209.75
4/10/2013,209.64
4/11/2013,209.6
4/12/2013,209.78
4/15/2013,209.92
4/16/2013,209.9
4/17/2013,210.13
4/18/2013,210.15
4/19/2013,210.12
4/22/2013,210.16
4/23/2013,210.15
4/24/2013,210.15
4/25/2013,210.17
4/26/2013,210.36
4/29/2013,210.42
4/30/2013,210.61
5/1/2013,210.9
5/2/2013,210.93
5/3/2013,210.73
5/6/2013,210.48
5/7/2013,210.37
5/8/2013,210.42
5/9/2013,210.58
5/10/2013,210.22
5/13/2013,210.16
5/14/2013,210
5/15/2013,210.01
5/16/2013,210.26
5/17/2013,210.19
5/20/2013,210.13
5/21/2013,210.02
5/22/2013,209.88
5/23/2013,209.6
5/24/2013,209.59
5/28/2013,209.11
5/29/2013,208.52
5/30/2013,208.39
5/31/2013,208.22
6/3/2013,208.26
6/4/2013,207.8
6/5/2013,207.71
6/6/2013,207.71
6/7/2013,207.35
6/10/2013,206.68
6/11/2013,205.8
6/12/2013,205.39
6/13/2013,205.19
6/14/2013,205.44
6/17/2013,205.48
6/18/2013,205.24
6/19/2013,204.82
6/20/2013,202.74
6/21/2013,200.47
6/24/2013,198.15
6/25/2013,198.25
6/26/2013,200.55
6/27/2013,201.76
6/28/2013,201.93
7/1/2013,201.89
7/2/2013,201.92
7/3/2013,201.99
7/5/2013,201.01
7/8/2013,200.84
7/9/2013,200.55
7/10/2013,200.37
7/11/2013,200.97
7/12/2013,201.11
7/15/2013,201.15
7/16/2013,201.27
7/17/2013,201.4
7/18/2013,201.24
7/19/2013,200.52
7/22/2013,200.42
7/23/2013,199.72
7/24/2013,199.04
7/25/2013,199
7/26/2013,199.82
7/29/2013,199.89
7/30/2013,200.02
7/31/2013,199.94
8/1/2013,199.74
8/2/2013,199.55
8/5/2013,199.47
8/6/2013,199.27
8/7/2013,199.28
8/8/2013,199.33
8/9/2013,199.36
8/12/2013,199.4
8/13/2013,198.81
8/14/2013,198.68
8/15/2013,198.06
8/16/2013,197.84
8/19/2013,197.69
8/20/2013,197.42
8/21/2013,197.17
8/22/2013,197
8/23/2013,197.01
8/26/2013,197.03
8/27/2013,197.17
8/28/2013,196.91
8/29/2013,196.78
8/30/2013,196.83
9/3/2013,196.31
9/4/2013,196.27
9/5/2013,196
9/6/2013,196.25
9/9/2013,196.4
9/10/2013,196.39
9/11/2013,196.72
9/12/2013,197.39
9/13/2013,197.77
9/16/2013,198.66
9/17/2013,198.84
9/18/2013,199.59
9/19/2013,200.3
9/20/2013,200.55
9/23/2013,200.74
9/24/2013,200.97
9/25/2013,201.12
9/26/2013,201.11
9/27/2013,201.15
9/30/2013,201.2
10/1/2013,201.12
10/2/2013,201.25
10/3/2013,201.29
10/4/2013,201.27
10/7/2013,201.32
10/8/2013,201.25
10/9/2013,201.12
10/10/2013,200.68
10/11/2013,200.65
10/15/2013,200.36
10/16/2013,200.12
10/17/2013,200.6
10/18/2013,200.79
10/21/2013,200.83
10/22/2013,201.28
10/23/2013,201.68
10/24/2013,202.25
10/25/2013,202.44
10/28/2013,202.62
10/29/2013,202.81
10/30/2013,202.92
10/31/2013,202.97
11/1/2013,202.83
11/4/2013,202.83
11/5/2013,202.44
11/6/2013,202.44
11/7/2013,202.71
11/8/2013,202.04
11/12/2013,201.92
11/13/2013,201.93
11/14/2013,202.21
11/15/2013,202.29
11/18/2013,202.5
11/19/2013,202.6
11/20/2013,202.42
11/21/2013,202.06
11/22/2013,202.15
11/25/2013,202.29
11/26/2013,202.46
11/27/2013,202.48
11/29/2013,202.54
12/2/2013,202.3
12/3/2013,202.27
12/4/2013,201.83
12/5/2013,201.69
12/6/2013,201.69
12/9/2013,201.74
12/10/2013,202.02
12/11/2013,202.07
12/12/2013,202.01
12/13/2013,202.11
12/16/2013,202.21
12/17/2013,202.2
12/18/2013,202.09
12/19/2013,201.89
12/20/2013,201.9
12/23/2013,201.86
12/24/2013,201.87
12/26/2013,201.9
12/27/2013,201.8
12/30/2013,201.93
12/31/2013,201.94
1/2/2014,202.09
1/3/2014,202.13
1/6/2014,202.34
1/7/2014,202.67
1/8/2014,202.99
1/9/2014,203.37
1/10/2014,204.09
1/13/2014,204.48
1/14/2014,204.63
1/15/2014,204.58
1/16/2014,205
1/17/2014,205.26
1/21/2014,205.37
1/22/2014,205.58
1/23/2014,206
1/24/2014,206.52
1/27/2014,206.54
1/28/2014,206.32
1/29/2014,206.27
1/30/2014,206.14
1/31/2014,206.21
2/3/2014,206.36
2/4/2014,206.5
2/5/2014,206.5
2/6/2014,206.51
2/7/2014,206.6
2/10/2014,206.69
2/11/2014,206.64
2/12/2014,206.62
2/13/2014,206.74
2/14/2014,206.79
2/18/2014,207
2/19/2014,207.19
2/20/2014,207.31
2/21/2014,207.39
2/24/2014,207.51
2/25/2014,207.78
2/26/2014,208.08
2/27/2014,208.64
2/28/2014,208.81
3/3/2014,209.26
3/4/2014,209.22
3/5/2014,208.86
3/6/2014,208.69
3/7/2014,208.19
3/10/2014,208.17
3/11/2014,208.19
3/12/2014,208.64
3/13/2014,208.93
3/14/2014,209.29
3/17/2014,209.24
3/18/2014,209.08
3/19/2014,208.77
3/20/2014,208.5
3/21/2014,208.39
3/24/2014,208.32
3/25/2014,208.35
3/26/2014,208.68
3/27/2014,209.14
3/28/2014,209.2
3/31/2014,209.09
4/1/2014,209.01
4/2/2014,208.88
4/3/2014,208.97
4/4/2014,209.38
4/7/2014,209.6
4/8/2014,209.74
4/9/2014,209.93
4/10/2014,210.42
4/11/2014,210.69
4/14/2014,210.69
4/15/2014,210.83
4/16/2014,210.99
4/17/2014,211.04
4/21/2014,211.04
4/22/2014,211.04
4/23/2014,211.21
4/24/2014,211.25
4/25/2014,211.49
4/28/2014,211.57
4/29/2014,211.49
4/30/2014,211.6
5/1/2014,211.87
5/2/2014,211.88
5/5/2014,211.96
5/6/2014,212.17
5/7/2014,212.34
5/8/2014,212.67
5/9/2014,212.79
5/12/2014,212.85
5/13/2014,213.02
5/14/2014,213.52
5/15/2014,213.89
5/16/2014,213.94
5/19/2014,213.95
5/20/2014,213.92
5/21/2014,213.76
5/22/2014,213.76
5/23/2014,213.79
5/27/2014,213.87
5/28/2014,214.25
5/29/2014,214.44
5/30/2014,214.42
6/2/2014,214.33
6/3/2014,213.97
6/4/2014,213.72
6/5/2014,213.69
6/6/2014,213.71
6/9/2014,213.64
6/10/2014,213.33
6/11/2014,213.34
6/12/2014,213.39
6/13/2014,213.44
6/16/2014,213.51
6/17/2014,213.37
6/18/2014,213.42
6/19/2014,213.54
6/20/2014,213.55
6/23/2014,213.61
6/24/2014,213.77
6/25/2014,214.1
6/26/2014,214.23
6/27/2014,214.26
6/30/2014,214.23
7/1/2014,213.94
7/2/2014,213.42
7/3/2014,213.17
7/7/2014,213.2
7/8/2014,213.01
7/9/2014,212.91
7/10/2014,213.08
7/11/2014,213.23
7/14/2014,213.31
7/15/2014,213.52
7/16/2014,213.71
7/17/2014,214.12
7/18/2014,214.28
7/21/2014,214.48
7/22/2014,214.54
7/23/2014,214.85
7/24/2014,214.81
7/25/2014,214.96
7/28/2014,215.03
7/29/2014,215.16
7/30/2014,214.95
7/31/2014,214.7
8/1/2014,214.73
8/4/2014,214.83
8/5/2014,214.89
8/6/2014,215.23
8/7/2014,215.41
8/8/2014,215.67
8/11/2014,215.69
8/12/2014,215.73
8/13/2014,215.84
8/14/2014,216.14
8/15/2014,216.59
8/18/2014,216.52
8/19/2014,216.57
8/20/2014,216.54
8/21/2014,216.63
8/22/2014,216.68
8/25/2014,216.73
8/26/2014,216.93
8/27/2014,217.13
8/28/2014,217.47
8/29/2014,217.6
9/2/2014,217.46
9/3/2014,217.22
9/4/2014,217.12
9/5/2014,217.25
9/8/2014,217.33
9/9/2014,217.2
9/10/2014,217.01
9/11/2014,217.07
9/12/2014,216.86
9/15/2014,216.89
9/16/2014,216.94
9/17/2014,216.99
9/18/2014,217.02
9/19/2014,217.13
9/22/2014,217.29
9/23/2014,217.47
9/24/2014,217.58
9/25/2014,217.73
9/26/2014,217.65
9/29/2014,217.83
9/30/2014,217.89
10/1/2014,218.26
10/2/2014,218.35
10/3/2014,218.24
10/6/2014,218.35
10/7/2014,218.66
10/8/2014,218.89
10/9/2014,219.39
10/10/2014,219.57
10/14/2014,220.24
10/15/2014,220.92
10/16/2014,220.76
10/17/2014,220.31
10/20/2014,220.01
10/21/2014,219.43
10/22/2014,219.37
10/23/2014,219.07
10/24/2014,219.29
10/27/2014,219.48
10/28/2014,219.49
10/29/2014,219.22
10/30/2014,219.3
10/31/2014,219.09
11/3/2014,218.84
11/4/2014,218.72
11/5/2014,218.57
11/6/2014,218.45
11/7/2014,218.56
11/10/2014,218.61
11/12/2014,218.64
11/13/2014,218.65
11/14/2014,218.58
11/17/2014,218.61
11/18/2014,218.52
11/19/2014,218.61
11/20/2014,218.86
11/21/2014,218.88
11/24/2014,218.89
11/25/2014,219
11/26/2014,219.17
11/28/2014,219.46
12/1/2014,219.73
12/2/2014,219.52
12/3/2014,219.56
12/4/2014,219.81
12/5/2014,219.61
12/8/2014,219.87
12/9/2014,220.2
12/10/2014,220.4
12/11/2014,220.35
12/12/2014,220.55
12/15/2014,220.5
12/16/2014,220.71
12/17/2014,220.63
12/18/2014,219.98
12/19/2014,220.06
12/22/2014,220.16
12/23/2014,219.96
12/24/2014,219.87
12/26/2014,219.91
12/29/2014,220.14
12/30/2014,220.51
12/31/2014,220.64
1/2/2015,221.01
1/5/2015,221.47
1/6/2015,222.29
1/7/2015,222.3
1/8/2015,222.07
1/9/2015,222.33
1/12/2015,222.64
1/13/2015,222.9
1/14/2015,223.48
1/15/2015,223.67
1/16/2015,223.67
1/20/2015,223.79
1/21/2015,223.51
1/22/2015,223.26
1/23/2015,223.48
1/26/2015,223.54
1/27/2015,223.79
1/28/2015,224.02
1/29/2015,224.08
1/30/2015,224.39
2/2/2015,224.44
2/3/2015,223.95
2/4/2015,223.63
2/5/2015,223.55
2/6/2015,222.89
2/9/2015,222.87
2/10/2015,222.36
2/11/2015,222.19
2/12/2015,222.15
2/13/2015,222.04
2/17/2015,221.72
2/18/2015,221.91
2/19/2015,221.93
2/20/2015,221.93
2/23/2015,221.98
2/24/2015,222.06
2/25/2015,222.2
2/26/2015,222.32
2/27/2015,222.33
3/2/2015,222.08
3/3/2015,221.79
3/4/2015,221.75
3/5/2015,221.69
3/6/2015,221
3/9/2015,221.01
3/10/2015,221.15
3/11/2015,221.26
3/12/2015,221.59
3/13/2015,221.61
3/16/2015,221.73
3/17/2015,222.01
3/18/2015,222.44
3/19/2015,223.04
3/20/2015,223.14
3/23/2015,223.18
3/24/2015,223.12
3/25/2015,223.14
3/26/2015,222.88
3/27/2015,222.87
3/30/2015,222.91
3/31/2015,222.88
4/1/2015,223.06
4/2/2015,223.05
4/3/2015,223.29
4/6/2015,223.31
4/7/2015,223.2
4/8/2015,223.14
4/9/2015,222.96
4/10/2015,223.02
4/13/2015,223.05
4/14/2015,223.17
4/15/2015,223.19
4/16/2015,223.17
4/17/2015,223.19
4/20/2015,223.2
4/21/2015,223.08
4/22/2015,222.73
4/23/2015,222.67
4/24/2015,222.79
4/27/2015,222.82
4/28/2015,222.57
4/29/2015,222.23
4/30/2015,221.87
5/1/2015,221.55
5/4/2015,221.5
5/5/2015,221.28
5/6/2015,220.91
5/7/2015,221.08
5/8/2015,221.34
5/11/2015,221.03
5/12/2015,220.72
5/13/2015,220.73
5/14/2015,220.64
5/15/2015,220.72
5/18/2015,220.53
5/19/2015,220.3
5/20/2015,220.16
5/21/2015,220.33
5/22/2015,220.37
5/26/2015,220.75
5/27/2015,220.88
5/28/2015,221.05
5/29/2015,221.4
6/1/2015,221.18
6/2/2015,220.81
6/3/2015,220.34
6/4/2015,220.52
6/5/2015,220.06
6/8/2015,220.19
6/9/2015,220.14
6/10/2015,219.92
6/11/2015,220.22
6/12/2015,220.39
6/15/2015,220.63
6/16/2015,220.89
6/17/2015,220.81
6/18/2015,220.73
6/19/2015,220.98
6/22/2015,220.86
6/23/2015,220.69
6/24/2015,220.7
6/25/2015,220.71
6/26/2015,220.53
6/29/2015,220.71
6/30/2015,220.66
7/1/2015,220.34
7/2/2015,220.43
7/6/2015,220.95
7/7/2015,221.34
7/8/2015,221.48
7/9/2015,221.22
7/10/2015,220.74
7/13/2015,220.7
7/14/2015,220.85
7/15/2015,221.05
7/16/2015,221.11
7/17/2015,221.3
7/20/2015,221.35
7/21/2015,221.49
7/22/2015,221.74
7/23/2015,221.99
7/24/2015,222.06
7/27/2015,222.26
7/28/2015,222.05
7/29/2015,221.92
7/30/2015,221.91
7/31/2015,222.22
8/3/2015,222.35
8/4/2015,222.3
8/5/2015,222.03
8/6/2015,222.11
8/7/2015,222.35
8/10/2015,222.24
8/11/2015,222.54
8/12/2015,222.63
8/13/2015,222.55
8/14/2015,222.48
8/17/2015,222.58
8/18/2015,222.46
8/19/2015,222.5
8/20/2015,222.9
8/21/2015,223.12
8/24/2015,223.42
8/25/2015,223.01
8/26/2015,222.7
8/27/2015,222.66
8/28/2015,222.77
8/31/2015,222.79
9/1/2015,222.65
9/2/2015,222.8
9/3/2015,222.84
9/4/2015,222.95
9/8/2015,222.81
9/9/2015,222.58
9/10/2015,222.4
9/11/2015,222.52
9/14/2015,222.6
9/15/2015,222.36
9/16/2015,222.32
9/17/2015,222.63
9/18/2015,223.3
9/21/2015,223.3
9/22/2015,223.52
9/23/2015,223.59
9/24/2015,223.91
9/25/2015,223.83
9/28/2015,224.12
9/29/2015,224.39
9/30/2015,224.44
10/1/2015,224.51
10/2/2015,224.93
10/5/2015,224.82
10/6/2015,224.79
10/7/2015,224.77
10/8/2015,224.69
10/9/2015,224.68
10/13/2015,224.84
10/14/2015,225.07
10/15/2015,225.03
10/16/2015,225.07
10/19/2015,225.14
10/20/2015,225.06
10/21/2015,225.23
10/22/2015,225.3
10/23/2015,225.12
10/26/2015,225.27
10/27/2015,225.55
10/28/2015,225.55
10/29/2015,225.34
10/30/2015,225.39
11/2/2015,225.31
11/3/2015,225.15
11/4/2015,225.16
11/5/2015,225.1
11/6/2015,224.57
11/9/2015,224.31
11/10/2015,224.35
11/12/2015,224.44
11/13/2015,224.68
11/16/2015,224.8
11/17/2015,224.99
11/18/2015,225.25
11/19/2015,225.65
11/20/2015,225.78
11/23/2015,225.91
11/24/2015,226.07
11/25/2015,226.18
11/27/2015,226.21
11/30/2015,226.36
12/1/2015,226.73
12/2/2015,226.9
12/3/2015,226.43
12/4/2015,226.49
12/7/2015,226.75
12/8/2015,226.91
12/9/2015,226.99
12/10/2015,227.21
12/11/2015,227.61
12/14/2015,227.36
12/15/2015,227.01
12/16/2015,226.97
12/17/2015,227.28
12/18/2015,227.54
12/21/2015,227.67
12/22/2015,227.61
12/23/2015,227.62
12/24/2015,227.65
12/28/2015,227.83
12/29/2015,227.81
12/30/2015,227.87
12/31/2015,227.96
1/4/2016,228.52
1/5/2016,228.78
1/6/2016,229.5
1/7/2016,229.71
1/8/2016,229.73
1/11/2016,229.58
1/12/2016,229.6
1/13/2016,229.67
1/14/2016,229.55
1/15/2016,229.83
1/19/2016,229.88
1/20/2016,230.21
1/21/2016,230.09
1/22/2016,229.83
1/25/2016,229.9
1/26/2016,229.92
1/27/2016,229.87
1/28/2016,229.96
1/29/2016,230.37
2/1/2016,230.33
2/2/2016,230.68
2/3/2016,230.84
2/4/2016,230.99
2/5/2016,231.03
2/8/2016,231.39
2/9/2016,231.46
2/10/2016,231.46
2/11/2016,231.91
2/12/2016,231.59
2/16/2016,231.44
2/17/2016,231.07
2/18/2016,231.09
2/19/2016,231.13
2/22/2016,231.07
2/23/2016,230.87
2/24/2016,230.92
2/25/2016,230.96
2/26/2016,230.64
2/29/2016,230.73
3/1/2016,230.33
3/2/2016,230.17
3/3/2016,230.02
3/4/2016,229.8
3/7/2016,229.79
3/8/2016,230.07
3/9/2016,230.05
3/10/2016,230.03
3/11/2016,230.04
3/14/2016,230.04
3/15/2016,230.02
3/16/2016,230.18
3/17/2016,230.48
3/18/2016,230.59
3/21/2016,230.55
3/22/2016,230.63
3/23/2016,230.77
3/24/2016,230.79
3/28/2016,230.85
3/29/2016,231.14
3/30/2016,231.3
3/31/2016,231.69
4/1/2016,231.79
4/4/2016,231.89
4/5/2016,232.48
4/6/2016,232.54
4/7/2016,232.99
4/8/2016,233.03
4/11/2016,233.08
4/12/2016,232.95
4/13/2016,233.02
4/14/2016,233.03
4/15/2016,233.17
4/18/2016,233.25
4/19/2016,233.33
4/20/2016,233.36
4/21/2016,232.97
4/22/2016,232.86
4/25/2016,232.88
4/26/2016,232.78
4/27/2016,232.9
4/28/2016,233.19
4/29/2016,233.32
5/2/2016,233.33
5/3/2016,233.68
5/4/2016,233.82
5/5/2016,233.88
5/6/2016,234.02
5/9/2016,234.09
5/10/2016,234.21
5/11/2016,234.47
5/12/2016,234.49
5/13/2016,234.61
5/16/2016,234.66
5/17/2016,234.83
5/18/2016,234.37
5/19/2016,234.29
5/20/2016,234.29
5/23/2016,234.31
5/24/2016,234.13
5/25/2016,234.04
5/26/2016,234.01
5/27/2016,234.02
5/31/2016,234.05
6/1/2016,234.11
6/2/2016,234.23
6/3/2016,234.58
6/6/2016,234.64
6/7/2016,234.86
6/8/2016,234.99
6/9/2016,235.44
6/10/2016,235.88
6/13/2016,235.96
6/14/2016,236.31
6/15/2016,236.45
6/16/2016,236.88
6/17/2016,236.82
6/20/2016,236.49
6/21/2016,236.42
6/22/2016,236.41
6/23/2016,236.12
6/24/2016,237.59
6/27/2016,238.15
6/28/2016,237.92
6/29/2016,237.86
6/30/2016,237.88
7/1/2016,238.08
7/5/2016,238.5
7/6/2016,238.63
7/7/2016,238.49
7/8/2016,238.49
7/11/2016,238.41
7/12/2016,238.01
7/13/2016,238.09
7/14/2016,237.8
7/15/2016,237.46
7/18/2016,237.43
7/19/2016,237.46
7/20/2016,237.42
7/21/2016,237.31
7/22/2016,237.33
7/25/2016,237.36
7/26/2016,237.43
7/27/2016,237.66
7/28/2016,237.78
7/29/2016,237.91
8/1/2016,237.81
8/2/2016,237.52
8/3/2016,237.54
8/4/2016,237.77
8/5/2016,237.58
8/8/2016,237.55
8/9/2016,237.63
8/10/2016,237.85
8/11/2016,237.88
8/12/2016,238.15
8/15/2016,238.19
8/16/2016,238.14
8/17/2016,238.2
8/18/2016,238.33
8/19/2016,238.36
8/22/2016,238.45
8/23/2016,238.49
8/24/2016,238.52
8/25/2016,238.44
8/26/2016,238.44
8/29/2016,238.45
8/30/2016,238.43
8/31/2016,238.45
9/1/2016,238.35
9/2/2016,238.2
9/6/2016,238.27
9/7/2016,238.33
9/8/2016,238.22
9/9/2016,237.82
9/12/2016,237.61
9/13/2016,237.23
9/14/2016,237.24
9/15/2016,237.09
9/16/2016,237.11
9/19/2016,237.11
9/20/2016,237.08
9/21/2016,237.08
9/22/2016,237.25
9/23/2016,237.38
9/26/2016,237.45
9/27/2016,237.7
9/28/2016,237.78
9/29/2016,237.65
9/30/2016,237.55
10/3/2016,237.6
10/4/2016,237.25
10/5/2016,236.73
10/6/2016,236.42
10/7/2016,236.39
10/11/2016,236
10/12/2016,235.72
10/13/2016,235.73
10/14/2016,235.53
10/17/2016,235.52
10/18/2016,235.48
10/19/2016,235.48
10/20/2016,235.64
10/21/2016,235.66
10/24/2016,235.7
10/25/2016,235.71
10/26/2016,235.7
10/27/2016,235.29
10/28/2016,235.48
10/31/2016,235.61
11/1/2016,235.61
11/2/2016,235.92
11/3/2016,235.93
11/4/2016,236.05
11/7/2016,236.02
11/8/2016,235.92
11/9/2016,234.6
11/10/2016,233.7
11/14/2016,230.99
11/15/2016,230.73
11/16/2016,230.62
11/17/2016,230.51
11/18/2016,230.11
11/21/2016,229.74
11/22/2016,229.35
11/23/2016,228.95
11/25/2016,228.97
11/28/2016,228.66
11/29/2016,228.22
11/30/2016,227.45
12/1/2016,226.49
12/2/2016,226.71
12/5/2016,227.03
12/6/2016,227.81
12/7/2016,229.38
12/8/2016,229.22
12/9/2016,229.1
12/12/2016,228.71
12/13/2016,228.69
12/14/2016,228.78
12/15/2016,227.86
12/16/2016,227.93
12/19/2016,228.24
12/20/2016,228.32
12/21/2016,228.57
12/22/2016,228.78
12/23/2016,228.95
12/27/2016,229.03
12/28/2016,229.26
12/29/2016,229.54
12/30/2016,229.72
1/3/2017,229.76
1/4/2017,230.02
1/5/2017,230.54
1/6/2017,230.63
1/9/2017,230.91
1/10/2017,231.12
1/11/2017,231.55
1/12/2017,232.06
1/13/2017,231.91
1/17/2017,232.21
1/18/2017,232
1/19/2017,231.2
1/20/2017,230.62
1/23/2017,230.78
1/24/2017,230.82
1/25/2017,230.55
1/26/2017,230.5
1/27/2017,230.68
1/30/2017,230.75
1/31/2017,230.92
2/1/2017,230.85
2/2/2017,230.98
2/3/2017,231.06
2/6/2017,231.32
2/7/2017,231.57
2/8/2017,231.88
2/9/2017,231.69
2/10/2017,231.63
2/13/2017,231.52
2/14/2017,231.2
2/15/2017,230.77
2/16/2017,231.05
2/17/2017,231.45
2/21/2017,231.54
2/22/2017,231.68
2/23/2017,231.96
2/24/2017,232.47
2/27/2017,232.42
2/28/2017,232.47
3/1/2017,231.89
3/2/2017,231.54
3/3/2017,231.39
3/6/2017,231.43
3/7/2017,231.42
3/8/2017,231.08
3/9/2017,230.96
3/10/2017,230.95
3/13/2017,230.82
3/14/2017,230.76
3/15/2017,231.01
3/16/2017,231.24
3/17/2017,231.39
3/20/2017,231.59
3/21/2017,231.94
3/22/2017,232.27
3/23/2017,232.52
3/24/2017,232.56
3/27/2017,232.93
3/28/2017,233.12
3/29/2017,233.12
3/30/2017,233.02
3/31/2017,232.97
4/3/2017,233.12
4/4/2017,233.3
4/5/2017,233.49
4/6/2017,233.72
4/7/2017,233.97
4/10/2017,234.04
4/11/2017,234.42
4/12/2017,234.52
4/13/2017,234.86
4/17/2017,235.01
4/18/2017,235.5
4/19/2017,235.52
4/20/2017,235.3
4/21/2017,235.29
4/24/2017,234.94
4/25/2017,234.61
4/26/2017,234.61
4/27/2017,234.62
4/28/2017,234.65
5/1/2017,234.42
5/2/2017,234.43
5/3/2017,234.8
5/4/2017,234.69
5/5/2017,234.69
5/8/2017,234.71
5/9/2017,234.64
5/10/2017,234.85
5/11/2017,234.89
5/12/2017,235.23
5/15/2017,235.29
5/16/2017,235.48
5/17/2017,236.19
5/18/2017,236.34
5/19/2017,236.36
5/22/2017,236.57
5/23/2017,236.79
5/24/2017,236.84
5/25/2017,236.97
5/26/2017,237.13
5/30/2017,237.44
5/31/2017,237.74
6/1/2017,237.65
6/2/2017,238.11
6/5/2017,238.15
6/6/2017,238.43
6/7/2017,238.44
6/8/2017,238.18
6/9/2017,238.01
6/12/2017,237.9
6/13/2017,237.79
6/14/2017,238.13
6/15/2017,237.98
6/16/2017,238
6/19/2017,238.07
6/20/2017,238.1
6/21/2017,238.15
6/22/2017,238.21
6/23/2017,238.23
6/26/2017,238.39
6/27/2017,238.11
6/28/2017,237.73
6/29/2017,237.17
6/30/2017,237.2
7/3/2017,237.11
7/5/2017,237.15
7/6/2017,237.01
7/7/2017,236.87
7/10/2017,236.91
7/11/2017,236.94
7/12/2017,237.22
7/13/2017,237.37
7/14/2017,237.75
7/17/2017,237.83
7/18/2017,238.29
7/19/2017,238.47
7/20/2017,238.68
7/21/2017,238.95
7/24/2017,239.03
7/25/2017,238.8
7/26/2017,238.79
7/27/2017,238.75
7/28/2017,238.76
7/31/2017,238.77
8/1/2017,238.9
8/2/2017,239
8/3/2017,239.32
8/4/2017,239.28
8/7/2017,239.35
8/8/2017,239.33
8/9/2017,239.57
8/10/2017,239.78
8/11/2017,239.83
8/14/2017,239.87
8/15/2017,239.56
8/16/2017,239.55
8/17/2017,239.63
8/18/2017,239.77
8/21/2017,239.91
8/22/2017,239.93
8/23/2017,240.14
8/24/2017,240.14
8/25/2017,240.18
8/28/2017,240.26
8/29/2017,240.52
8/30/2017,240.54
8/31/2017,240.64
9/1/2017,240.54
9/5/2017,240.86
9/6/2017,240.94
9/7/2017,241.19
9/8/2017,241.29
9/11/2017,241.12
9/12/2017,240.73
9/13/2017,240.62
9/14/2017,240.57
9/15/2017,240.58
9/18/2017,240.56
9/19/2017,240.39
9/20/2017,240.24
9/21/2017,240.19
9/22/2017,240.29
9/25/2017,240.3
9/26/2017,240.27
9/27/2017,239.66
9/28/2017,239.5
9/29/2017,239.54
10/2/2017,239.52
10/3/2017,239.64
10/4/2017,239.7
10/5/2017,239.7
10/6/2017,239.68
10/10/2017,239.86
10/11/2017,239.96
10/12/2017,240.19
10/13/2017,240.51
10/16/2017,240.6
10/17/2017,240.88
10/18/2017,240.81
10/19/2017,240.83
10/20/2017,240.44
10/23/2017,240.5
10/24/2017,240.34
10/25/2017,239.93
10/26/2017,239.72
10/27/2017,239.74
10/30/2017,239.88
10/31/2017,239.86
11/1/2017,239.83
11/2/2017,240.01
11/3/2017,240.23
11/6/2017,240.62
11/7/2017,241.18
11/8/2017,241.34
11/9/2017,241.04
11/10/2017,240.49
11/13/2017,240.4
11/14/2017,240.29
11/15/2017,240.41
11/16/2017,240.3
11/17/2017,240.31
11/20/2017,240.23
11/21/2017,239.91
11/22/2017,239.55
11/24/2017,239.52
11/27/2017,239.16
11/28/2017,238.75
11/29/2017,238.27
11/30/2017,238.82
12/1/2017,239.72
12/4/2017,239.94
12/5/2017,240.68
12/6/2017,241.81
12/7/2017,241.66
12/8/2017,241.06
12/11/2017,240.45
12/12/2017,240.07
12/13/2017,240.6
12/14/2017,240.87
12/15/2017,240.85
12/18/2017,240.51
12/19/2017,239.89
12/20/2017,239.36
12/21/2017,239.49
12/22/2017,239.74
12/26/2017,240.21
12/27/2017,240.66
12/28/2017,240.91
12/29/2017,241.09
1/2/2018,241.1
1/3/2018,241.26
1/4/2018,241.17
1/5/2018,241.08
1/8/2018,241.15
1/9/2018,240.8
1/10/2018,240.2
1/11/2018,240.21
1/12/2018,240.25
1/16/2018,240.53
1/17/2018,240.56
1/18/2018,240.36
1/19/2018,240.28
1/22/2018,240.31
1/23/2018,240.32
1/24/2018,239.96
1/25/2018,239.98
1/26/2018,239.77
1/29/2018,239.32
1/30/2018,238.88
1/31/2018,238.8
2/1/2018,238.57
2/2/2018,237.85
2/5/2018,237.9
2/6/2018,238.73
2/7/2018,238.56
2/8/2018,238.25
2/9/2018,238.25
2/12/2018,238.23
2/13/2018,238.25
2/14/2018,237.87
2/15/2018,237.77
2/16/2018,237.86
2/20/2018,237.88
2/21/2018,237.81
2/22/2018,237.8
2/23/2018,238
2/26/2018,238.06
2/27/2018,237.8
2/28/2018,237.87
3/1/2018,238.29
3/2/2018,238.24
3/5/2018,238.19
3/6/2018,238.2
3/7/2018,238.2
3/8/2018,238.18
3/9/2018,237.97
3/12/2018,237.88
3/13/2018,237.9
3/14/2018,238.01
3/15/2018,238.08
3/16/2018,238.16
3/19/2018,238.23
3/20/2018,238.08
3/21/2018,237.93
3/22/2018,238.35
3/23/2018,238.35
3/26/2018,238.43
3/27/2018,238.53
3/28/2018,238.66
3/29/2018,238.86
4/2/2018,238.93
4/3/2018,238.75
4/4/2018,238.75
4/5/2018,238.55
4/6/2018,238.68
4/9/2018,238.67
4/10/2018,238.73
4/11/2018,239
4/12/2018,238.97
4/13/2018,239.02
4/16/2018,238.95
4/17/2018,239.01
4/18/2018,239.02
4/19/2018,238.7
4/20/2018,238.58
4/23/2018,238.42
4/24/2018,238.2
4/25/2018,237.53
4/26/2018,237.62
4/27/2018,237.85
4/30/2018,238.04
5/1/2018,238.12
5/2/2018,238.34
5/3/2018,238.88
5/4/2018,239.16
5/7/2018,239.28
5/8/2018,239.45
5/9/2018,239.37
5/10/2018,239.52
5/11/2018,239.62
5/14/2018,239.61
5/15/2018,239.07
5/16/2018,238.97
5/17/2018,238.75
5/18/2018,238.76
5/21/2018,238.84
5/22/2018,238.87
5/23/2018,239.27
5/24/2018,239.45
5/25/2018,239.77
5/29/2018,240.63
5/30/2018,240.6
5/31/2018,240.73
6/1/2018,240.46
6/4/2018,240.41
6/5/2018,240.45
6/6/2018,240.3
6/7/2018,240.31
6/8/2018,240.36
6/11/2018,240.44
6/12/2018,240.32
6/13/2018,240.18
6/14/2018,240.25
6/15/2018,240.42
6/18/2018,240.5
6/19/2018,240.73
6/20/2018,240.72
6/21/2018,240.75
6/22/2018,240.68
6/25/2018,240.75
6/26/2018,240.71
6/27/2018,240.86
6/28/2018,240.97
6/29/2018,241.03
7/2/2018,241.08
7/3/2018,241.22
7/5/2018,241.28
7/6/2018,241.5
7/9/2018,241.59
7/10/2018,241.59
7/11/2018,241.74
7/12/2018,241.81
7/13/2018,241.95
7/16/2018,242.02
7/17/2018,241.99
7/18/2018,242.06
7/19/2018,242.15
7/20/2018,242.06
7/23/2018,241.87
7/24/2018,241.74
7/25/2018,241.75
7/26/2018,241.61
7/27/2018,241.64
7/30/2018,241.65
7/31/2018,241.65
8/1/2018,241.38
8/2/2018,241.38
8/3/2018,241.4
8/6/2018,241.47
8/7/2018,241.43
8/8/2018,241.31
8/9/2018,241.38
8/10/2018,241.69
8/13/2018,241.76
8/14/2018,241.73
8/15/2018,241.95
8/16/2018,241.96
8/17/2018,241.98
8/20/2018,242.12
8/21/2018,242.15
8/22/2018,242.16
8/23/2018,242.15
8/24/2018,242.21
8/27/2018,242.21
8/28/2018,242.19
8/29/2018,242.07
8/30/2018,242.04
8/31/2018,242.1
9/4/2018,242.05
9/5/2018,241.88
9/6/2018,241.85
9/7/2018,241.43
9/10/2018,241.5
9/11/2018,241.22
9/12/2018,241.22
9/13/2018,241.21
9/14/2018,241
9/17/2018,240.93
9/18/2018,240.58
9/19/2018,240.44
9/20/2018,240.37
9/21/2018,240.36
9/24/2018,240.27
9/25/2018,240.1
9/26/2018,240.18
9/27/2018,240.43
9/28/2018,240.69
10/1/2018,240.63
10/2/2018,240.65
10/3/2018,240.12
10/4/2018,239.6
10/5/2018,239.33
10/9/2018,239.09
10/10/2018,238.6
10/11/2018,238.83
10/12/2018,238.84
10/15/2018,238.92
10/16/2018,238.95
10/17/2018,239.08
10/18/2018,238.94
10/19/2018,238.93
10/22/2018,239.07
10/23/2018,239.43
10/24/2018,239.48
10/25/2018,239.48
10/26/2018,239.63
10/29/2018,239.71
10/30/2018,239.53
10/31/2018,239.11
11/1/2018,238.97
11/2/2018,238.62
11/5/2018,238.66
11/6/2018,238.62
11/7/2018,238.77
11/8/2018,238.95
11/9/2018,239.17
11/13/2018,239.4
11/14/2018,239.42
11/15/2018,239.68
11/16/2018,239.95
11/19/2018,240.13
11/20/2018,240.38
11/21/2018,240.45
11/23/2018,240.59
11/26/2018,240.67
11/27/2018,240.76
11/28/2018,240.85
11/29/2018,241.27
11/30/2018,241.59
12/3/2018,241.68
12/4/2018,242.42
12/6/2018,243.09
12/7/2018,243.04
12/10/2018,243.1
12/11/2018,242.94
12/12/2018,242.79
12/13/2018,242.69
12/14/2018,242.7
12/17/2018,242.93
12/18/2018,243.22
12/19/2018,243.51
12/20/2018,243.88
12/21/2018,243.99
12/24/2018,244.06
12/26/2018,244.1
12/27/2018,244.25
12/28/2018,244.27
12/31/2018,244.35
1/2/2019,244.66
1/3/2019,245.31
1/4/2019,245.28
1/7/2019,245.34
1/8/2019,245.12
1/9/2019,244.92
1/10/2019,244.92
1/11/2019,245.22
1/14/2019,245.3
1/15/2019,245.45
1/16/2019,245.32
1/17/2019,245.37
1/18/2019,245.32
1/22/2019,245.36
1/23/2019,245.14
1/24/2019,245.17
1/25/2019,245.15
1/28/2019,245.27
1/29/2019,245.41
1/30/2019,245.52
1/31/2019,246.15
2/1/2019,246.15
2/4/2019,245.98
2/5/2019,246.08
2/6/2019,246.21
2/7/2019,246.62
2/8/2019,246.87
2/11/2019,246.96
2/12/2019,246.81
2/13/2019,246.67
2/14/2019,246.85
2/15/2019,246.92
2/19/2019,247.12
2/20/2019,247.21
2/21/2019,247.06
2/22/2019,247.2
2/25/2019,247.3
2/26/2019,247.56
2/27/2019,247.57
2/28/2019,247.45
3/1/2019,247.32
3/4/2019,247.37
3/5/2019,247.41
3/6/2019,247.65
3/7/2019,248.1
3/8/2019,248.27
3/11/2019,248.41
3/12/2019,248.52
3/13/2019,248.56
3/14/2019,248.48
3/15/2019,248.67
3/18/2019,248.83
3/19/2019,248.84
3/20/2019,249.03
3/21/2019,249.58
3/22/2019,250.26
3/25/2019,250.52
3/26/2019,250.59
3/27/2019,250.92
3/28/2019,251.01
3/29/2019,251.1
4/1/2019,250.83
4/2/2019,250.81
4/3/2019,250.51
4/4/2019,250.48
4/5/2019,250.48
4/8/2019,250.57
4/9/2019,250.64
4/10/2019,250.75
4/11/2019,250.8
4/12/2019,250.73
4/15/2019,250.81
4/16/2019,250.73
4/17/2019,250.6
4/18/2019,250.69
4/22/2019,250.86
4/23/2019,250.94
4/24/2019,251.33
4/25/2019,251.49
4/26/2019,251.82
4/29/2019,251.91
4/30/2019,251.94
5/1/2019,252.18
5/2/2019,252.17
5/3/2019,252.31
5/6/2019,252.58
5/7/2019,252.88
5/8/2019,253.14
5/9/2019,253.3
5/10/2019,253.38
5/13/2019,253.68
5/14/2019,253.87
5/15/2019,254.13
5/16/2019,254.21
5/17/2019,254.18
5/20/2019,254.27
5/21/2019,254.02
5/22/2019,254.03
5/23/2019,254.3
5/24/2019,254.38
5/28/2019,254.56
5/29/2019,254.87
5/30/2019,254.98
5/31/2019,255.33
6/3/2019,255.55
6/4/2019,255.47
6/5/2019,255.56
6/6/2019,255.55
6/7/2019,255.85
6/10/2019,255.74
6/11/2019,255.59
6/12/2019,255.6
6/13/2019,255.61
6/14/2019,255.61
6/17/2019,255.66
6/18/2019,255.77
6/19/2019,255.79
6/20/2019,256.01
6/21/2019,256.03
6/24/2019,256.21
6/25/2019,256.33
6/26/2019,256.37
6/27/2019,256.37
6/28/2019,256.42
7/1/2019,256.48
7/2/2019,256.59
7/3/2019,256.76
7/5/2019,256.71
7/8/2019,256.81
7/9/2019,256.96
7/10/2019,257.09
7/11/2019,257.2
7/12/2019,257.24
7/15/2019,257.34
7/16/2019,257.28
7/17/2019,257.51
7/18/2019,257.57
7/19/2019,257.62
7/22/2019,257.76
7/23/2019,257.81
7/24/2019,257.96
7/25/2019,257.98
7/26/2019,258.05
7/29/2019,258.22
7/30/2019,258.35
7/31/2019,258.4
8/1/2019,258.73
8/2/2019,259.18
8/5/2019,259.91
8/6/2019,260.12
8/7/2019,260.92
8/8/2019,260.69
8/9/2019,260.78
8/12/2019,261.05
8/13/2019,261.16
8/14/2019,261.87
8/15/2019,261.92
8/16/2019,261.98
8/19/2019,261.9
8/20/2019,261.89
8/21/2019,261.8
8/22/2019,261.63
8/23/2019,261.67
8/26/2019,261.75
8/27/2019,261.88
8/28/2019,262.22
8/29/2019,262.1
8/30/2019,262.1
9/3/2019,262.13
9/4/2019,262.15
9/5/2019,261.64
9/6/2019,261.53
9/9/2019,261.34
9/10/2019,260.89
9/11/2019,260.36
9/12/2019,260.12
9/13/2019,259.01
9/16/2019,258.81
9/17/2019,258.55
9/18/2019,259.16
9/19/2019,259.47
9/20/2019,259.65
9/23/2019,260.16
9/24/2019,260.52
9/25/2019,260.52
9/26/2019,260.32
9/27/2019,260.32
9/30/2019,260.41
10/1/2019,260.51
10/2/2019,260.82
10/3/2019,261.38
10/4/2019,261.54
10/7/2019,261.73
10/8/2019,262.17
10/9/2019,262.15
10/10/2019,261.78
10/11/2019,261.09
10/15/2019,260.95
10/16/2019,260.84
10/17/2019,260.51
10/18/2019,260.48
10/21/2019,260.36
10/22/2019,260.21
10/23/2019,260.14
10/24/2019,260.15
10/25/2019,260.15
10/28/2019,260.06
10/29/2019,259.96
10/30/2019,260.02
10/31/2019,260.8
11/1/2019,260.78
11/4/2019,260.7
11/5/2019,260.22
11/6/2019,260.27
11/7/2019,259.58
11/8/2019,259.43
11/12/2019,259.54
11/13/2019,259.8
11/14/2019,260.13
11/15/2019,260.19
11/18/2019,260.28
11/19/2019,260.35
11/20/2019,260.86
11/21/2019,260.85
11/22/2019,260.85
11/25/2019,260.93
11/26/2019,261.23
11/27/2019,261.2
11/29/2019,261.24
12/2/2019,260.98
12/3/2019,261.45
12/4/2019,261.47
12/5/2019,261.53
12/6/2019,261.39
12/9/2019,261.6
12/10/2019,261.77
12/11/2019,262.05
12/12/2019,261.88
12/13/2019,261.87
12/16/2019,261.94
12/17/2019,262.06
12/18/2019,261.9
12/19/2019,261.71
12/20/2019,261.72
12/23/2019,261.8
12/24/2019,261.83
12/26/2019,261.87
12/27/2019,262.02
12/30/2019,262.04
12/31/2019,262.09
1/2/2020,262.37
1/3/2020,263
1/6/2020,263.24
1/7/2020,263.54
1/8/2020,263.64
1/9/2020,263.59
1/10/2020,263.73
1/13/2020,263.82
1/14/2020,264.05
1/15/2020,264.34
1/16/2020,264.51
1/17/2020,264.54
1/21/2020,264.82
1/22/2020,264.9
1/23/2020,265.16
1/24/2020,265.29
1/27/2020,265.78
1/28/2020,265.9
1/29/2020,265.99
1/30/2020,266.23
1/31/2020,266.36
2/3/2020,266.33
2/4/2020,266.06
2/5/2020,265.72
2/6/2020,265.69
2/7/2020,265.93
2/10/2020,266.08
2/11/2020,266.13
2/12/2020,266.09
2/13/2020,266.11
2/14/2020,266.2
2/18/2020,266.63
2/19/2020,266.69
2/20/2020,267
2/21/2020,267.61
2/24/2020,268.53
2/25/2020,268.92
2/26/2020,268.95
2/27/2020,269.39
2/28/2020,269.58
3/2/2020,269.76
3/3/2020,269.48
3/4/2020,269.54
3/5/2020,269.49
3/6/2020,270.09
3/9/2020,270.79
3/10/2020,269.15
3/11/2020,265.78
3/12/2020,259.39
3/13/2020,259.66
3/16/2020,259.08
3/17/2020,257.68
3/18/2020,255.24
3/19/2020,248.63
3/20/2020,242.31
3/23/2020,243.65
3/24/2020,246.29
3/25/2020,254.65
3/26/2020,260.94
3/27/2020,261.75
3/30/2020,261.85
3/31/2020,260.58
4/1/2020,255.74
4/2/2020,254.38
4/3/2020,255.95
4/6/2020,257.52
4/7/2020,258.53
4/8/2020,259.13
4/9/2020,260.25
4/13/2020,261.35
4/14/2020,261.78
4/15/2020,261.86
4/16/2020,261.81
4/17/2020,261.72
4/20/2020,261.62
4/21/2020,261.02
4/22/2020,260.29
4/23/2020,259.6
4/24/2020,259.06
4/27/2020,258.88
4/28/2020,258.21
4/29/2020,257.48
4/30/2020,257.51
5/1/2020,258.48
5/4/2020,259.02
5/5/2020,259.31
5/6/2020,259.53
5/7/2020,259.84
5/8/2020,260.37
5/11/2020,260.71
5/12/2020,260.76
5/13/2020,261.13
5/14/2020,261.55
5/15/2020,262.01
5/18/2020,262.25
5/19/2020,262.67
5/20/2020,263.3
5/21/2020,263.86
5/22/2020,264.46
5/26/2020,264.76
5/27/2020,264.88
5/28/2020,264.99
5/29/2020,265.21
6/1/2020,265.21
6/2/2020,265.34
6/3/2020,265.51
6/4/2020,265.8
6/5/2020,265.62
6/8/2020,265.72
6/9/2020,266.04
6/10/2020,266.23
6/11/2020,266.71
6/12/2020,266.75
6/15/2020,266.87
6/16/2020,266.75
6/17/2020,266.7
6/18/2020,266.81
6/19/2020,266.87
6/22/2020,266.94
6/23/2020,266.97
6/24/2020,267.01
6/25/2020,267.02
6/26/2020,267.05
6/29/2020,267.19
6/30/2020,267.27
7/1/2020,267.29
7/2/2020,267.33
7/6/2020,267.47
7/7/2020,267.63
7/8/2020,267.7
7/9/2020,268
7/10/2020,268.38
7/13/2020,268.52
7/14/2020,268.9
7/15/2020,269.03
7/16/2020,269.32
7/17/2020,269.46
7/20/2020,269.75
7/21/2020,269.86
7/22/2020,270.02
7/23/2020,270.2
7/24/2020,270.25
7/27/2020,270.36
7/28/2020,270.48
7/29/2020,270.57
7/30/2020,270.81
7/31/2020,271.03
8/3/2020,271.09
8/4/2020,271.35
8/5/2020,271.58
8/6/2020,271.89
8/7/2020,272.07
8/10/2020,272.32
8/11/2020,272.28
8/12/2020,272.04
8/13/2020,271.88
8/14/2020,271.63
8/17/2020,271.6
8/18/2020,271.46
8/19/2020,271.28
8/20/2020,271.02
8/21/2020,271.02
8/24/2020,271.09
8/25/2020,270.88
8/26/2020,270.63
8/27/2020,270.35
8/28/2020,270.3
8/31/2020,270.37
9/1/2020,270.28
9/2/2020,270.25
9/3/2020,270.22
9/4/2020,270.24
9/8/2020,270.34
9/9/2020,270.42
9/10/2020,270.35
9/11/2020,270.37
9/14/2020,270.43
9/15/2020,270.46
9/16/2020,270.47
9/17/2020,270.57
9/18/2020,270.6
9/21/2020,270.73
9/22/2020,270.73
9/23/2020,270.78
9/24/2020,270.66
9/25/2020,270.66
9/28/2020,270.75
9/29/2020,270.73
9/30/2020,270.43
10/1/2020,270.39
10/2/2020,270.36
10/5/2020,270.24
10/6/2020,269.96
10/7/2020,269.68
10/8/2020,269.64
10/9/2020,269.68
10/13/2020,269.81
10/14/2020,269.84
10/15/2020,269.91
10/16/2020,269.91
10/19/2020,269.95
10/20/2020,269.75
10/21/2020,269.77
10/22/2020,269.75
10/23/2020,269.75
10/26/2020,269.84
10/27/2020,269.94
10/28/2020,270
10/29/2020,269.99
10/30/2020,270.05
11/2/2020,269.98
11/3/2020,270.01
11/4/2020,270.86
11/5/2020,271.15
11/6/2020,271.35
11/9/2020,271.06
11/10/2020,271.07
11/12/2020,271.42
11/13/2020,271.68
11/16/2020,271.86
11/17/2020,272.24
11/18/2020,272.56
11/19/2020,273.06
11/20/2020,273.21
11/23/2020,273.29
11/24/2020,273.25
11/25/2020,273.24
11/27/2020,273.29
11/30/2020,273.47
12/1/2020,273.54
12/2/2020,273.69
12/3/2020,273.84
12/4/2020,273.94
12/7/2020,273.99
12/8/2020,274.19
12/9/2020,274.22
12/10/2020,274.32
12/11/2020,274.44
12/14/2020,274.53
12/15/2020,274.61
12/16/2020,274.7
12/17/2020,274.72
12/18/2020,274.73
12/21/2020,274.81
12/22/2020,274.87
12/23/2020,274.84
12/24/2020,274.87
12/28/2020,274.99
12/29/2020,275.03
12/30/2020,275.03
12/31/2020,275.08
1/4/2021,275.21
1/5/2021,275.37
1/6/2021,275.36
1/7/2021,275.19
1/8/2021,274.99
1/11/2021,275.01
1/12/2021,274.96
1/13/2021,274.99
1/14/2021,275.03
1/15/2021,275.11
1/19/2021,275.27
1/20/2021,275.33
1/21/2021,275.46
1/22/2021,275.55
1/25/2021,275.7
1/26/2021,276.16
1/27/2021,276.45
1/28/2021,276.52
1/29/2021,276.62
2/1/2021,276.63
2/2/2021,276.68
2/3/2021,276.74
2/4/2021,276.78
2/5/2021,276.85
2/8/2021,276.97
2/9/2021,277.21
2/10/2021,277.46
2/11/2021,277.49
2/12/2021,277.54
2/16/2021,277.4
2/17/2021,276.94
2/18/2021,276.31
2/19/2021,275.76
2/22/2021,274.87
2/23/2021,274.23
2/24/2021,273.5
2/25/2021,272.77
2/26/2021,272.86
3/1/2021,273
3/2/2021,273.04
3/3/2021,273.14
3/4/2021,273.45
3/5/2021,273.7
3/8/2021,273.79
3/9/2021,274.16
3/10/2021,274.49
3/11/2021,274.83
3/12/2021,274.65
3/15/2021,274.74
3/16/2021,274.78
3/17/2021,274.49
3/18/2021,273.44
3/19/2021,273.47
3/22/2021,273.65
3/23/2021,273.97
3/24/2021,274.23
3/25/2021,274.28
3/26/2021,274.34
3/29/2021,274.53
3/30/2021,274.39
3/31/2021,274.37
4/1/2021,274.5
4/2/2021,274.53
4/5/2021,274.63
4/6/2021,274.77
4/7/2021,275.03
4/8/2021,275.51
4/9/2021,275.57
4/12/2021,275.67
4/13/2021,275.95
4/14/2021,276.27
4/15/2021,276.75
4/16/2021,276.8
4/19/2021,276.88
4/20/2021,276.88
4/21/2021,276.91
4/22/2021,276.93
4/23/2021,276.96
4/26/2021,277.03
4/27/2021,277.03
4/28/2021,276.9
4/29/2021,276.58
4/30/2021,276.57
5/3/2021,276.59
5/4/2021,276.74
5/5/2021,276.83
5/6/2021,276.85
5/7/2021,277.05
5/10/2021,277.15
5/11/2021,277.08
5/12/2021,276.83
5/13/2021,276.71
5/14/2021,276.78
5/17/2021,276.87
5/18/2021,276.93
5/19/2021,277.02
5/20/2021,277.04
5/21/2021,277.07
5/24/2021,277.16
5/25/2021,277.34
5/26/2021,277.59
5/27/2021,277.55
5/28/2021,277.68
6/1/2021,277.65
6/2/2021,277.83
6/3/2021,277.85
6/4/2021,278.05
6/7/2021,278.18
6/8/2021,278.54
6/9/2021,279.07
6/10/2021,279.12
6/11/2021,279.16
6/14/2021,279.25
6/15/2021,279.18
6/16/2021,279.1
6/17/2021,278.59
6/18/2021,278.5
6/21/2021,278.54
6/22/2021,278.48
6/23/2021,278.31
6/24/2021,278.24
6/25/2021,278.25
6/28/2021,278.31
6/29/2021,278.34
6/30/2021,278.48
7/1/2021,278.53
7/2/2021,278.6
7/6/2021,279
7/7/2021,279.51
7/8/2021,280
7/9/2021,280.02
7/12/2021,280.11
7/13/2021,280.15
7/14/2021,280.17
7/15/2021,280.18
7/16/2021,280.18
7/19/2021,280.45
7/20/2021,280.5
7/21/2021,280.43
7/22/2021,280.4
7/23/2021,280.39
7/26/2021,280.53
7/27/2021,280.57
7/28/2021,280.52
7/29/2021,280.36
7/30/2021,280.43
8/2/2021,280.48
8/3/2021,280.51
8/4/2021,280.52
8/5/2021,280.49
8/6/2021,280.19
8/9/2021,280.25
8/10/2021,280
8/11/2021,279.87
8/12/2021,279.7
8/13/2021,279.73
8/16/2021,279.8
8/17/2021,279.8
8/18/2021,279.8
8/19/2021,279.77
8/20/2021,279.78
8/23/2021,279.83
8/24/2021,279.74
8/25/2021,279.67
8/26/2021,279.6
8/27/2021,279.6
8/30/2021,279.66
8/31/2021,279.67
9/1/2021,279.54
9/2/2021,279.48
9/3/2021,279.47
9/7/2021,279.43
9/8/2021,279.52
9/9/2021,279.47
9/10/2021,279.47
9/13/2021,279.55
9/14/2021,279.58
9/15/2021,279.6
9/16/2021,279.56
9/17/2021,279.51
9/20/2021,279.66
9/21/2021,279.65
9/22/2021,279.63
9/23/2021,279.24
9/24/2021,279.1
9/27/2021,278.82
9/28/2021,278.12
9/29/2021,277.94
9/30/2021,277.77
10/1/2021,277.76
10/4/2021,277.94
10/5/2021,277.78
10/6/2021,277.84
10/7/2021,277.69
10/8/2021,277.55
10/12/2021,277.55
10/13/2021,277.59
10/14/2021,277.71
10/15/2021,277.71
10/18/2021,277.7
10/19/2021,277.6
10/20/2021,277.57
10/21/2021,277.09
10/22/2021,277.05
10/25/2021,277.05
10/26/2021,276.93
10/27/2021,277.18
10/28/2021,277.4
10/29/2021,277.5
11/1/2021,277.49
11/2/2021,277.59
11/3/2021,277.83
11/4/2021,278.08
11/5/2021,278.42
11/8/2021,278.56
11/9/2021,279.01
11/10/2021,278.93
11/12/2021,278.9
11/15/2021,278.7
11/16/2021,278.61
11/17/2021,278.58
11/18/2021,278.59
11/19/2021,278.8
11/22/2021,278.83
11/23/2021,278.68
11/24/2021,278.67
11/26/2021,279.07
11/29/2021,279.18
11/30/2021,279.54
12/1/2021,279.56
12/2/2021,279.54
12/3/2021,279.62
12/6/2021,279.67
12/7/2021,279.61
12/8/2021,279.55
12/9/2021,279.52
12/10/2021,279.57
12/13/2021,279.69
12/14/2021,279.72
12/15/2021,279.7
12/16/2021,279.7
12/17/2021,279.74
12/20/2021,279.84
12/21/2021,279.86
12/22/2021,279.79
12/23/2021,279.79
12/27/2021,279.91
12/28/2021,279.95
12/29/2021,279.96
12/30/2021,279.92
12/31/2021,279.94
1/3/2022,279.98
1/4/2022,279.73
1/5/2022,279.6
1/6/2022,278.95
1/7/2022,278.64
1/10/2022,278.01
1/11/2022,277.88
1/12/2022,277.86
1/13/2022,277.82
1/14/2022,277.67
1/18/2022,277.36
1/19/2022,277.03
1/20/2022,276.85
1/21/2022,276.53
1/24/2022,276.33
1/25/2022,275.87
1/26/2022,275.2
1/27/2022,274.39
1/28/2022,273.41
1/31/2022,273.26
2/1/2022,273.76
2/2/2022,274.25
2/3/2022,274.73
2/4/2022,274.3
2/7/2022,274.25
2/8/2022,273.74
2/9/2022,273.63
2/10/2022,272.43
2/11/2022,271.84
2/14/2022,271.46
2/15/2022,270.92
2/16/2022,270.82
2/17/2022,271.12
2/18/2022,271.38
2/22/2022,271.63
2/23/2022,271.48
2/24/2022,272.09
2/25/2022,271.8
2/28/2022,271.86
3/1/2022,272.54
3/2/2022,272.36
3/3/2022,271.78
3/4/2022,271.54
3/7/2022,271.17
3/8/2022,270.42
3/9/2022,269.96
3/10/2022,269.24
3/11/2022,268.65
3/14/2022,267.58
3/15/2022,266.96
3/16/2022,266.8
3/17/2022,267.19
3/18/2022,267.48
3/21/2022,267.29
3/22/2022,266.05
3/23/2022,265.63
3/24/2022,265.09
3/25/2022,264.28
3/28/2022,264.01
3/29/2022,263.62
3/30/2022,263.98
3/31/2022,264.46
4/1/2022,264.44
4/4/2022,264.65
4/5/2022,264.31
4/6/2022,263.19
4/7/2022,262.56
4/8/2022,262.37
4/11/2022,261.44
4/12/2022,260.96
4/13/2022,260.92
4/14/2022,260.67
4/18/2022,260.09
4/19/2022,258.66
4/20/2022,258.57
4/21/2022,258.03
4/22/2022,257.77
4/25/2022,257.79
4/26/2022,257.72
4/27/2022,257.69
4/28/2022,257.34
4/29/2022,257.3
5/2/2022,256.94
5/3/2022,256.62
5/4/2022,256.41
5/5/2022,255.99
5/6/2022,255.36
5/9/2022,254.91
5/10/2022,254.79
5/11/2022,254.47
5/12/2022,254.28
5/13/2022,253.67
5/16/2022,253.58
5/17/2022,252.93
5/18/2022,252.49
5/19/2022,253.06
5/20/2022,253.74
5/23/2022,254.67
5/24/2022,256.27
5/25/2022,258.03
5/26/2022,259.68
5/27/2022,260.7
5/31/2022,261.1
6/1/2022,261.3
6/2/2022,261.28
6/3/2022,261.24
6/6/2022,260.93
6/7/2022,260.86
6/8/2022,260.31
6/9/2022,259.47
6/10/2022,258.74
6/13/2022,254.81
6/14/2022,253.45
6/15/2022,253.35
6/16/2022,253.24
6/17/2022,253.62
6/21/2022,253.57
6/22/2022,254.34
6/23/2022,255.15
6/24/2022,255.56
6/27/2022,255.55
6/28/2022,255.27
6/29/2022,255.55
6/30/2022,256.46
7/1/2022,257.55
7/5/2022,258.4
7/6/2022,259.04
7/7/2022,259.44
7/8/2022,259.37
7/11/2022,259.62
7/12/2022,259.84
7/13/2022,259.8
7/14/2022,259.94
7/15/2022,260.13
7/18/2022,260.16
7/19/2022,259.99
7/20/2022,260.13
7/21/2022,260.1
7/22/2022,260.74
7/25/2022,260.82
7/26/2022,261.31
7/27/2022,261.67
7/28/2022,262.62
7/29/2022,263.09
8/1/2022,263.33
8/2/2022,263.94
8/3/2022,263.54
8/4/2022,263.68
8/5/2022,262.78
8/8/2022,262.83
8/9/2022,262.72
8/10/2022,262.96
8/11/2022,262.84
8/12/2022,262.8
8/15/2022,262.77
8/16/2022,262.27
8/17/2022,261.03
8/18/2022,260.63
8/19/2022,259.79
8/22/2022,259.47
8/23/2022,259.35
8/24/2022,258.7
8/25/2022,258.18
8/26/2022,258.2
8/29/2022,257.55
8/30/2022,257.16
8/31/2022,257.07
9/1/2022,255.91
9/2/2022,255.89
9/6/2022,255.22
9/7/2022,254.94
9/8/2022,255.03
9/9/2022,255.22
9/12/2022,255.52
9/13/2022,254.45
9/14/2022,253.98
9/15/2022,253.75
9/16/2022,253.63
9/19/2022,253.31
9/20/2022,251.95
9/21/2022,251.8
9/22/2022,251.13
9/23/2022,250.25
9/26/2022,249.03
9/27/2022,248.07
9/28/2022,247.59
9/29/2022,247.6
9/30/2022,247.74
10/3/2022,248.43
10/4/2022,250.01
10/5/2022,250.04
10/6/2022,250.21
10/7/2022,250.09
10/11/2022,250.64
10/12/2022,250.53
10/13/2022,249.89
10/14/2022,249.79
10/17/2022,250.17
10/18/2022,250.06
10/19/2022,249.51
10/20/2022,248.91
10/21/2022,246.81
10/24/2022,245.7
10/25/2022,245.24
10/26/2022,245.36
10/27/2022,245.47
10/28/2022,245.74
10/31/2022,245.97
11/1/2022,246.55
11/2/2022,247.2
11/3/2022,246.71
11/4/2022,246.75
11/7/2022,246.75
11/8/2022,247.41
11/9/2022,247.48
11/10/2022,250.25
11/14/2022,250.8
11/15/2022,251.93
11/16/2022,253.54
11/17/2022,254.46
11/18/2022,254.64
11/21/2022,254.67
11/22/2022,255.09
11/23/2022,255.6
11/25/2022,255.64
11/28/2022,256.2
11/29/2022,256.99
11/30/2022,257.36
12/1/2022,258.29
12/2/2022,258.48