Effective date ,S&P U.S. Treasury Bill Index
11/30/2012,226.04
12/3/2012,226.03
12/4/2012,226.03
12/5/2012,226.04
12/6/2012,226.04
12/7/2012,226.04
12/10/2012,226.05
12/11/2012,226.05
12/12/2012,226.06
12/13/2012,226.07
12/14/2012,226.07
12/17/2012,226.07
12/18/2012,226.06
12/19/2012,226.07
12/20/2012,226.07
12/21/2012,226.07
12/24/2012,226.07
12/26/2012,226.06
12/27/2012,226.07
12/28/2012,226.08
12/31/2012,226.07
1/2/2013,226.07
1/3/2013,226.07
1/4/2013,226.07
1/7/2013,226.07
1/8/2013,226.07
1/9/2013,226.08
1/10/2013,226.08
1/11/2013,226.08
1/14/2013,226.07
1/15/2013,226.07
1/16/2013,226.07
1/17/2013,226.08
1/18/2013,226.08
1/22/2013,226.08
1/23/2013,226.08
1/24/2013,226.08
1/25/2013,226.08
1/28/2013,226.09
1/29/2013,226.09
1/30/2013,226.09
1/31/2013,226.09
2/1/2013,226.09
2/4/2013,226.09
2/5/2013,226.09
2/6/2013,226.09
2/7/2013,226.09
2/8/2013,226.09
2/11/2013,226.09
2/12/2013,226.09
2/13/2013,226.09
2/14/2013,226.08
2/15/2013,226.09
2/19/2013,226.08
2/20/2013,226.08
2/21/2013,226.08
2/22/2013,226.08
2/25/2013,226.09
2/26/2013,226.09
2/27/2013,226.09
2/28/2013,226.09
3/1/2013,226.1
3/4/2013,226.1
3/5/2013,226.1
3/6/2013,226.1
3/7/2013,226.1
3/8/2013,226.11
3/11/2013,226.11
3/12/2013,226.11
3/13/2013,226.11
3/14/2013,226.11
3/15/2013,226.11
3/18/2013,226.12
3/19/2013,226.12
3/20/2013,226.12
3/21/2013,226.12
3/22/2013,226.12
3/25/2013,226.12
3/26/2013,226.12
3/27/2013,226.12
3/28/2013,226.13
4/1/2013,226.13
4/2/2013,226.13
4/3/2013,226.13
4/4/2013,226.13
4/5/2013,226.13
4/8/2013,226.13
4/9/2013,226.13
4/10/2013,226.13
4/11/2013,226.14
4/12/2013,226.14
4/15/2013,226.14
4/16/2013,226.14
4/17/2013,226.14
4/18/2013,226.15
4/19/2013,226.15
4/22/2013,226.15
4/23/2013,226.15
4/24/2013,226.15
4/25/2013,226.15
4/26/2013,226.15
4/29/2013,226.15
4/30/2013,226.15
5/1/2013,226.15
5/2/2013,226.15
5/3/2013,226.16
5/6/2013,226.16
5/7/2013,226.16
5/8/2013,226.16
5/9/2013,226.16
5/10/2013,226.16
5/13/2013,226.16
5/14/2013,226.16
5/15/2013,226.16
5/16/2013,226.17
5/17/2013,226.17
5/20/2013,226.17
5/21/2013,226.17
5/22/2013,226.17
5/23/2013,226.17
5/24/2013,226.17
5/28/2013,226.17
5/29/2013,226.17
5/30/2013,226.17
5/31/2013,226.17
6/3/2013,226.17
6/4/2013,226.17
6/5/2013,226.17
6/6/2013,226.17
6/7/2013,226.17
6/10/2013,226.17
6/11/2013,226.17
6/12/2013,226.17
6/13/2013,226.17
6/14/2013,226.18
6/17/2013,226.18
6/18/2013,226.17
6/19/2013,226.18
6/20/2013,226.18
6/21/2013,226.18
6/24/2013,226.17
6/25/2013,226.17
6/26/2013,226.17
6/27/2013,226.18
6/28/2013,226.18
7/1/2013,226.19
7/2/2013,226.19
7/3/2013,226.19
7/5/2013,226.19
7/8/2013,226.19
7/9/2013,226.19
7/10/2013,226.19
7/11/2013,226.19
7/12/2013,226.19
7/15/2013,226.2
7/16/2013,226.2
7/17/2013,226.2
7/18/2013,226.2
7/19/2013,226.2
7/22/2013,226.2
7/23/2013,226.2
7/24/2013,226.2
7/25/2013,226.21
7/26/2013,226.21
7/29/2013,226.21
7/30/2013,226.2
7/31/2013,226.2
8/1/2013,226.2
8/2/2013,226.2
8/5/2013,226.2
8/6/2013,226.2
8/7/2013,226.2
8/8/2013,226.2
8/9/2013,226.2
8/12/2013,226.2
8/13/2013,226.2
8/14/2013,226.2
8/15/2013,226.2
8/16/2013,226.21
8/19/2013,226.21
8/20/2013,226.21
8/21/2013,226.21
8/22/2013,226.21
8/23/2013,226.21
8/26/2013,226.22
8/27/2013,226.22
8/28/2013,226.22
8/29/2013,226.22
8/30/2013,226.22
9/3/2013,226.22
9/4/2013,226.22
9/5/2013,226.22
9/6/2013,226.22
9/9/2013,226.23
9/10/2013,226.23
9/11/2013,226.23
9/12/2013,226.23
9/13/2013,226.23
9/16/2013,226.23
9/17/2013,226.23
9/18/2013,226.23
9/19/2013,226.24
9/20/2013,226.23
9/23/2013,226.23
9/24/2013,226.23
9/25/2013,226.23
9/26/2013,226.24
9/27/2013,226.24
9/30/2013,226.24
10/1/2013,226.23
10/2/2013,226.24
10/3/2013,226.23
10/4/2013,226.23
10/7/2013,226.23
10/8/2013,226.22
10/9/2013,226.21
10/10/2013,226.21
10/11/2013,226.21
10/15/2013,226.19
10/16/2013,226.21
10/17/2013,226.23
10/18/2013,226.24
10/21/2013,226.24
10/22/2013,226.24
10/23/2013,226.24
10/24/2013,226.24
10/25/2013,226.24
10/28/2013,226.24
10/29/2013,226.23
10/30/2013,226.24
10/31/2013,226.24
11/1/2013,226.24
11/4/2013,226.24
11/5/2013,226.23
11/6/2013,226.24
11/7/2013,226.24
11/8/2013,226.24
11/12/2013,226.23
11/13/2013,226.23
11/14/2013,226.23
11/15/2013,226.23
11/18/2013,226.23
11/19/2013,226.23
11/20/2013,226.24
11/21/2013,226.24
11/22/2013,226.24
11/25/2013,226.24
11/26/2013,226.24
11/27/2013,226.24
11/29/2013,226.24
12/2/2013,226.24
12/3/2013,226.25
12/4/2013,226.25
12/5/2013,226.25
12/6/2013,226.25
12/9/2013,226.25
12/10/2013,226.25
12/11/2013,226.25
12/12/2013,226.25
12/13/2013,226.25
12/16/2013,226.25
12/17/2013,226.26
12/18/2013,226.26
12/19/2013,226.26
12/20/2013,226.26
12/23/2013,226.26
12/24/2013,226.26
12/26/2013,226.26
12/27/2013,226.27
12/30/2013,226.27
12/31/2013,226.27
1/2/2014,226.27
1/3/2014,226.27
1/6/2014,226.27
1/7/2014,226.27
1/8/2014,226.27
1/9/2014,226.28
1/10/2014,226.28
1/13/2014,226.28
1/14/2014,226.28
1/15/2014,226.28
1/16/2014,226.28
1/17/2014,226.28
1/21/2014,226.28
1/22/2014,226.29
1/23/2014,226.29
1/24/2014,226.28
1/27/2014,226.28
1/28/2014,226.28
1/29/2014,226.28
1/30/2014,226.29
1/31/2014,226.29
2/3/2014,226.28
2/4/2014,226.28
2/5/2014,226.28
2/6/2014,226.28
2/7/2014,226.27
2/10/2014,226.28
2/11/2014,226.28
2/12/2014,226.29
2/13/2014,226.29
2/14/2014,226.29
2/18/2014,226.29
2/19/2014,226.29
2/20/2014,226.29
2/21/2014,226.29
2/24/2014,226.29
2/25/2014,226.29
2/26/2014,226.29
2/27/2014,226.29
2/28/2014,226.29
3/3/2014,226.29
3/4/2014,226.29
3/5/2014,226.29
3/6/2014,226.29
3/7/2014,226.29
3/10/2014,226.29
3/11/2014,226.3
3/12/2014,226.3
3/13/2014,226.3
3/14/2014,226.3
3/17/2014,226.3
3/18/2014,226.3
3/19/2014,226.29
3/20/2014,226.3
3/21/2014,226.3
3/24/2014,226.3
3/25/2014,226.3
3/26/2014,226.31
3/27/2014,226.31
3/28/2014,226.31
3/31/2014,226.31
4/1/2014,226.31
4/2/2014,226.31
4/3/2014,226.32
4/4/2014,226.32
4/7/2014,226.32
4/8/2014,226.32
4/9/2014,226.32
4/10/2014,226.32
4/11/2014,226.32
4/14/2014,226.32
4/15/2014,226.32
4/16/2014,226.32
4/17/2014,226.32
4/21/2014,226.32
4/22/2014,226.32
4/23/2014,226.33
4/24/2014,226.33
4/25/2014,226.33
4/28/2014,226.33
4/29/2014,226.33
4/30/2014,226.33
5/1/2014,226.33
5/2/2014,226.33
5/5/2014,226.33
5/6/2014,226.33
5/7/2014,226.33
5/8/2014,226.33
5/9/2014,226.33
5/12/2014,226.33
5/13/2014,226.33
5/14/2014,226.33
5/15/2014,226.34
5/16/2014,226.34
5/19/2014,226.34
5/20/2014,226.33
5/21/2014,226.33
5/22/2014,226.33
5/23/2014,226.33
5/27/2014,226.33
5/28/2014,226.34
5/29/2014,226.33
5/30/2014,226.33
6/2/2014,226.33
6/3/2014,226.33
6/4/2014,226.34
6/5/2014,226.34
6/6/2014,226.34
6/9/2014,226.34
6/10/2014,226.34
6/11/2014,226.34
6/12/2014,226.34
6/13/2014,226.34
6/16/2014,226.34
6/17/2014,226.34
6/18/2014,226.34
6/19/2014,226.34
6/20/2014,226.35
6/23/2014,226.35
6/24/2014,226.35
6/25/2014,226.35
6/26/2014,226.35
6/27/2014,226.35
6/30/2014,226.34
7/1/2014,226.35
7/2/2014,226.35
7/3/2014,226.35
7/7/2014,226.35
7/8/2014,226.35
7/9/2014,226.35
7/10/2014,226.35
7/11/2014,226.35
7/14/2014,226.35
7/15/2014,226.35
7/16/2014,226.35
7/17/2014,226.35
7/18/2014,226.35
7/21/2014,226.35
7/22/2014,226.35
7/23/2014,226.35
7/24/2014,226.35
7/25/2014,226.35
7/28/2014,226.35
7/29/2014,226.35
7/30/2014,226.35
7/31/2014,226.35
8/1/2014,226.35
8/4/2014,226.36
8/5/2014,226.36
8/6/2014,226.36
8/7/2014,226.36
8/8/2014,226.36
8/11/2014,226.36
8/12/2014,226.36
8/13/2014,226.36
8/14/2014,226.36
8/15/2014,226.36
8/18/2014,226.36
8/19/2014,226.36
8/20/2014,226.36
8/21/2014,226.37
8/22/2014,226.37
8/25/2014,226.37
8/26/2014,226.37
8/27/2014,226.37
8/28/2014,226.37
8/29/2014,226.37
9/2/2014,226.37
9/3/2014,226.37
9/4/2014,226.37
9/5/2014,226.37
9/8/2014,226.37
9/9/2014,226.37
9/10/2014,226.37
9/11/2014,226.37
9/12/2014,226.37
9/15/2014,226.37
9/16/2014,226.37
9/17/2014,226.37
9/18/2014,226.38
9/19/2014,226.38
9/22/2014,226.38
9/23/2014,226.38
9/24/2014,226.38
9/25/2014,226.39
9/26/2014,226.38
9/29/2014,226.39
9/30/2014,226.38
10/1/2014,226.38
10/2/2014,226.38
10/3/2014,226.38
10/6/2014,226.38
10/7/2014,226.38
10/8/2014,226.39
10/9/2014,226.38
10/10/2014,226.39
10/14/2014,226.39
10/15/2014,226.39
10/16/2014,226.38
10/17/2014,226.38
10/20/2014,226.38
10/21/2014,226.38
10/22/2014,226.38
10/23/2014,226.38
10/24/2014,226.38
10/27/2014,226.38
10/28/2014,226.38
10/29/2014,226.38
10/30/2014,226.38
10/31/2014,226.39
11/3/2014,226.38
11/4/2014,226.38
11/5/2014,226.38
11/6/2014,226.38
11/7/2014,226.38
11/10/2014,226.38
11/12/2014,226.38
11/13/2014,226.38
11/14/2014,226.38
11/17/2014,226.38
11/18/2014,226.39
11/19/2014,226.39
11/20/2014,226.39
11/21/2014,226.39
11/24/2014,226.39
11/25/2014,226.39
11/26/2014,226.39
11/28/2014,226.39
12/1/2014,226.39
12/2/2014,226.39
12/3/2014,226.39
12/4/2014,226.39
12/5/2014,226.39
12/8/2014,226.39
12/9/2014,226.38
12/10/2014,226.38
12/11/2014,226.38
12/12/2014,226.39
12/15/2014,226.39
12/16/2014,226.39
12/17/2014,226.38
12/18/2014,226.38
12/19/2014,226.38
12/22/2014,226.38
12/23/2014,226.38
12/24/2014,226.39
12/26/2014,226.39
12/29/2014,226.4
12/30/2014,226.4
12/31/2014,226.39
1/2/2015,226.39
1/5/2015,226.4
1/6/2015,226.4
1/7/2015,226.4
1/8/2015,226.4
1/9/2015,226.41
1/12/2015,226.41
1/13/2015,226.41
1/14/2015,226.41
1/15/2015,226.41
1/16/2015,226.42
1/20/2015,226.42
1/21/2015,226.42
1/22/2015,226.42
1/23/2015,226.42
1/26/2015,226.42
1/27/2015,226.42
1/28/2015,226.42
1/29/2015,226.43
1/30/2015,226.43
2/2/2015,226.43
2/3/2015,226.43
2/4/2015,226.43
2/5/2015,226.43
2/6/2015,226.42
2/9/2015,226.42
2/10/2015,226.43
2/11/2015,226.43
2/12/2015,226.43
2/13/2015,226.43
2/17/2015,226.43
2/18/2015,226.43
2/19/2015,226.43
2/20/2015,226.43
2/23/2015,226.43
2/24/2015,226.43
2/25/2015,226.44
2/26/2015,226.43
2/27/2015,226.44
3/2/2015,226.43
3/3/2015,226.43
3/4/2015,226.43
3/5/2015,226.44
3/6/2015,226.43
3/9/2015,226.43
3/10/2015,226.43
3/11/2015,226.43
3/12/2015,226.43
3/13/2015,226.43
3/16/2015,226.42
3/17/2015,226.42
3/18/2015,226.43
3/19/2015,226.43
3/20/2015,226.44
3/23/2015,226.44
3/24/2015,226.44
3/25/2015,226.43
3/26/2015,226.43
3/27/2015,226.44
3/30/2015,226.44
3/31/2015,226.44
4/1/2015,226.45
4/2/2015,226.45
4/3/2015,226.45
4/6/2015,226.45
4/7/2015,226.45
4/8/2015,226.45
4/9/2015,226.45
4/10/2015,226.45
4/13/2015,226.45
4/14/2015,226.45
4/15/2015,226.46
4/16/2015,226.46
4/17/2015,226.46
4/20/2015,226.46
4/21/2015,226.46
4/22/2015,226.46
4/23/2015,226.46
4/24/2015,226.46
4/27/2015,226.46
4/28/2015,226.47
4/29/2015,226.47
4/30/2015,226.48
5/1/2015,226.47
5/4/2015,226.47
5/5/2015,226.48
5/6/2015,226.47
5/7/2015,226.47
5/8/2015,226.48
5/11/2015,226.47
5/12/2015,226.47
5/13/2015,226.48
5/14/2015,226.48
5/15/2015,226.48
5/18/2015,226.48
5/19/2015,226.48
5/20/2015,226.48
5/21/2015,226.48
5/22/2015,226.48
5/26/2015,226.48
5/27/2015,226.48
5/28/2015,226.49
5/29/2015,226.49
6/1/2015,226.49
6/2/2015,226.49
6/3/2015,226.49
6/4/2015,226.49
6/5/2015,226.48
6/8/2015,226.49
6/9/2015,226.49
6/10/2015,226.48
6/11/2015,226.48
6/12/2015,226.49
6/15/2015,226.49
6/16/2015,226.49
6/17/2015,226.49
6/18/2015,226.5
6/19/2015,226.5
6/22/2015,226.5
6/23/2015,226.5
6/24/2015,226.5
6/25/2015,226.51
6/26/2015,226.5
6/29/2015,226.5
6/30/2015,226.5
7/1/2015,226.5
7/2/2015,226.51
7/6/2015,226.51
7/7/2015,226.51
7/8/2015,226.51
7/9/2015,226.51
7/10/2015,226.51
7/13/2015,226.51
7/14/2015,226.51
7/15/2015,226.51
7/16/2015,226.51
7/17/2015,226.51
7/20/2015,226.5
7/21/2015,226.5
7/22/2015,226.5
7/23/2015,226.5
7/24/2015,226.5
7/27/2015,226.5
7/28/2015,226.5
7/29/2015,226.5
7/30/2015,226.49
7/31/2015,226.5
8/3/2015,226.5
8/4/2015,226.48
8/5/2015,226.48
8/6/2015,226.49
8/7/2015,226.48
8/10/2015,226.48
8/11/2015,226.48
8/12/2015,226.48
8/13/2015,226.48
8/14/2015,226.48
8/17/2015,226.49
8/18/2015,226.49
8/19/2015,226.5
8/20/2015,226.51
8/21/2015,226.52
8/24/2015,226.52
8/25/2015,226.52
8/26/2015,226.52
8/27/2015,226.52
8/28/2015,226.52
8/31/2015,226.51
9/1/2015,226.52
9/2/2015,226.52
9/3/2015,226.53
9/4/2015,226.52
9/8/2015,226.52
9/9/2015,226.52
9/10/2015,226.52
9/11/2015,226.53
9/14/2015,226.52
9/15/2015,226.51
9/16/2015,226.52
9/17/2015,226.55
9/18/2015,226.58
9/21/2015,226.58
9/22/2015,226.59
9/23/2015,226.59
9/24/2015,226.59
9/25/2015,226.59
9/28/2015,226.59
9/29/2015,226.59
9/30/2015,226.59
10/1/2015,226.6
10/2/2015,226.61
10/5/2015,226.61
10/6/2015,226.61
10/7/2015,226.61
10/8/2015,226.6
10/9/2015,226.6
10/13/2015,226.61
10/14/2015,226.61
10/15/2015,226.61
10/16/2015,226.61
10/19/2015,226.61
10/20/2015,226.6
10/21/2015,226.61
10/22/2015,226.61
10/23/2015,226.6
10/26/2015,226.59
10/27/2015,226.58
10/28/2015,226.57
10/29/2015,226.57
10/30/2015,226.56
11/2/2015,226.55
11/3/2015,226.55
11/4/2015,226.54
11/5/2015,226.55
11/6/2015,226.54
11/9/2015,226.53
11/10/2015,226.54
11/12/2015,226.54
11/13/2015,226.55
11/16/2015,226.55
11/17/2015,226.55
11/18/2015,226.55
11/19/2015,226.56
11/20/2015,226.56
11/23/2015,226.56
11/24/2015,226.55
11/25/2015,226.54
11/27/2015,226.55
11/30/2015,226.55
12/1/2015,226.55
12/2/2015,226.54
12/3/2015,226.53
12/4/2015,226.53
12/7/2015,226.5
12/8/2015,226.5
12/9/2015,226.51
12/10/2015,226.51
12/11/2015,226.53
12/14/2015,226.53
12/15/2015,226.53
12/16/2015,226.54
12/17/2015,226.54
12/18/2015,226.56
12/21/2015,226.57
12/22/2015,226.58
12/23/2015,226.58
12/24/2015,226.59
12/28/2015,226.58
12/29/2015,226.58
12/30/2015,226.6
12/31/2015,226.6
1/4/2016,226.6
1/5/2016,226.6
1/6/2016,226.6
1/7/2016,226.6
1/8/2016,226.61
1/11/2016,226.61
1/12/2016,226.61
1/13/2016,226.61
1/14/2016,226.62
1/15/2016,226.65
1/19/2016,226.65
1/20/2016,226.66
1/21/2016,226.64
1/22/2016,226.64
1/25/2016,226.64
1/26/2016,226.64
1/27/2016,226.64
1/28/2016,226.64
1/29/2016,226.65
2/1/2016,226.65
2/2/2016,226.65
2/3/2016,226.65
2/4/2016,226.66
2/5/2016,226.67
2/8/2016,226.68
2/9/2016,226.68
2/10/2016,226.68
2/11/2016,226.69
2/12/2016,226.7
2/16/2016,226.7
2/17/2016,226.69
2/18/2016,226.7
2/19/2016,226.7
2/22/2016,226.7
2/23/2016,226.7
2/24/2016,226.7
2/25/2016,226.71
2/26/2016,226.71
2/29/2016,226.71
3/1/2016,226.71
3/2/2016,226.71
3/3/2016,226.72
3/4/2016,226.73
3/7/2016,226.73
3/8/2016,226.73
3/9/2016,226.73
3/10/2016,226.73
3/11/2016,226.73
3/14/2016,226.73
3/15/2016,226.73
3/16/2016,226.75
3/17/2016,226.75
3/18/2016,226.76
3/21/2016,226.76
3/22/2016,226.77
3/23/2016,226.77
3/24/2016,226.78
3/28/2016,226.79
3/29/2016,226.81
3/30/2016,226.82
3/31/2016,226.82
4/1/2016,226.82
4/4/2016,226.83
4/5/2016,226.84
4/6/2016,226.84
4/7/2016,226.84
4/8/2016,226.85
4/11/2016,226.85
4/12/2016,226.85
4/13/2016,226.85
4/14/2016,226.86
4/15/2016,226.87
4/18/2016,226.87
4/19/2016,226.87
4/20/2016,226.87
4/21/2016,226.87
4/22/2016,226.88
4/25/2016,226.87
4/26/2016,226.87
4/27/2016,226.88
4/28/2016,226.88
4/29/2016,226.89
5/2/2016,226.9
5/3/2016,226.9
5/4/2016,226.91
5/5/2016,226.9
5/6/2016,226.91
5/9/2016,226.91
5/10/2016,226.9
5/11/2016,226.9
5/12/2016,226.9
5/13/2016,226.91
5/16/2016,226.91
5/17/2016,226.9
5/18/2016,226.89
5/19/2016,226.89
5/20/2016,226.9
5/23/2016,226.89
5/24/2016,226.89
5/25/2016,226.89
5/26/2016,226.91
5/27/2016,226.91
5/31/2016,226.91
6/1/2016,226.92
6/2/2016,226.93
6/3/2016,226.95
6/6/2016,226.95
6/7/2016,226.95
6/8/2016,226.96
6/9/2016,226.96
6/10/2016,226.97
6/13/2016,226.97
6/14/2016,226.97
6/15/2016,226.98
6/16/2016,226.99
6/17/2016,226.99
6/20/2016,226.98
6/21/2016,226.99
6/22/2016,226.99
6/23/2016,226.98
6/24/2016,227.01
6/27/2016,227.02
6/28/2016,227.03
6/29/2016,227.03
6/30/2016,227.03
7/1/2016,227.03
7/5/2016,227.03
7/6/2016,227.03
7/7/2016,227.03
7/8/2016,227.03
7/11/2016,227.03
7/12/2016,227.02
7/13/2016,227.02
7/14/2016,227.02
7/15/2016,227.03
7/18/2016,227.03
7/19/2016,227.03
7/20/2016,227.03
7/21/2016,227.04
7/22/2016,227.04
7/25/2016,227.05
7/26/2016,227.05
7/27/2016,227.06
7/28/2016,227.08
7/29/2016,227.08
8/1/2016,227.08
8/2/2016,227.08
8/3/2016,227.09
8/4/2016,227.09
8/5/2016,227.08
8/8/2016,227.08
8/9/2016,227.08
8/10/2016,227.09
8/11/2016,227.09
8/12/2016,227.09
8/15/2016,227.09
8/16/2016,227.1
8/17/2016,227.09
8/18/2016,227.1
8/19/2016,227.11
8/22/2016,227.11
8/23/2016,227.11
8/24/2016,227.11
8/25/2016,227.12
8/26/2016,227.11
8/29/2016,227.12
8/30/2016,227.12
8/31/2016,227.13
9/1/2016,227.13
9/2/2016,227.13
9/5/2016,227.13
9/6/2016,227.14
9/7/2016,227.14
9/8/2016,227.14
9/9/2016,227.14
9/12/2016,227.14
9/13/2016,227.14
9/14/2016,227.15
9/15/2016,227.17
9/16/2016,227.17
9/19/2016,227.19
9/20/2016,227.19
9/21/2016,227.21
9/22/2016,227.23
9/23/2016,227.23
9/26/2016,227.23
9/27/2016,227.22
9/28/2016,227.22
9/29/2016,227.23
9/30/2016,227.22
10/3/2016,227.21
10/4/2016,227.2
10/5/2016,227.2
10/6/2016,227.2
10/7/2016,227.21
10/10/2016,227.21
10/11/2016,227.21
10/12/2016,227.22
10/13/2016,227.24
10/14/2016,227.24
10/17/2016,227.24
10/18/2016,227.25
10/19/2016,227.25
10/20/2016,227.26
10/21/2016,227.26
10/24/2016,227.26
10/25/2016,227.27
10/26/2016,227.27
10/27/2016,227.28
10/28/2016,227.28
10/31/2016,227.28
11/1/2016,227.28
11/2/2016,227.28
11/3/2016,227.28
11/4/2016,227.28
11/7/2016,227.27
11/8/2016,227.26
11/9/2016,227.26
11/10/2016,227.26
11/11/2016,227.26
11/14/2016,227.24
11/15/2016,227.25
11/16/2016,227.26
11/17/2016,227.27
11/18/2016,227.27
11/21/2016,227.28
11/22/2016,227.28
11/23/2016,227.28
11/24/2016,227.28
11/25/2016,227.29
11/28/2016,227.3
11/29/2016,227.31
11/30/2016,227.31
12/1/2016,227.31
12/2/2016,227.32
12/5/2016,227.32
12/6/2016,227.32
12/7/2016,227.32
12/8/2016,227.32
12/9/2016,227.31
12/12/2016,227.32
12/13/2016,227.31
12/14/2016,227.31
12/15/2016,227.32
12/16/2016,227.33
12/19/2016,227.34
12/20/2016,227.34
12/21/2016,227.35
12/22/2016,227.35
12/23/2016,227.36
12/26/2016,227.36
12/27/2016,227.36
12/28/2016,227.37
12/29/2016,227.39
12/30/2016,227.39
1/2/2017,227.39
1/3/2017,227.39
1/4/2017,227.4
1/5/2017,227.41
1/6/2017,227.42
1/9/2017,227.43
1/10/2017,227.44
1/11/2017,227.44
1/12/2017,227.45
1/13/2017,227.45
1/16/2017,227.45
1/17/2017,227.46
1/18/2017,227.46
1/19/2017,227.47
1/20/2017,227.48
1/23/2017,227.49
1/24/2017,227.49
1/25/2017,227.5
1/26/2017,227.5
1/27/2017,227.51
1/30/2017,227.51
1/31/2017,227.51
2/1/2017,227.52
2/2/2017,227.53
2/3/2017,227.53
2/6/2017,227.54
2/7/2017,227.54
2/8/2017,227.54
2/9/2017,227.54
2/10/2017,227.55
2/13/2017,227.55
2/14/2017,227.55
2/15/2017,227.55
2/16/2017,227.57
2/17/2017,227.58
2/20/2017,227.58
2/21/2017,227.58
2/22/2017,227.59
2/23/2017,227.6
2/24/2017,227.61
2/27/2017,227.61
2/28/2017,227.6
3/1/2017,227.56
3/2/2017,227.53
3/3/2017,227.53
3/6/2017,227.53
3/7/2017,227.52
3/8/2017,227.53
3/9/2017,227.52
3/10/2017,227.53
3/13/2017,227.51
3/14/2017,227.52
3/15/2017,227.55
3/16/2017,227.56
3/17/2017,227.57
3/20/2017,227.57
3/21/2017,227.58
3/22/2017,227.59
3/23/2017,227.6
3/24/2017,227.61
3/27/2017,227.61
3/28/2017,227.6
3/29/2017,227.62
3/30/2017,227.62
3/31/2017,227.64
4/3/2017,227.64
4/4/2017,227.65
4/5/2017,227.65
4/6/2017,227.65
4/7/2017,227.65
4/10/2017,227.66
4/11/2017,227.67
4/12/2017,227.68
4/13/2017,227.7
4/17/2017,227.7
4/18/2017,227.72
4/19/2017,227.72
4/20/2017,227.73
4/21/2017,227.75
4/24/2017,227.74
4/25/2017,227.75
4/26/2017,227.75
4/27/2017,227.76
4/28/2017,227.78
5/1/2017,227.78
5/2/2017,227.78
5/3/2017,227.77
5/4/2017,227.78
5/5/2017,227.79
5/8/2017,227.79
5/9/2017,227.79
5/10/2017,227.8
5/11/2017,227.81
5/12/2017,227.83
5/15/2017,227.83
5/16/2017,227.83
5/17/2017,227.84
5/18/2017,227.85
5/19/2017,227.86
5/22/2017,227.86
5/23/2017,227.86
5/24/2017,227.87
5/25/2017,227.87
5/26/2017,227.89
5/30/2017,227.89
5/31/2017,227.9
6/1/2017,227.9
6/2/2017,227.92
6/5/2017,227.92
6/6/2017,227.93
6/7/2017,227.93
6/8/2017,227.93
6/9/2017,227.94
6/12/2017,227.94
6/13/2017,227.95
6/14/2017,227.95
6/15/2017,227.96
6/16/2017,227.98
6/19/2017,227.98
6/20/2017,227.99
6/21/2017,228.01
6/22/2017,228.03
6/23/2017,228.05
6/26/2017,228.05
6/27/2017,228.05
6/28/2017,228.06
6/29/2017,228.06
6/30/2017,228.08
7/3/2017,228.08
7/5/2017,228.09
7/6/2017,228.1
7/7/2017,228.12
7/10/2017,228.13
7/11/2017,228.14
7/12/2017,228.15
7/13/2017,228.15
7/14/2017,228.18
7/17/2017,228.18
7/18/2017,228.18
7/19/2017,228.18
7/20/2017,228.18
7/21/2017,228.2
7/24/2017,228.2
7/25/2017,228.21
7/26/2017,228.22
7/27/2017,228.23
7/28/2017,228.25
7/31/2017,228.26
8/1/2017,228.26
8/2/2017,228.28
8/3/2017,228.29
8/4/2017,228.3
8/7/2017,228.31
8/8/2017,228.32
8/9/2017,228.33
8/10/2017,228.34
8/11/2017,228.36
8/14/2017,228.37
8/15/2017,228.38
8/16/2017,228.39
8/17/2017,228.4
8/18/2017,228.42
8/21/2017,228.43
8/22/2017,228.44
8/23/2017,228.45
8/24/2017,228.45
8/25/2017,228.47
8/28/2017,228.47
8/29/2017,228.48
8/30/2017,228.49
8/31/2017,228.5
9/1/2017,228.51
9/5/2017,228.51
9/6/2017,228.51
9/7/2017,228.53
9/8/2017,228.56
9/11/2017,228.56
9/12/2017,228.57
9/13/2017,228.57
9/14/2017,228.58
9/15/2017,228.6
9/18/2017,228.6
9/19/2017,228.61
9/20/2017,228.62
9/21/2017,228.62
9/22/2017,228.65
9/25/2017,228.65
9/26/2017,228.66
9/27/2017,228.66
9/28/2017,228.67
9/29/2017,228.69
10/2/2017,228.7
10/3/2017,228.7
10/4/2017,228.7
10/5/2017,228.7
10/6/2017,228.73
10/10/2017,228.73
10/11/2017,228.74
10/12/2017,228.75
10/13/2017,228.77
10/16/2017,228.77
10/17/2017,228.78
10/18/2017,228.79
10/19/2017,228.79
10/20/2017,228.81
10/23/2017,228.82
10/24/2017,228.82
10/25/2017,228.83
10/26/2017,228.84
10/27/2017,228.86
10/30/2017,228.86
10/31/2017,228.87
11/1/2017,228.86
11/2/2017,228.87
11/3/2017,228.88
11/6/2017,228.88
11/7/2017,228.89
11/8/2017,228.89
11/9/2017,228.89
11/10/2017,228.91
11/13/2017,228.92
11/14/2017,228.91
11/15/2017,228.92
11/16/2017,228.92
11/17/2017,228.94
11/20/2017,228.95
11/21/2017,228.95
11/22/2017,228.97
11/24/2017,229
11/27/2017,229.01
11/28/2017,229.02
11/29/2017,229.03
11/30/2017,229.04
12/1/2017,229.06
12/4/2017,229.06
12/5/2017,229.06
12/6/2017,229.07
12/7/2017,229.08
12/8/2017,229.11
12/11/2017,229.11
12/12/2017,229.11
12/13/2017,229.12
12/14/2017,229.13
12/15/2017,229.15
12/18/2017,229.15
12/19/2017,229.15
12/20/2017,229.16
12/21/2017,229.17
12/22/2017,229.2
12/26/2017,229.21
12/27/2017,229.22
12/28/2017,229.22
12/29/2017,229.25
1/2/2018,229.25
1/3/2018,229.27
1/4/2018,229.28
1/5/2018,229.31
1/8/2018,229.31
1/9/2018,229.32
1/10/2018,229.33
1/11/2018,229.34
1/12/2018,229.37
1/16/2018,229.37
1/17/2018,229.38
1/18/2018,229.4
1/19/2018,229.42
1/22/2018,229.43
1/23/2018,229.45
1/24/2018,229.46
1/25/2018,229.47
1/26/2018,229.49
1/29/2018,229.5
1/30/2018,229.5
1/31/2018,229.51
2/1/2018,229.52
2/2/2018,229.54
2/5/2018,229.55
2/6/2018,229.55
2/7/2018,229.53
2/8/2018,229.54
2/9/2018,229.57
2/12/2018,229.56
2/13/2018,229.56
2/14/2018,229.57
2/15/2018,229.58
2/16/2018,229.61
2/20/2018,229.61
2/21/2018,229.63
2/22/2018,229.64
2/23/2018,229.67
2/26/2018,229.68
2/27/2018,229.69
2/28/2018,229.7
3/1/2018,229.72
3/2/2018,229.74
3/5/2018,229.75
3/6/2018,229.75
3/7/2018,229.76
3/8/2018,229.77
3/9/2018,229.8
3/12/2018,229.8
3/13/2018,229.8
3/14/2018,229.8
3/15/2018,229.8
3/16/2018,229.83
3/19/2018,229.84
3/20/2018,229.86
3/21/2018,229.88
3/22/2018,229.9
3/23/2018,229.94
3/26/2018,229.94
3/27/2018,229.96
3/28/2018,229.97
3/29/2018,230.02
4/2/2018,230.03
4/3/2018,230.05
4/4/2018,230.07
4/5/2018,230.08
4/6/2018,230.11
4/9/2018,230.13
4/10/2018,230.14
4/11/2018,230.15
4/12/2018,230.15
4/13/2018,230.18
4/16/2018,230.2
4/17/2018,230.2
4/18/2018,230.2
4/19/2018,230.2
4/20/2018,230.23
4/23/2018,230.24
4/24/2018,230.25
4/25/2018,230.27
4/26/2018,230.29
4/27/2018,230.32
4/30/2018,230.33
5/1/2018,230.34
5/2/2018,230.35
5/3/2018,230.37
5/4/2018,230.4
5/7/2018,230.41
5/8/2018,230.42
5/9/2018,230.42
5/10/2018,230.43
5/11/2018,230.46
5/14/2018,230.47
5/15/2018,230.48
5/16/2018,230.49
5/17/2018,230.5
5/18/2018,230.54
5/21/2018,230.54
5/22/2018,230.56
5/23/2018,230.58
5/24/2018,230.6
5/25/2018,230.65
5/29/2018,230.67
5/30/2018,230.68
5/31/2018,230.69
6/1/2018,230.71
6/4/2018,230.72
6/5/2018,230.73
6/6/2018,230.73
6/7/2018,230.75
6/8/2018,230.79
6/11/2018,230.8
6/12/2018,230.82
6/13/2018,230.83
6/14/2018,230.84
6/15/2018,230.88
6/18/2018,230.89
6/19/2018,230.9
6/20/2018,230.92
6/21/2018,230.93
6/22/2018,230.97
6/25/2018,230.99
6/26/2018,231
6/27/2018,231.02
6/28/2018,231.03
6/29/2018,231.06
7/2/2018,231.06
7/3/2018,231.09
7/5/2018,231.11
7/6/2018,231.16
7/9/2018,231.16
7/10/2018,231.17
7/11/2018,231.19
7/12/2018,231.19
7/13/2018,231.23
7/16/2018,231.23
7/17/2018,231.24
7/18/2018,231.26
7/19/2018,231.28
7/20/2018,231.32
7/23/2018,231.33
7/24/2018,231.34
7/25/2018,231.35
7/26/2018,231.36
7/27/2018,231.4
7/30/2018,231.41
7/31/2018,231.42
8/1/2018,231.44
8/2/2018,231.45
8/3/2018,231.49
8/6/2018,231.5
8/7/2018,231.51
8/8/2018,231.52
8/9/2018,231.54
8/10/2018,231.58
8/13/2018,231.59
8/14/2018,231.6
8/15/2018,231.61
8/16/2018,231.63
8/17/2018,231.67
8/20/2018,231.68
8/21/2018,231.69
8/22/2018,231.71
8/23/2018,231.72
8/24/2018,231.75
8/27/2018,231.77
8/28/2018,231.77
8/29/2018,231.78
8/30/2018,231.8
8/31/2018,231.85
9/4/2018,231.86
9/5/2018,231.87
9/6/2018,231.88
9/7/2018,231.91
9/10/2018,231.93
9/11/2018,231.94
9/12/2018,231.95
9/13/2018,231.97
9/14/2018,232
9/17/2018,232.02
9/18/2018,232.02
9/19/2018,232.03
9/20/2018,232.05
9/21/2018,232.08
9/24/2018,232.1
9/25/2018,232.11
9/26/2018,232.13
9/27/2018,232.14
9/28/2018,232.18
10/1/2018,232.19
10/2/2018,232.2
10/3/2018,232.22
10/4/2018,232.23
10/5/2018,232.29
10/9/2018,232.29
10/10/2018,232.31
10/11/2018,232.33
10/12/2018,232.37
10/15/2018,232.37
10/16/2018,232.39
10/17/2018,232.4
10/18/2018,232.41
10/19/2018,232.46
10/22/2018,232.47
10/23/2018,232.49
10/24/2018,232.51
10/25/2018,232.52
10/26/2018,232.56
10/29/2018,232.58
10/30/2018,232.59
10/31/2018,232.6
11/1/2018,232.62
11/2/2018,232.66
11/5/2018,232.68
11/6/2018,232.69
11/7/2018,232.7
11/8/2018,232.72
11/9/2018,232.77
11/13/2018,232.79
11/14/2018,232.8
11/15/2018,232.82
11/16/2018,232.87
11/19/2018,232.88
11/20/2018,232.9
11/21/2018,232.92
11/23/2018,232.97
11/26/2018,232.98
11/27/2018,233
11/28/2018,233.01
11/29/2018,233.03
11/30/2018,233.07
12/3/2018,233.08
12/4/2018,233.09
12/6/2018,233.13
12/7/2018,233.18
12/10/2018,233.19
12/11/2018,233.21
12/12/2018,233.22
12/13/2018,233.24
12/14/2018,233.28
12/17/2018,233.3
12/18/2018,233.32
12/19/2018,233.33
12/20/2018,233.35
12/21/2018,233.39
12/24/2018,233.43
12/26/2018,233.44
12/27/2018,233.47
12/28/2018,233.52
12/31/2018,233.54
1/2/2019,233.57
1/3/2019,233.61
1/4/2019,233.64
1/7/2019,233.65
1/8/2019,233.66
1/9/2019,233.68
1/10/2019,233.69
1/11/2019,233.74
1/14/2019,233.75
1/15/2019,233.77
1/16/2019,233.79
1/17/2019,233.81
1/18/2019,233.87
1/22/2019,233.89
1/23/2019,233.91
1/24/2019,233.93
1/25/2019,233.97
1/28/2019,233.98
1/29/2019,234
1/30/2019,234.01
1/31/2019,234.03
2/1/2019,234.08
2/4/2019,234.09
2/5/2019,234.11
2/6/2019,234.13
2/7/2019,234.15
2/8/2019,234.19
2/11/2019,234.19
2/12/2019,234.21
2/13/2019,234.23
2/14/2019,234.25
2/15/2019,234.31
2/19/2019,234.32
2/20/2019,234.34
2/21/2019,234.35
2/22/2019,234.4
2/25/2019,234.41
2/26/2019,234.43
2/27/2019,234.45
2/28/2019,234.46
3/1/2019,234.51
3/4/2019,234.53
3/5/2019,234.54
3/6/2019,234.56
3/7/2019,234.58
3/8/2019,234.63
3/11/2019,234.64
3/12/2019,234.66
3/13/2019,234.67
3/14/2019,234.69
3/15/2019,234.73
3/18/2019,234.75
3/19/2019,234.77
3/20/2019,234.79
3/21/2019,234.8
3/22/2019,234.86
3/25/2019,234.87
3/26/2019,234.89
3/27/2019,234.92
3/28/2019,234.94
3/29/2019,234.99
4/1/2019,235
4/2/2019,235.02
4/3/2019,235.03
4/4/2019,235.05
4/5/2019,235.09
4/8/2019,235.1
4/9/2019,235.12
4/10/2019,235.14
4/11/2019,235.15
4/12/2019,235.2
4/15/2019,235.21
4/16/2019,235.22
4/17/2019,235.24
4/18/2019,235.3
4/22/2019,235.31
4/23/2019,235.33
4/24/2019,235.35
4/25/2019,235.37
4/26/2019,235.42
4/29/2019,235.43
4/30/2019,235.45
5/1/2019,235.47
5/2/2019,235.48
5/3/2019,235.53
5/6/2019,235.55
5/7/2019,235.56
5/8/2019,235.58
5/9/2019,235.6
5/10/2019,235.64
5/13/2019,235.67
5/14/2019,235.68
5/15/2019,235.7
5/16/2019,235.72
5/17/2019,235.77
5/20/2019,235.79
5/21/2019,235.8
5/22/2019,235.82
5/23/2019,235.85
5/24/2019,235.91
5/28/2019,235.92
5/29/2019,235.94
5/30/2019,235.95
5/31/2019,236.01
6/3/2019,236.05
6/4/2019,236.06
6/5/2019,236.11
6/6/2019,236.13
6/7/2019,236.2
6/10/2019,236.21
6/11/2019,236.22
6/12/2019,236.25
6/13/2019,236.28
6/14/2019,236.33
6/17/2019,236.33
6/18/2019,236.35
6/19/2019,236.39
6/20/2019,236.43
6/21/2019,236.47
6/24/2019,236.48
6/25/2019,236.49
6/26/2019,236.5
6/27/2019,236.51
6/28/2019,236.56
7/1/2019,236.56
7/2/2019,236.58
7/3/2019,236.6
7/5/2019,236.62
7/8/2019,236.63
7/9/2019,236.64
7/10/2019,236.68
7/11/2019,236.7
7/12/2019,236.74
7/15/2019,236.76
7/16/2019,236.77
7/17/2019,236.8
7/18/2019,236.84
7/19/2019,236.86
7/22/2019,236.87
7/23/2019,236.88
7/24/2019,236.89
7/25/2019,236.89
7/26/2019,236.93
7/29/2019,236.94
7/30/2019,236.96
7/31/2019,236.98
8/1/2019,237.01
8/2/2019,237.06
8/5/2019,237.1
8/6/2019,237.11
8/7/2019,237.14
8/8/2019,237.16
8/9/2019,237.21
8/12/2019,237.22
8/13/2019,237.22
8/14/2019,237.26
8/15/2019,237.31
8/16/2019,237.35
8/19/2019,237.35
8/20/2019,237.36
8/21/2019,237.36
8/22/2019,237.36
8/23/2019,237.41
8/26/2019,237.41
8/27/2019,237.42
8/28/2019,237.43
8/29/2019,237.44
8/30/2019,237.49
9/3/2019,237.51
9/4/2019,237.53
9/5/2019,237.53
9/6/2019,237.57
9/9/2019,237.58
9/10/2019,237.59
9/11/2019,237.6
9/12/2019,237.61
9/13/2019,237.63
9/16/2019,237.63
9/17/2019,237.64
9/18/2019,237.68
9/19/2019,237.69
9/20/2019,237.74
9/23/2019,237.75
9/24/2019,237.77
9/25/2019,237.79
9/26/2019,237.82
9/27/2019,237.86
9/30/2019,237.88
10/1/2019,237.92
10/2/2019,237.96
10/3/2019,238.01
10/4/2019,238.04
10/7/2019,238.03
10/8/2019,238.06
10/9/2019,238.08
10/10/2019,238.09
10/11/2019,238.13
10/15/2019,238.15
10/16/2019,238.17
10/17/2019,238.18
10/18/2019,238.22
10/21/2019,238.22
10/22/2019,238.24
10/23/2019,238.25
10/24/2019,238.25
10/25/2019,238.28
10/28/2019,238.29
10/29/2019,238.31
10/30/2019,238.34
10/31/2019,238.38
11/1/2019,238.42
11/4/2019,238.42
11/5/2019,238.43
11/6/2019,238.44
11/7/2019,238.45
11/8/2019,238.49
11/12/2019,238.49
11/13/2019,238.5
11/14/2019,238.51
11/15/2019,238.54
11/18/2019,238.56
11/19/2019,238.56
11/20/2019,238.57
11/21/2019,238.58
11/22/2019,238.61
11/25/2019,238.61
11/26/2019,238.62
11/27/2019,238.64
11/29/2019,238.67
12/2/2019,238.69
12/3/2019,238.72
12/4/2019,238.73
12/5/2019,238.75
12/6/2019,238.78
12/9/2019,238.79
12/10/2019,238.8
12/11/2019,238.8
12/12/2019,238.81
12/13/2019,238.84
12/16/2019,238.84
12/17/2019,238.86
12/18/2019,238.87
12/19/2019,238.88
12/20/2019,238.91
12/23/2019,238.91
12/24/2019,238.93
12/26/2019,238.94
12/27/2019,238.98
12/30/2019,238.99
12/31/2019,239.01
1/2/2020,239.03
1/3/2020,239.07
1/6/2020,239.08
1/7/2020,239.09
1/8/2020,239.1
1/9/2020,239.11
1/10/2020,239.14
1/13/2020,239.14
1/14/2020,239.15
1/15/2020,239.15
1/16/2020,239.17
1/17/2020,239.21
1/21/2020,239.22
1/22/2020,239.23
1/23/2020,239.24
1/24/2020,239.28
1/27/2020,239.28
1/28/2020,239.29
1/29/2020,239.3
1/30/2020,239.31
1/31/2020,239.34
2/3/2020,239.35
2/4/2020,239.36
2/5/2020,239.37
2/6/2020,239.37
2/7/2020,239.41
2/10/2020,239.42
2/11/2020,239.42
2/12/2020,239.43
2/13/2020,239.44
2/14/2020,239.48
2/18/2020,239.49
2/19/2020,239.5
2/20/2020,239.52
2/21/2020,239.56
2/24/2020,239.58
2/25/2020,239.6
2/26/2020,239.62
2/27/2020,239.67
2/28/2020,239.78
3/2/2020,239.82
3/3/2020,239.99
3/4/2020,240.09
3/5/2020,240.18
3/6/2020,240.25
3/9/2020,240.31
3/10/2020,240.28
3/11/2020,240.31
3/12/2020,240.35
3/13/2020,240.38
3/16/2020,240.42
3/17/2020,240.45
3/18/2020,240.52
3/19/2020,240.53
3/20/2020,240.54
3/23/2020,240.54
3/24/2020,240.53
3/25/2020,240.56
3/26/2020,240.57
3/27/2020,240.56
3/30/2020,240.53
3/31/2020,240.51
4/1/2020,240.52
4/2/2020,240.52
4/3/2020,240.52
4/6/2020,240.51
4/7/2020,240.5
4/8/2020,240.47
4/9/2020,240.45
4/13/2020,240.45
4/14/2020,240.47
4/15/2020,240.49
4/16/2020,240.51
4/17/2020,240.52
4/20/2020,240.53
4/21/2020,240.53
4/22/2020,240.53
4/23/2020,240.53
4/24/2020,240.53
4/27/2020,240.53
4/28/2020,240.54
4/29/2020,240.54
4/30/2020,240.54
5/1/2020,240.54
5/4/2020,240.54
5/5/2020,240.54
5/6/2020,240.54
5/7/2020,240.54
5/8/2020,240.54
5/11/2020,240.54
5/12/2020,240.54
5/13/2020,240.54
5/14/2020,240.55
5/15/2020,240.55
5/18/2020,240.55
5/19/2020,240.55
5/20/2020,240.55
5/21/2020,240.55
5/22/2020,240.56
5/26/2020,240.55
5/27/2020,240.55
5/28/2020,240.54
5/29/2020,240.55
6/1/2020,240.55
6/2/2020,240.55
6/3/2020,240.55
6/4/2020,240.55
6/5/2020,240.55
6/8/2020,240.55
6/9/2020,240.55
6/10/2020,240.55
6/11/2020,240.55
6/12/2020,240.56
6/15/2020,240.56
6/16/2020,240.56
6/17/2020,240.56
6/18/2020,240.57
6/19/2020,240.57
6/22/2020,240.57
6/23/2020,240.58
6/24/2020,240.58
6/25/2020,240.58
6/26/2020,240.58
6/29/2020,240.58
6/30/2020,240.59
7/1/2020,240.59
7/2/2020,240.59
7/6/2020,240.59
7/7/2020,240.59
7/8/2020,240.6
7/9/2020,240.6
7/10/2020,240.6
7/13/2020,240.6
7/14/2020,240.61
7/15/2020,240.61
7/16/2020,240.62
7/17/2020,240.62
7/20/2020,240.62
7/21/2020,240.62
7/22/2020,240.62
7/23/2020,240.63
7/24/2020,240.63
7/27/2020,240.63
7/28/2020,240.63
7/29/2020,240.63
7/30/2020,240.64
7/31/2020,240.64
8/3/2020,240.64
8/4/2020,240.64
8/5/2020,240.64
8/6/2020,240.64
8/7/2020,240.65
8/10/2020,240.64
8/11/2020,240.64
8/12/2020,240.64
8/13/2020,240.64
8/14/2020,240.65
8/17/2020,240.65
8/18/2020,240.65
8/19/2020,240.65
8/20/2020,240.65
8/21/2020,240.66
8/24/2020,240.66
8/25/2020,240.66
8/26/2020,240.66
8/27/2020,240.66
8/28/2020,240.66
8/31/2020,240.66
9/1/2020,240.66
9/2/2020,240.66
9/3/2020,240.66
9/4/2020,240.66
9/8/2020,240.66
9/9/2020,240.66
9/10/2020,240.66
9/11/2020,240.67
9/14/2020,240.67
9/15/2020,240.67
9/16/2020,240.67
9/17/2020,240.68
9/18/2020,240.68
9/21/2020,240.68
9/22/2020,240.68
9/23/2020,240.68
9/24/2020,240.68
9/25/2020,240.68
9/28/2020,240.68
9/29/2020,240.69
9/30/2020,240.68
10/1/2020,240.69
10/2/2020,240.69
10/5/2020,240.69
10/6/2020,240.69
10/7/2020,240.69
10/8/2020,240.69
10/9/2020,240.69
10/13/2020,240.69
10/14/2020,240.69
10/15/2020,240.69
10/16/2020,240.7
10/19/2020,240.7
10/20/2020,240.7
10/21/2020,240.7
10/22/2020,240.7
10/23/2020,240.7
10/26/2020,240.7
10/27/2020,240.7
10/28/2020,240.71
10/29/2020,240.71
10/30/2020,240.71
11/2/2020,240.71
11/3/2020,240.71
11/4/2020,240.71
11/5/2020,240.71
11/6/2020,240.71
11/9/2020,240.71
11/10/2020,240.72
11/12/2020,240.72
11/13/2020,240.72
11/16/2020,240.72
11/17/2020,240.72
11/18/2020,240.73
11/19/2020,240.73
11/20/2020,240.73
11/23/2020,240.73
11/24/2020,240.73
11/25/2020,240.73
11/27/2020,240.73
11/30/2020,240.73
12/1/2020,240.73
12/2/2020,240.73
12/3/2020,240.74
12/4/2020,240.74
12/7/2020,240.74
12/8/2020,240.74
12/9/2020,240.74
12/10/2020,240.74
12/11/2020,240.74
12/14/2020,240.74
12/15/2020,240.74
12/16/2020,240.74
12/17/2020,240.74
12/18/2020,240.74
12/21/2020,240.74
12/22/2020,240.75
12/23/2020,240.75
12/24/2020,240.75
12/28/2020,240.74
12/29/2020,240.74
12/30/2020,240.75
12/31/2020,240.75
1/4/2021,240.75
1/5/2021,240.76
1/6/2021,240.75
1/7/2021,240.75
1/8/2021,240.76
1/11/2021,240.76
1/12/2021,240.76
1/13/2021,240.76
1/14/2021,240.76
1/15/2021,240.76
1/19/2021,240.76
1/20/2021,240.77
1/21/2021,240.77
1/22/2021,240.77
1/25/2021,240.77
1/26/2021,240.77
1/27/2021,240.78
1/28/2021,240.78
1/29/2021,240.78
2/1/2021,240.78
2/2/2021,240.79
2/3/2021,240.79
2/4/2021,240.8
2/5/2021,240.8
2/8/2021,240.8
2/9/2021,240.8
2/10/2021,240.8
2/11/2021,240.8
2/12/2021,240.8
2/16/2021,240.8
2/17/2021,240.8
2/18/2021,240.8
2/19/2021,240.81
2/22/2021,240.81
2/23/2021,240.81
2/24/2021,240.8
2/25/2021,240.8
2/26/2021,240.8
3/1/2021,240.8
3/2/2021,240.8
3/3/2021,240.8
3/4/2021,240.8
3/5/2021,240.8
3/8/2021,240.8
3/9/2021,240.8
3/10/2021,240.8
3/11/2021,240.81
3/12/2021,240.81
3/15/2021,240.81
3/16/2021,240.81
3/17/2021,240.82
3/18/2021,240.82
3/19/2021,240.82
3/22/2021,240.82
3/23/2021,240.82
3/24/2021,240.82
3/25/2021,240.82
3/26/2021,240.82
3/29/2021,240.82
3/30/2021,240.82
3/31/2021,240.82
4/1/2021,240.82
4/2/2021,240.82
4/5/2021,240.82
4/6/2021,240.82
4/7/2021,240.82
4/8/2021,240.82
4/9/2021,240.82
4/12/2021,240.82
4/13/2021,240.82
4/14/2021,240.82
4/15/2021,240.82
4/16/2021,240.82
4/19/2021,240.82
4/20/2021,240.82
4/21/2021,240.83
4/22/2021,240.83
4/23/2021,240.83
4/26/2021,240.83
4/27/2021,240.83
4/28/2021,240.83
4/29/2021,240.83
4/30/2021,240.83
5/3/2021,240.83
5/4/2021,240.83
5/5/2021,240.83
5/6/2021,240.83
5/7/2021,240.83
5/10/2021,240.83
5/11/2021,240.83
5/12/2021,240.83
5/13/2021,240.83
5/14/2021,240.83
5/17/2021,240.83
5/18/2021,240.83
5/19/2021,240.84
5/20/2021,240.84
5/21/2021,240.84
5/24/2021,240.84
5/25/2021,240.84
5/26/2021,240.84
5/27/2021,240.84
5/28/2021,240.84
6/1/2021,240.83
6/2/2021,240.83
6/3/2021,240.83
6/4/2021,240.83
6/7/2021,240.83
6/8/2021,240.83
6/9/2021,240.83
6/10/2021,240.83
6/11/2021,240.83
6/14/2021,240.83
6/15/2021,240.83
6/16/2021,240.83
6/17/2021,240.83
6/18/2021,240.82
6/21/2021,240.82
6/22/2021,240.83
6/23/2021,240.83
6/24/2021,240.82
6/25/2021,240.82
6/28/2021,240.83
6/29/2021,240.83
6/30/2021,240.83
7/1/2021,240.83
7/2/2021,240.83
7/6/2021,240.83
7/7/2021,240.83
7/8/2021,240.83
7/9/2021,240.83
7/12/2021,240.83
7/13/2021,240.83
7/14/2021,240.83
7/15/2021,240.83
7/16/2021,240.83
7/19/2021,240.83
7/20/2021,240.84
7/21/2021,240.84
7/22/2021,240.84
7/23/2021,240.84
7/26/2021,240.84
7/27/2021,240.84
7/28/2021,240.84
7/29/2021,240.84
7/30/2021,240.84
8/2/2021,240.84
8/3/2021,240.84
8/4/2021,240.84
8/5/2021,240.84
8/6/2021,240.84
8/9/2021,240.84
8/10/2021,240.84
8/11/2021,240.84
8/12/2021,240.84
8/13/2021,240.84
8/16/2021,240.84
8/17/2021,240.84
8/18/2021,240.84
8/19/2021,240.85
8/20/2021,240.85
8/23/2021,240.85
8/24/2021,240.85
8/25/2021,240.85
8/26/2021,240.85
8/27/2021,240.85
8/30/2021,240.85
8/31/2021,240.85
9/1/2021,240.85
9/2/2021,240.85
9/3/2021,240.85
9/7/2021,240.85
9/8/2021,240.85
9/9/2021,240.85
9/10/2021,240.85
9/13/2021,240.85
9/14/2021,240.85
9/15/2021,240.85
9/16/2021,240.85
9/17/2021,240.86
9/20/2021,240.86
9/21/2021,240.86
9/22/2021,240.86
9/23/2021,240.86
9/24/2021,240.86
9/27/2021,240.86
9/28/2021,240.86
9/29/2021,240.86
9/30/2021,240.86
10/1/2021,240.86
10/4/2021,240.86
10/5/2021,240.86
10/6/2021,240.86
10/7/2021,240.85
10/8/2021,240.86
10/12/2021,240.86
10/13/2021,240.86
10/14/2021,240.86
10/15/2021,240.86
10/18/2021,240.86
10/19/2021,240.86
10/20/2021,240.86
10/21/2021,240.86
10/22/2021,240.85
10/25/2021,240.86
10/26/2021,240.86
10/27/2021,240.86
10/28/2021,240.86
10/29/2021,240.86
11/1/2021,240.86
11/2/2021,240.86
11/3/2021,240.86
11/4/2021,240.87
11/5/2021,240.87
11/8/2021,240.87
11/9/2021,240.87
11/10/2021,240.87
11/12/2021,240.87
11/15/2021,240.87
11/16/2021,240.87
11/17/2021,240.87
11/18/2021,240.87
11/19/2021,240.87
11/22/2021,240.87
11/23/2021,240.87
11/24/2021,240.86
11/26/2021,240.87
11/29/2021,240.87
11/30/2021,240.87
12/1/2021,240.87
12/2/2021,240.87
12/3/2021,240.87
12/6/2021,240.86
12/7/2021,240.86
12/8/2021,240.86
12/9/2021,240.87
12/10/2021,240.87
12/13/2021,240.87
12/14/2021,240.87
12/15/2021,240.87
12/16/2021,240.87
12/17/2021,240.87
12/20/2021,240.87
12/21/2021,240.87
12/22/2021,240.87
12/23/2021,240.87
12/27/2021,240.87
12/28/2021,240.87
12/29/2021,240.87
12/30/2021,240.88
12/31/2021,240.87
1/3/2022,240.87
1/4/2022,240.87
1/5/2022,240.86
1/6/2022,240.86
1/7/2022,240.86
1/10/2022,240.85
1/11/2022,240.85
1/12/2022,240.85
1/13/2022,240.85
1/14/2022,240.84
1/18/2022,240.82
1/19/2022,240.83
1/20/2022,240.82
1/21/2022,240.83
1/24/2022,240.83
1/25/2022,240.82
1/26/2022,240.82
1/27/2022,240.81
1/28/2022,240.82
1/31/2022,240.81
2/1/2022,240.82
2/2/2022,240.83
2/3/2022,240.82
2/4/2022,240.79
2/7/2022,240.8
2/8/2022,240.79
2/9/2022,240.79
2/10/2022,240.7
2/11/2022,240.74
2/14/2022,240.74
2/15/2022,240.75
2/16/2022,240.76
2/17/2022,240.78
2/18/2022,240.79
2/22/2022,240.77
2/23/2022,240.79
2/24/2022,240.8
2/25/2022,240.8
2/28/2022,240.81
3/1/2022,240.84
3/2/2022,240.81
3/3/2022,240.81
3/4/2022,240.82
3/7/2022,240.82
3/8/2022,240.82
3/9/2022,240.81
3/10/2022,240.8
3/11/2022,240.8
3/14/2022,240.79
3/15/2022,240.79
3/16/2022,240.79
3/17/2022,240.82
3/18/2022,240.82
3/21/2022,240.79
3/22/2022,240.79
3/23/2022,240.81
3/24/2022,240.8
3/25/2022,240.79
3/28/2022,240.79
3/29/2022,240.8
3/30/2022,240.81
3/31/2022,240.81
4/1/2022,240.8
4/4/2022,240.79
4/5/2022,240.79
4/6/2022,240.78
4/7/2022,240.79
4/8/2022,240.79
4/11/2022,240.78
4/12/2022,240.8
4/13/2022,240.81
4/14/2022,240.8
4/18/2022,240.81
4/19/2022,240.8
4/20/2022,240.82
4/21/2022,240.81
4/22/2022,240.81
4/25/2022,240.83
4/26/2022,240.84
4/27/2022,240.85
4/28/2022,240.85
4/29/2022,240.85
5/2/2022,240.86
5/3/2022,240.84
5/4/2022,240.87
5/5/2022,240.9
5/6/2022,240.9
5/9/2022,240.93
5/10/2022,240.93
5/11/2022,240.93
5/12/2022,240.93
5/13/2022,240.93
5/16/2022,240.92
5/17/2022,240.92
5/18/2022,240.94
5/19/2022,240.95
5/20/2022,240.97
5/23/2022,240.97
5/24/2022,240.99
5/25/2022,240.99
5/26/2022,241
5/27/2022,241.01
5/31/2022,241.01
6/1/2022,241
6/2/2022,241
6/3/2022,241.01
6/6/2022,241
6/7/2022,241
6/8/2022,240.99
6/9/2022,240.98
6/10/2022,240.93
6/13/2022,240.79
6/14/2022,240.72
6/15/2022,240.77
6/16/2022,240.83
6/17/2022,240.86
6/21/2022,240.87
6/22/2022,240.93
6/23/2022,240.92
6/24/2022,240.92
6/27/2022,240.92
6/28/2022,240.94
6/29/2022,240.95
6/30/2022,240.97
7/1/2022,241.01
7/5/2022,241.02
7/6/2022,241.02
7/7/2022,241
7/8/2022,241.01
7/11/2022,240.98
7/12/2022,240.99
7/13/2022,240.9
7/14/2022,240.92
7/15/2022,240.96
7/18/2022,240.95
7/19/2022,240.95
7/20/2022,240.97
7/21/2022,240.99
7/22/2022,241.04
7/25/2022,241.04
7/26/2022,241.04
7/27/2022,241.08
7/28/2022,241.13
7/29/2022,241.16
8/1/2022,241.17
8/2/2022,241.17
8/3/2022,241.19
8/4/2022,241.22
8/5/2022,241.21
8/8/2022,241.22
8/9/2022,241.23
8/10/2022,241.27
8/11/2022,241.29
8/12/2022,241.33
8/15/2022,241.35
8/16/2022,241.37
8/17/2022,241.38
8/18/2022,241.4
8/19/2022,241.44
8/22/2022,241.43
8/23/2022,241.46
8/24/2022,241.46
8/25/2022,241.48
8/26/2022,241.52
8/29/2022,241.52
8/30/2022,241.53
8/31/2022,241.55
9/1/2022,241.56
9/2/2022,241.64
9/6/2022,241.64
9/7/2022,241.66
9/8/2022,241.68
9/9/2022,241.71
9/12/2022,241.71
9/13/2022,241.65
9/14/2022,241.66
9/15/2022,241.68
9/16/2022,241.74
9/19/2022,241.75
9/20/2022,241.77
9/21/2022,241.78
9/22/2022,241.81
9/23/2022,241.87
9/26/2022,241.88
9/27/2022,241.9
9/28/2022,241.94
9/29/2022,241.97
9/30/2022,242.01
10/3/2022,242.04
10/4/2022,242.05
10/5/2022,242.07
10/6/2022,242.07
10/7/2022,242.13
10/11/2022,242.14
10/12/2022,242.16
10/13/2022,242.12
10/14/2022,242.17
10/17/2022,242.17
10/18/2022,242.16
10/19/2022,242.15
10/20/2022,242.17
10/21/2022,242.24
10/24/2022,242.25
10/25/2022,242.27
10/26/2022,242.3
10/27/2022,242.32
10/28/2022,242.37
10/31/2022,242.37
11/1/2022,242.4
11/2/2022,242.43
11/3/2022,242.46
11/4/2022,242.54
11/7/2022,242.56
11/8/2022,242.6
11/9/2022,242.63
11/10/2022,242.75
11/14/2022,242.77
11/15/2022,242.79
11/16/2022,242.81
11/17/2022,242.83
11/18/2022,242.9
11/21/2022,242.92
11/22/2022,242.95
11/23/2022,243
11/25/2022,243.07
11/28/2022,243.11
11/29/2022,243.13
11/30/2022,243.16
12/1/2022,243.22
12/2/2022,243.29