Effective date ,S&P U.S. Treasury Bond Index
10/31/2012,399.32
11/1/2012,399.06
11/2/2012,399.11
11/5/2012,399.53
11/6/2012,398.71
11/7/2012,400.13
11/8/2012,401.08
11/9/2012,401
11/13/2012,401.36
11/14/2012,401.41
11/15/2012,401.38
11/16/2012,401.44
11/19/2012,401.06
11/20/2012,400.34
11/21/2012,400.17
11/23/2012,400.11
11/26/2012,400.4
11/27/2012,400.76
11/28/2012,400.88
11/29/2012,401.01
11/30/2012,401.03
12/3/2012,401
12/4/2012,401.29
12/5/2012,401.42
12/6/2012,401.53
12/7/2012,401.02
12/10/2012,401.24
12/11/2012,400.82
12/12/2012,400.19
12/13/2012,399.93
12/14/2012,400.33
12/17/2012,399.41
12/18/2012,398.69
12/19/2012,398.95
12/20/2012,398.99
12/21/2012,399.52
12/24/2012,399.36
12/26/2012,399.54
12/27/2012,399.98
12/28/2012,400.28
12/31/2012,399.79
1/2/2013,398.81
1/3/2013,397.94
1/4/2013,398.06
1/7/2013,398.12
1/8/2013,398.59
1/9/2013,398.7
1/10/2013,398.38
1/11/2013,398.87
1/14/2013,398.8
1/15/2013,399.14
1/16/2013,399.32
1/17/2013,398.55
1/18/2013,399.02
1/22/2013,399.22
1/23/2013,399.25
1/24/2013,398.98
1/25/2013,397.87
1/28/2013,397.55
1/29/2013,397.32
1/30/2013,397.4
1/31/2013,397.59
2/1/2013,397.02
2/4/2013,397.92
2/5/2013,397.39
2/6/2013,397.89
2/7/2013,397.91
2/8/2013,398.04
2/11/2013,397.91
2/12/2013,397.67
2/13/2013,397.1
2/14/2013,397.77
2/15/2013,397.62
2/19/2013,397.35
2/20/2013,397.62
2/21/2013,398.02
2/22/2013,398.14
2/25/2013,399.45
2/26/2013,399.2
2/27/2013,399.11
2/28/2013,399.28
3/1/2013,399.65
3/4/2013,399.37
3/5/2013,399.14
3/6/2013,398.58
3/7/2013,397.98
3/8/2013,397.29
3/11/2013,397.3
3/12/2013,397.73
3/13/2013,397.64
3/14/2013,397.59
3/15/2013,398.12
3/18/2013,398.64
3/19/2013,399.09
3/20/2013,398.5
3/21/2013,398.89
3/22/2013,398.95
3/25/2013,399.02
3/26/2013,399.14
3/27/2013,399.8
3/28/2013,399.68
4/1/2013,399.92
4/2/2013,399.68
4/3/2013,400.34
4/4/2013,400.99
4/5/2013,401.73
4/8/2013,401.28
4/9/2013,401.26
4/10/2013,400.52
4/11/2013,400.68
4/12/2013,401.52
4/15/2013,401.93
4/16/2013,401.46
4/17/2013,401.78
4/18/2013,401.86
4/19/2013,401.73
4/22/2013,401.85
4/23/2013,401.71
4/24/2013,401.85
4/25/2013,401.69
4/26/2013,402.28
4/29/2013,402.22
4/30/2013,402.21
5/1/2013,402.78
5/2/2013,402.79
5/3/2013,401.34
5/6/2013,401.15
5/7/2013,400.93
5/8/2013,401.01
5/9/2013,400.96
5/10/2013,400.09
5/13/2013,399.72
5/14/2013,399.15
5/15/2013,399.51
5/16/2013,400.28
5/17/2013,399.47
5/20/2013,399.38
5/21/2013,399.79
5/22/2013,398.66
5/23/2013,398.84
5/24/2013,398.92
5/28/2013,397.03
5/29/2013,397.57
5/30/2013,397.54
5/31/2013,397.21
6/3/2013,397.49
6/4/2013,397.04
6/5/2013,397.77
6/6/2013,397.84
6/7/2013,396.62
6/10/2013,396.22
6/11/2013,396.62
6/12/2013,395.88
6/13/2013,397.05
6/14/2013,397.36
6/17/2013,397.06
6/18/2013,397.01
6/19/2013,395.1
6/20/2013,394.25
6/21/2013,392.66
6/24/2013,392.33
6/25/2013,392.07
6/26/2013,392.72
6/27/2013,393.59
6/28/2013,393.62
7/1/2013,393.82
7/2/2013,393.85
7/3/2013,393.51
7/5/2013,391.16
7/8/2013,392.02
7/9/2013,392.19
7/10/2013,391.71
7/11/2013,393.16
7/12/2013,392.97
7/15/2013,393.41
7/16/2013,393.61
7/17/2013,394.16
7/18/2013,393.52
7/19/2013,394.37
7/22/2013,394.42
7/23/2013,394.18
7/24/2013,393.27
7/25/2013,393.51
7/26/2013,393.77
7/29/2013,393.5
7/30/2013,393.41
7/31/2013,393.58
8/1/2013,392.18
8/2/2013,393.51
8/5/2013,393.08
8/6/2013,393.12
8/7/2013,393.57
8/8/2013,393.75
8/9/2013,393.85
8/12/2013,393.52
8/13/2013,392.3
8/14/2013,392.37
8/15/2013,391.58
8/16/2013,391.13
8/19/2013,390.56
8/20/2013,391.26
8/21/2013,390.29
8/22/2013,390.16
8/23/2013,390.96
8/26/2013,391.41
8/27/2013,392.25
8/28/2013,391.59
8/29/2013,391.89
8/30/2013,391.74
9/3/2013,390.83
9/4/2013,390.23
9/5/2013,388.93
9/6/2013,389.86
9/9/2013,390.25
9/10/2013,389.6
9/11/2013,390.37
9/12/2013,390.41
9/13/2013,390.62
9/16/2013,391.63
9/17/2013,391.41
9/18/2013,393.12
9/19/2013,392.67
9/20/2013,392.86
9/23/2013,393.29
9/24/2013,393.85
9/25/2013,394.21
9/26/2013,393.87
9/27/2013,394.19
9/30/2013,394.34
10/1/2013,393.98
10/2/2013,394.32
10/3/2013,394.41
10/4/2013,394.02
10/7/2013,394.16
10/8/2013,393.91
10/9/2013,393.69
10/10/2013,393.63
10/11/2013,393.78
10/15/2013,393.37
10/16/2013,394.16
10/17/2013,394.96
10/18/2013,395.03
10/21/2013,394.85
10/22/2013,395.78
10/23/2013,395.97
10/24/2013,395.73
10/25/2013,395.99
10/28/2013,395.87
10/29/2013,396.05
10/30/2013,395.73
10/31/2013,395.68
11/1/2013,394.95
11/4/2013,395.18
11/5/2013,394.58
11/6/2013,394.98
11/7/2013,395.44
11/8/2013,393.86
11/12/2013,393.61
11/13/2013,394.16
11/14/2013,394.88
11/15/2013,394.86
11/18/2013,395.36
11/19/2013,394.79
11/20/2013,394.12
11/21/2013,394.24
11/22/2013,394.62
11/25/2013,394.79
11/26/2013,395.12
11/27/2013,394.94
11/29/2013,394.89
12/2/2013,394.32
12/3/2013,394.58
12/4/2013,393.98
12/5/2013,393.63
12/6/2013,393.71
12/9/2013,393.8
12/10/2013,394.37
12/11/2013,393.85
12/12/2013,393.4
12/13/2013,393.56
12/16/2013,393.49
12/17/2013,393.92
12/18/2013,393.55
12/19/2013,392.97
12/20/2013,393.24
12/23/2013,392.86
12/24/2013,392.26
12/26/2013,392.12
12/27/2013,392.1
12/30/2013,392.54
12/31/2013,391.99
1/2/2014,392.46
1/3/2014,392.33
1/6/2014,392.72
1/7/2014,392.9
1/8/2014,392.15
1/9/2014,392.49
1/10/2014,393.82
1/13/2014,394.29
1/14/2014,393.7
1/15/2014,393.46
1/16/2014,393.93
1/17/2014,394.22
1/21/2014,394.08
1/22/2014,393.67
1/23/2014,394.81
1/24/2014,395.38
1/27/2014,394.92
1/28/2014,395.19
1/29/2014,395.89
1/30/2014,395.75
1/31/2014,396.3
2/3/2014,397.23
2/4/2014,396.72
2/5/2014,396.18
2/6/2014,395.85
2/7/2014,396.24
2/10/2014,396.32
2/11/2014,395.69
2/12/2014,395.26
2/13/2014,395.99
2/14/2014,395.92
2/18/2014,396.33
2/19/2014,396.01
2/20/2014,395.73
2/21/2014,395.97
2/24/2014,395.78
2/25/2014,396.37
2/26/2014,396.79
2/27/2014,397.09
2/28/2014,396.93
3/3/2014,397.63
3/4/2014,396.52
3/5/2014,396.62
3/6/2014,396.01
3/7/2014,395.29
3/10/2014,395.44
3/11/2014,395.59
3/12/2014,396.09
3/13/2014,397.05
3/14/2014,397.01
3/17/2014,396.43
3/18/2014,396.78
3/19/2014,395.23
3/20/2014,395.18
3/21/2014,395.5
3/24/2014,395.57
3/25/2014,395.48
3/26/2014,396.17
3/27/2014,396.29
3/28/2014,395.85
3/31/2014,395.96
4/1/2014,395.58
4/2/2014,394.96
4/3/2014,395.1
4/4/2014,396.01
4/7/2014,396.45
4/8/2014,396.63
4/9/2014,396.78
4/10/2014,397.44
4/11/2014,397.84
4/14/2014,397.48
4/15/2014,397.64
4/16/2014,397.38
4/17/2014,396.41
4/21/2014,396.55
4/22/2014,396.49
4/23/2014,396.91
4/24/2014,396.94
4/25/2014,397.15
4/28/2014,396.88
4/29/2014,396.94
4/30/2014,397.48
5/1/2014,397.96
5/2/2014,398.08
5/5/2014,398.1
5/6/2014,398.04
5/7/2014,398.18
5/8/2014,398.34
5/9/2014,398.26
5/12/2014,397.88
5/13/2014,398.46
5/14/2014,399.26
5/15/2014,399.76
5/16/2014,399.53
5/19/2014,399.38
5/20/2014,399.75
5/21/2014,399.43
5/22/2014,399.24
5/23/2014,399.51
5/27/2014,399.78
5/28/2014,400.63
5/29/2014,400.33
5/30/2014,400.15
6/2/2014,399.49
6/3/2014,398.74
6/4/2014,398.66
6/5/2014,398.91
6/6/2014,398.71
6/9/2014,398.42
6/10/2014,398.07
6/11/2014,398.26
6/12/2014,398.9
6/13/2014,398.57
6/16/2014,398.54
6/17/2014,397.89
6/18/2014,398.63
6/19/2014,398.26
6/20/2014,398.48
6/23/2014,398.32
6/24/2014,398.92
6/25/2014,399.16
6/26/2014,399.63
6/27/2014,399.64
6/30/2014,399.81
7/1/2014,399.28
7/2/2014,398.53
7/3/2014,398.22
7/7/2014,398.45
7/8/2014,399.1
7/9/2014,399.27
7/10/2014,399.57
7/11/2014,399.91
7/14/2014,399.54
7/15/2014,399.3
7/16/2014,399.43
7/17/2014,400.41
7/18/2014,400.02
7/21/2014,400.08
7/22/2014,400.33
7/23/2014,400.36
7/24/2014,399.69
7/25/2014,400.27
7/28/2014,400.07
7/29/2014,400.29
7/30/2014,399.27
7/31/2014,399.28
8/1/2014,400.34
8/4/2014,400.39
8/5/2014,400.45
8/6/2014,400.6
8/7/2014,401.28
8/8/2014,401.12
8/11/2014,401.09
8/12/2014,400.85
8/13/2014,401.41
8/14/2014,401.77
8/15/2014,402.37
8/18/2014,401.81
8/19/2014,401.65
8/20/2014,401.1
8/21/2014,401.4
8/22/2014,401.41
8/25/2014,401.48
8/26/2014,401.51
8/27/2014,401.95
8/28/2014,402.33
8/29/2014,402.37
9/2/2014,401.34
9/3/2014,401.59
9/4/2014,400.97
9/5/2014,401.11
9/8/2014,400.87
9/9/2014,400.51
9/10/2014,400.09
9/11/2014,399.95
9/12/2014,399.39
9/15/2014,399.7
9/16/2014,399.68
9/17/2014,399.18
9/18/2014,399.17
9/19/2014,399.75
9/22/2014,400.16
9/23/2014,400.49
9/24/2014,400.08
9/25/2014,400.92
9/26/2014,400.55
9/29/2014,401.06
9/30/2014,400.81
10/1/2014,402.34
10/2/2014,401.82
10/3/2014,401.71
10/6/2014,402.06
10/7/2014,403.1
10/8/2014,403.83
10/9/2014,403.51
10/10/2014,404.14
10/14/2014,405.44
10/15/2014,406.55
10/16/2014,406.05
10/17/2014,405.48
10/20/2014,405.82
10/21/2014,405.39
10/22/2014,405.32
10/23/2014,404.57
10/24/2014,404.67
10/27/2014,404.84
10/28/2014,404.43
10/29/2014,403.8
10/30/2014,403.98
10/31/2014,403.65
11/3/2014,403.55
11/4/2014,403.66
11/5/2014,403.65
11/6/2014,403.1
11/7/2014,404.19
11/10/2014,403.45
11/12/2014,403.42
11/13/2014,403.72
11/14/2014,404.1
11/17/2014,403.92
11/18/2014,404.13
11/19/2014,403.68
11/20/2014,404.01
11/21/2014,404.42
11/24/2014,404.56
11/25/2014,405.08
11/26/2014,405.38
11/28/2014,406.38
12/1/2014,405.79
12/2/2014,404.85
12/3/2014,404.85
12/4/2014,405.41
12/5/2014,404.28
12/8/2014,404.84
12/9/2014,405.42
12/10/2014,405.83
12/11/2014,405.96
12/12/2014,407.34
12/15/2014,406.79
12/16/2014,407.66
12/17/2014,406.51
12/18/2014,405.49
12/19/2014,405.96
12/22/2014,405.99
12/23/2014,404.58
12/24/2014,404.72
12/26/2014,404.94
12/29/2014,405.58
12/30/2014,405.95
12/31/2014,406.3
1/2/2015,407.08
1/5/2015,408.1
1/6/2015,409.44
1/7/2015,409.51
1/8/2015,408.82
1/9/2015,409.76
1/12/2015,410.47
1/13/2015,410.7
1/14/2015,411.51
1/15/2015,413.2
1/16/2015,411.81
1/20/2015,412.33
1/21/2015,411.52
1/22/2015,411.02
1/23/2015,412.15
1/26/2015,411.74
1/27/2015,412
1/28/2015,413.37
1/29/2015,412.85
1/30/2015,414.51
2/2/2015,414.2
2/3/2015,412.52
2/4/2015,412.79
2/5/2015,412.07
2/6/2015,409.72
2/9/2015,409.59
2/10/2015,409.08
2/11/2015,409.05
2/12/2015,409.18
2/13/2015,408.56
2/17/2015,407.32
2/18/2015,408.2
2/19/2015,407.73
2/20/2015,407.6
2/23/2015,408.48
2/24/2015,409.75
2/25/2015,410.04
2/26/2015,408.81
2/27/2015,409.51
3/2/2015,408.13
3/3/2015,407.7
3/4/2015,407.91
3/5/2015,408.04
3/6/2015,406.01
3/9/2015,406.82
3/10/2015,407.72
3/11/2015,408.09
3/12/2015,408.26
3/13/2015,408.08
3/16/2015,408.72
3/17/2015,409.08
3/18/2015,411.41
3/19/2015,410.45
3/20/2015,411.26
3/23/2015,411.41
3/24/2015,412.08
3/25/2015,411.36
3/26/2015,410.24
3/27/2015,411.09
3/30/2015,411.04
3/31/2015,411.52
4/1/2015,412.54
4/2/2015,411.85
4/3/2015,413.1
4/6/2015,412.15
4/7/2015,412.34
4/8/2015,412.2
4/9/2015,411.28
4/10/2015,411.27
4/13/2015,411.62
4/14/2015,412.2
4/15/2015,412.34
4/16/2015,412.39
4/17/2015,412.78
4/20/2015,412.29
4/21/2015,412
4/22/2015,410.78
4/23/2015,411.33
4/24/2015,412.02
4/27/2015,411.85
4/28/2015,410.82
4/29/2015,410.11
4/30/2015,410.15
5/1/2015,409
5/4/2015,408.57
5/5/2015,408.22
5/6/2015,407.2
5/7/2015,407.9
5/8/2015,408.78
5/11/2015,406.88
5/12/2015,407.09
5/13/2015,406.89
5/14/2015,407.54
5/15/2015,408.81
5/18/2015,407.56
5/19/2015,406.59
5/20/2015,407.03
5/21/2015,408.05
5/22/2015,407.63
5/26/2015,408.7
5/27/2015,408.78
5/28/2015,408.93
5/29/2015,409.22
6/1/2015,408.24
6/2/2015,407.15
6/3/2015,405.75
6/4/2015,406.64
6/5/2015,405.33
6/8/2015,405.61
6/9/2015,404.95
6/10/2015,404.24
6/11/2015,405.61
6/12/2015,405.59
6/15/2015,405.98
6/16/2015,406.63
6/17/2015,406.74
6/18/2015,406.59
6/19/2015,407.57
6/22/2015,405.96
6/23/2015,405.46
6/24/2015,406
6/25/2015,405.65
6/26/2015,404.86
6/29/2015,407.07
6/30/2015,406.65
7/1/2015,405.52
7/2/2015,406.31
7/6/2015,407.73
7/7/2015,408.36
7/8/2015,409.16
7/9/2015,407.68
7/10/2015,406.25
7/13/2015,405.71
7/14/2015,406.32
7/15/2015,407.07
7/16/2015,407.15
7/17/2015,407.19
7/20/2015,406.7
7/21/2015,407.25
7/22/2015,407.43
7/23/2015,408.3
7/24/2015,408.57
7/27/2015,409.3
7/28/2015,408.73
7/29/2015,408.37
7/30/2015,408.6
7/31/2015,409.76
8/3/2015,410.43
8/4/2015,409.22
8/5/2015,408.55
8/6/2015,409.25
8/7/2015,410
8/10/2015,409.2
8/11/2015,410.69
8/12/2015,410.54
8/13/2015,409.9
8/14/2015,409.79
8/17/2015,410.23
8/18/2015,409.8
8/19/2015,411.01
8/20/2015,411.58
8/21/2015,412.25
8/24/2015,412.7
8/25/2015,411.47
8/26/2015,410.1
8/27/2015,410.08
8/28/2015,409.98
8/31/2015,409.43
9/1/2015,410.2
9/2/2015,409.71
9/3/2015,410.22
9/4/2015,410.82
9/8/2015,409.71
9/9/2015,409.95
9/10/2015,409.54
9/11/2015,410.18
9/14/2015,410.31
9/15/2015,408.52
9/16/2015,408.34
9/17/2015,410.21
9/18/2015,411.19
9/21/2015,410.04
9/22/2015,411.12
9/23/2015,411
9/24/2015,411.48
9/25/2015,410.9
9/28/2015,412.14
9/29/2015,412.7
9/30/2015,412.66
10/1/2015,412.87
10/2/2015,413.97
10/5/2015,412.87
10/6/2015,413.2
10/7/2015,412.68
10/8/2015,412.11
10/9/2015,412.14
10/13/2015,413.1
10/14/2015,414.2
10/15/2015,413.53
10/16/2015,413.37
10/19/2015,413.31
10/20/2015,412.59
10/21/2015,413.3
10/22/2015,413.55
10/23/2015,412.51
10/26/2015,412.98
10/27/2015,413.42
10/28/2015,412.31
10/29/2015,411.22
10/30/2015,411.57
11/2/2015,411
11/3/2015,410.38
11/4/2015,409.99
11/5/2015,409.79
11/6/2015,408.32
11/9/2015,407.96
11/10/2015,408.41
11/12/2015,408.53
11/13/2015,409.27
11/16/2015,409.39
11/17/2015,409.39
11/18/2015,409.29
11/19/2015,409.75
11/20/2015,409.48
11/23/2015,409.65
11/24/2015,409.83
11/25/2015,409.92
11/27/2015,410.11
11/30/2015,410.21
12/1/2015,411.31
12/2/2015,410.9
12/3/2015,408.8
12/4/2015,409.49
12/7/2015,410.18
12/8/2015,410.26
12/9/2015,410.46
12/10/2015,410.17
12/11/2015,411.88
12/14/2015,410.46
12/15/2015,409.77
12/16/2015,409.25
12/17/2015,410.09
12/18/2015,410.86
12/21/2015,410.9
12/22/2015,410.25
12/23/2015,409.73
12/24/2015,410.06
12/28/2015,410.22
12/29/2015,408.88
12/30/2015,408.96
12/31/2015,409.58
1/4/2016,410.23
1/5/2016,410.03
1/6/2016,411.3
1/7/2016,411.78
1/8/2016,412.42
1/11/2016,411.74
1/12/2016,412.71
1/13/2016,413.66
1/14/2016,413.17
1/15/2016,414.57
1/19/2016,414.2
1/20/2016,415.3
1/21/2016,414.82
1/22/2016,414.28
1/25/2016,414.8
1/26/2016,415.02
1/27/2016,415.18
1/28/2016,415.48
1/29/2016,416.54
2/1/2016,416.05
2/2/2016,417.81
2/3/2016,417.53
2/4/2016,418.01
2/5/2016,418.08
2/8/2016,419.94
2/9/2016,420
2/10/2016,420.68
2/11/2016,421.4
2/12/2016,419.81
2/16/2016,419.05
2/17/2016,418.44
2/18/2016,419.57
2/19/2016,419.44
2/22/2016,419.25
2/23/2016,419.7
2/24/2016,419.66
2/25/2016,420.27
2/26/2016,419.1
2/29/2016,419.38
3/1/2016,417.66
3/2/2016,417.6
3/3/2016,417.82
3/4/2016,417.12
3/7/2016,416.73
3/8/2016,418.02
3/9/2016,417.25
3/10/2016,416.5
3/11/2016,415.68
3/14/2016,415.89
3/15/2016,415.88
3/16/2016,417.11
3/17/2016,417.38
3/18/2016,417.92
3/21/2016,417.18
3/22/2016,416.86
3/23/2016,417.96
3/24/2016,417.68
3/28/2016,417.97
3/29/2016,419.51
3/30/2016,419.27
3/31/2016,420.02
4/1/2016,420.02
4/4/2016,420.23
4/5/2016,421.21
4/6/2016,420.6
4/7/2016,421.87
4/8/2016,421.42
4/11/2016,421.35
4/12/2016,420.49
4/13/2016,420.6
4/14/2016,420.07
4/15/2016,420.93
4/18/2016,420.6
4/19/2016,420.2
4/20/2016,419.17
4/21/2016,418.65
4/22/2016,418.44
4/25/2016,418.08
4/26/2016,417.56
4/27/2016,418.71
4/28/2016,419.43
4/29/2016,419.59
5/2/2016,418.81
5/3/2016,420.1
5/4/2016,420.62
5/5/2016,421.24
5/6/2016,420.76
5/9/2016,421.27
5/10/2016,421.23
5/11/2016,421.54
5/12/2016,420.96
5/13/2016,421.75
5/16/2016,420.84
5/17/2016,420.61
5/18/2016,418.78
5/19/2016,419.18
5/20/2016,419.31
5/23/2016,419.38
5/24/2016,418.9
5/25/2016,418.71
5/26/2016,419.54
5/27/2016,419.13
5/31/2016,419.39
6/1/2016,419.43
6/2/2016,420.15
6/3/2016,422.26
6/6/2016,421.66
6/7/2016,422.03
6/8/2016,422.31
6/9/2016,422.81
6/10/2016,423.52
6/13/2016,424.15
6/14/2016,424.04
6/15/2016,424.82
6/16/2016,425.04
6/17/2016,424.5
6/20/2016,423.35
6/21/2016,422.89
6/22/2016,423.19
6/23/2016,422.08
6/24/2016,425.18
6/27/2016,427.42
6/28/2016,427.47
6/29/2016,426.59
6/30/2016,427.11
7/1/2016,427.79
7/5/2016,429.9
7/6/2016,429.45
7/7/2016,429.59
7/8/2016,429.95
7/11/2016,428.73
7/12/2016,427.19
7/13/2016,428.12
7/14/2016,426.87
7/15/2016,425.67
7/18/2016,425.87
7/19/2016,426.4
7/20/2016,425.88
7/21/2016,426.19
7/22/2016,426.14
7/25/2016,426.04
7/26/2016,426.18
7/27/2016,427.28
7/28/2016,427.35
7/29/2016,428.52
8/1/2016,427.73
8/2/2016,426.95
8/3/2016,426.9
8/4/2016,427.78
8/5/2016,426.05
8/8/2016,426.13
8/9/2016,426.92
8/10/2016,427.69
8/11/2016,426.17
8/12/2016,427.32
8/15/2016,426.58
8/16/2016,426.04
8/17/2016,426.43
8/18/2016,427
8/19/2016,426.11
8/22/2016,427.05
8/23/2016,426.93
8/24/2016,426.85
8/25/2016,426.39
8/26/2016,425.1
8/29/2016,426.68
8/30/2016,426.44
8/31/2016,426.53
9/1/2016,426.55
9/2/2016,425.94
9/5/2016,425.94
9/6/2016,427.17
9/7/2016,427.19
9/8/2016,425.48
9/9/2016,424.3
9/12/2016,424.52
9/13/2016,423.48
9/14/2016,423.93
9/15/2016,423.87
9/16/2016,424.24
9/19/2016,423.9
9/20/2016,424.23
9/21/2016,424.84
9/22/2016,425.55
9/23/2016,425.63
9/26/2016,426.45
9/27/2016,427.03
9/28/2016,426.83
9/29/2016,427.15
9/30/2016,426.06
10/3/2016,425.79
10/4/2016,424.56
10/5/2016,424.02
10/6/2016,423.36
10/7/2016,423.58
10/10/2016,423.58
10/11/2016,422.67
10/12/2016,422.75
10/13/2016,423.31
10/14/2016,422.25
10/17/2016,423.04
10/18/2016,423.41
10/19/2016,423.54
10/20/2016,423.45
10/21/2016,423.61
10/24/2016,423.18
10/25/2016,423.29
10/26/2016,422.69
10/27/2016,421.68
10/28/2016,421.68
10/31/2016,422.24
11/1/2016,422.34
11/2/2016,422.98
11/3/2016,422.57
11/4/2016,423.42
11/7/2016,422.38
11/8/2016,421.55
11/9/2016,417.52
11/10/2016,416.05
11/11/2016,416.05
11/14/2016,414.31
11/15/2016,414.42
11/16/2016,414.96
11/17/2016,413.73
11/18/2016,412.94
11/21/2016,413.16
11/22/2016,413.27
11/23/2016,412.47
11/24/2016,412.47
11/25/2016,412.64
11/28/2016,413.44
11/29/2016,413.73
11/30/2016,412.24
12/1/2016,411.25
12/2/2016,412.21
12/5/2016,412.13
12/6/2016,412.24
12/7/2016,413.07
12/8/2016,412.15
12/9/2016,410.9
12/12/2016,411.03
12/13/2016,411.12
12/14/2016,409.2
12/15/2016,408.94
12/16/2016,409.12
12/19/2016,410.27
12/20/2016,409.83
12/21/2016,410.31
12/22/2016,410.16
12/23/2016,410.31
12/26/2016,410.31
12/27/2016,409.96
12/28/2016,410.85
12/29/2016,411.58
12/30/2016,412.06
1/2/2017,412.06
1/3/2017,412.17
1/4/2017,412.47
1/5/2017,414.14
1/6/2017,412.91
1/9/2017,413.91
1/10/2017,413.85
1/11/2017,414.11
1/12/2017,414.18
1/13/2017,413.55
1/16/2017,413.55
1/17/2017,414.92
1/18/2017,413.15
1/19/2017,412.45
1/20/2017,412.61
1/23/2017,413.92
1/24/2017,412.96
1/25/2017,411.76
1/26/2017,412.2
1/27/2017,412.5
1/30/2017,412.38
1/31/2017,413.13
2/1/2017,412.61
2/2/2017,412.66
2/3/2017,412.71
2/6/2017,413.82
2/7/2017,414.28
2/8/2017,415.49
2/9/2017,414.16
2/10/2017,414
2/13/2017,413.62
2/14/2017,412.66
2/15/2017,412.07
2/16/2017,413.06
2/17/2017,413.73
2/20/2017,413.73
2/21/2017,413.59
2/22/2017,413.94
2/23/2017,414.5
2/24/2017,415.7
2/27/2017,414.81
2/28/2017,414.81
3/1/2017,412.82
3/2/2017,412.25
3/3/2017,412.5
3/6/2017,412.31
3/7/2017,411.84
3/8/2017,411.1
3/9/2017,410.33
3/10/2017,410.76
3/13/2017,410.17
3/14/2017,410.54
3/15/2017,412.41
3/16/2017,411.82
3/17/2017,412.44
3/20/2017,413.11
3/21/2017,414.02
3/22/2017,414.41
3/23/2017,414.22
3/24/2017,414.42
3/27/2017,415.03
3/28/2017,414.19
3/29/2017,414.97
3/30/2017,414.21
3/31/2017,414.69
4/3/2017,415.96
4/4/2017,415.46
4/5/2017,415.98
4/6/2017,415.81
4/7/2017,414.96
4/10/2017,415.47
4/11/2017,416.72
4/12/2017,417.46
4/13/2017,418.02
4/17/2017,417.72
4/18/2017,419.28
4/19/2017,418.58
4/20/2017,418.08
4/21/2017,418.2
4/24/2017,417.57
4/25/2017,416.24
4/26/2017,416.88
4/27/2017,417.05
4/28/2017,417.24
5/1/2017,416.5
5/2/2017,417.11
5/3/2017,416.72
5/4/2017,416.16
5/5/2017,416.23
5/8/2017,415.64
5/9/2017,415.48
5/10/2017,415.35
5/11/2017,415.52
5/12/2017,416.7
5/15/2017,416.46
5/16/2017,416.8
5/17/2017,418.78
5/18/2017,418.65
5/19/2017,418.68
5/22/2017,418.46
5/23/2017,417.66
5/24/2017,418.36
5/25/2017,418.4
5/26/2017,418.52
5/30/2017,419.18
5/31/2017,419.39
6/1/2017,419.29
6/2/2017,420.5
6/5/2017,419.9
6/6/2017,420.64
6/7/2017,420.04
6/8/2017,419.7
6/9/2017,419.4
6/12/2017,419.4
6/13/2017,419.41
6/14/2017,420.93
6/15/2017,420.52
6/16/2017,420.8
6/19/2017,420.25
6/20/2017,421.08
6/21/2017,421.18
6/22/2017,421.45
6/23/2017,421.47
6/26/2017,421.81
6/27/2017,420.56
6/28/2017,420.47
6/29/2017,419.61
6/30/2017,419.09
7/3/2017,418.31
7/5/2017,418.59
7/6/2017,417.95
7/7/2017,417.54
7/10/2017,417.86
7/11/2017,418.2
7/12/2017,419.03
7/13/2017,418.48
7/14/2017,418.8
7/17/2017,419.13
7/18/2017,420.06
7/19/2017,420.02
7/20/2017,420.21
7/21/2017,420.73
7/24/2017,420.36
7/25/2017,418.91
7/26/2017,419.61
7/27/2017,419.18
7/28/2017,419.73
7/31/2017,419.81
8/1/2017,420.56
8/2/2017,420.42
8/3/2017,421.48
8/4/2017,420.55
8/7/2017,420.74
8/8/2017,420.47
8/9/2017,420.99
8/10/2017,421.94
8/11/2017,422.26
8/14/2017,421.65
8/15/2017,420.93
8/16/2017,421.45
8/17/2017,422.37
8/18/2017,422.29
8/21/2017,422.61
8/22/2017,422.05
8/23/2017,422.95
8/24/2017,422.41
8/25/2017,422.8
8/28/2017,423.01
8/29/2017,423.56
8/30/2017,423.34
8/31/2017,423.73
9/1/2017,422.85
9/5/2017,424.87
9/6/2017,424.12
9/7/2017,425.39
9/8/2017,425.17
9/11/2017,423.7
9/12/2017,423.03
9/13/2017,422.55
9/14/2017,422.7
9/15/2017,422.51
9/18/2017,422.03
9/19/2017,421.76
9/20/2017,421.4
9/21/2017,421.23
9/22/2017,421.65
9/25/2017,422.46
9/26/2017,422.16
9/27/2017,420.77
9/28/2017,420.71
9/29/2017,420.48
10/2/2017,420.3
10/3/2017,420.6
10/4/2017,420.64
10/5/2017,420.15
10/6/2017,419.77
10/10/2017,420.29
10/11/2017,420.44
10/12/2017,420.81
10/13/2017,421.64
10/16/2017,421.21
10/17/2017,421.19
10/18/2017,420.5
10/19/2017,420.87
10/20/2017,419.63
10/23/2017,420
10/24/2017,419.27
10/25/2017,418.88
10/26/2017,418.48
10/27/2017,419.23
10/30/2017,420.31
10/31/2017,420.12
11/1/2017,420.36
11/2/2017,420.84
11/3/2017,421.1
11/6/2017,421.49
11/7/2017,421.69
11/8/2017,421.33
11/9/2017,421.2
11/10/2017,419.72
11/13/2017,419.76
11/14/2017,420.25
11/15/2017,421.31
11/16/2017,420.35
11/17/2017,420.92
11/20/2017,420.61
11/21/2017,420.67
11/22/2017,421.45
11/24/2017,421.11
11/27/2017,421.22
11/28/2017,421.3
11/29/2017,420.33
11/30/2017,419.66
12/1/2017,420.84
12/4/2017,420.68
12/5/2017,420.98
12/6/2017,421.5
12/7/2017,420.9
12/8/2017,420.77
12/11/2017,420.54
12/12/2017,420.4
12/13/2017,421.54
12/14/2017,421.57
12/15/2017,421.61
12/18/2017,420.92
12/19/2017,419.67
12/20/2017,418.72
12/21/2017,419.03
12/22/2017,419.09
12/26/2017,419.4
12/27/2017,420.68
12/28/2017,420.43
12/29/2017,420.85
1/2/2018,419.78
1/3/2018,420.1
1/4/2018,419.88
1/5/2018,419.55
1/8/2018,419.51
1/9/2018,418.24
1/10/2018,418.25
1/11/2018,418.5
1/12/2018,418.4
1/16/2018,418.71
1/17/2018,418.27
1/18/2018,417.41
1/19/2018,416.77
1/22/2018,416.82
1/23/2018,417.5
1/24/2018,416.94
1/25/2018,417.62
1/26/2018,416.82
1/29/2018,416.31
1/30/2018,415.74
1/31/2018,415.95
2/1/2018,414.54
2/2/2018,413.8
2/5/2018,415.69
2/6/2018,414.57
2/7/2018,413.63
2/8/2018,413.87
2/9/2018,413.45
2/12/2018,413.59
2/13/2018,413.97
2/14/2018,412.35
2/15/2018,412.52
2/16/2018,413.1
2/20/2018,412.75
2/21/2018,411.7
2/22/2018,412.15
2/23/2018,413.04
2/26/2018,413.28
2/27/2018,412.72
2/28/2018,413.33
3/1/2018,414.41
3/2/2018,413.41
3/5/2018,413.2
3/6/2018,413.23
3/7/2018,413.19
3/8/2018,413.71
3/9/2018,413.08
3/12/2018,413.75
3/13/2018,414.25
3/14/2018,414.9
3/15/2018,414.81
3/16/2018,414.37
3/19/2018,414.16
3/20/2018,413.57
3/21/2018,413.88
3/22/2018,414.94
3/23/2018,415.12
3/26/2018,414.56
3/27/2018,415.91
3/28/2018,415.94
3/29/2018,416.53
4/2/2018,416.84
4/3/2018,415.9
4/4/2018,415.71
4/5/2018,414.98
4/6/2018,416.29
4/9/2018,416.38
4/10/2018,415.97
4/11/2018,416.28
4/12/2018,415.29
4/13/2018,415.47
4/16/2018,415.4
4/17/2018,415.62
4/18/2018,414.56
4/19/2018,413.85
4/20/2018,413
4/23/2018,412.89
4/24/2018,412.58
4/25/2018,412.05
4/26/2018,412.74
4/27/2018,413.33
4/30/2018,413.61
5/1/2018,413.15
5/2/2018,413.22
5/3/2018,413.75
5/4/2018,413.83
5/7/2018,413.77
5/8/2018,413.5
5/9/2018,412.87
5/10/2018,413.48
5/11/2018,413.59
5/14/2018,413.14
5/15/2018,411.83
5/16/2018,411.37
5/17/2018,411.12
5/18/2018,412.12
5/21/2018,412.21
5/22/2018,412.13
5/23/2018,413.23
5/24/2018,413.97
5/25/2018,414.96
5/29/2018,418.02
5/30/2018,416.84
5/31/2018,416.62
6/1/2018,415.7
6/4/2018,414.79
6/5/2018,415.41
6/6/2018,414.39
6/7/2018,415.5
6/8/2018,415.14
6/11/2018,414.9
6/12/2018,414.79
6/13/2018,414.52
6/14/2018,415.3
6/15/2018,415.46
6/18/2018,415.58
6/19/2018,416.26
6/20/2018,415.37
6/21/2018,416.05
6/22/2018,416.08
6/25/2018,416.5
6/26/2018,416.64
6/27/2018,417.73
6/28/2018,417.56
6/29/2018,417.28
7/2/2018,417.09
7/3/2018,417.81
7/5/2018,417.81
7/6/2018,418.2
7/9/2018,417.58
7/10/2018,417.42
7/11/2018,417.91
7/12/2018,417.8
7/13/2018,418.25
7/16/2018,417.8
7/17/2018,417.57
7/18/2018,417.27
7/19/2018,418.04
7/20/2018,417.03
7/23/2018,415.75
7/24/2018,415.99
7/25/2018,415.75
7/26/2018,415.45
7/27/2018,415.76
7/30/2018,415.58
7/31/2018,415.98
8/1/2018,415.26
8/2/2018,415.55
8/3/2018,416.22
8/6/2018,416.38
8/7/2018,415.79
8/8/2018,415.94
8/9/2018,416.8
8/10/2018,417.88
8/13/2018,417.84
8/14/2018,417.49
8/15/2018,418.22
8/16/2018,418.09
8/17/2018,418.25
8/20/2018,419.17
8/21/2018,418.74
8/22/2018,419.27
8/23/2018,419.23
8/24/2018,419.36
8/27/2018,418.76
8/28/2018,418.13
8/29/2018,418.11
8/30/2018,418.56
8/31/2018,418.56
9/4/2018,417.97
9/5/2018,417.88
9/6/2018,418.34
9/7/2018,417.12
9/10/2018,417.4
9/11/2018,416.51
9/12/2018,416.74
9/13/2018,416.76
9/14/2018,416.2
9/17/2018,416.36
9/18/2018,415.25
9/19/2018,414.75
9/20/2018,415.02
9/21/2018,415.09
9/24/2018,414.86
9/25/2018,414.7
9/26/2018,415.51
9/27/2018,415.53
9/28/2018,415.53
10/1/2018,414.88
10/2/2018,415.58
10/3/2018,413.68
10/4/2018,412.97
10/5/2018,412.26
10/9/2018,412.9
10/10/2018,413.01
10/11/2018,414.07
10/12/2018,413.75
10/15/2018,413.87
10/16/2018,413.92
10/17/2018,413.23
10/18/2018,413.52
10/19/2018,413.17
10/22/2018,413.18
10/23/2018,413.76
10/24/2018,415.03
10/25/2018,414.4
10/26/2018,415.45
10/29/2018,415.35
10/30/2018,414.75
10/31/2018,414.11
11/1/2018,414.39
11/2/2018,412.92
11/5/2018,413.29
11/6/2018,413.04
11/7/2018,413
11/8/2018,412.71
11/9/2018,413.75
11/13/2018,414.73
11/14/2018,415.2
11/15/2018,415.28
11/16/2018,416.12
11/19/2018,416.65
11/20/2018,416.56
11/21/2018,416.46
11/23/2018,416.73
11/26/2018,416.42
11/27/2018,416.59
11/28/2018,416.43
11/29/2018,416.95
11/30/2018,417.37
12/3/2018,417.91
12/4/2018,419.37
12/6/2018,420.04
12/7/2018,420.69
12/10/2018,421.02
12/11/2018,420.6
12/12/2018,420.04
12/13/2018,420.08
12/14/2018,420.6
12/17/2018,421.48
12/18/2018,422.26
12/19/2018,423.32
12/20/2018,422.94
12/21/2018,423.15
12/24/2018,424.31
12/26/2018,422.77
12/27/2018,423.29
12/28/2018,424.59
12/31/2018,425.26
1/2/2019,425.96
1/3/2019,428.05
1/4/2019,425.97
1/7/2019,425.36
1/8/2019,424.76
1/9/2019,424.87
1/10/2019,424.46
1/11/2019,425.09
1/14/2019,424.97
1/15/2019,424.66
1/16/2019,424.63
1/17/2019,424.33
1/18/2019,423.55
1/22/2019,424.47
1/23/2019,424.43
1/24/2019,425.22
1/25/2019,424.6
1/28/2019,424.65
1/29/2019,425.38
1/30/2019,425.85
1/31/2019,427.02
2/1/2019,425.89
2/4/2019,425.38
2/5/2019,425.92
2/6/2019,426.11
2/7/2019,426.95
2/8/2019,427.44
2/11/2019,427
2/12/2019,426.66
2/13/2019,426.07
2/14/2019,427
2/15/2019,426.96
2/19/2019,427.52
2/20/2019,427.33
2/21/2019,426.38
2/22/2019,427.16
2/25/2019,426.93
2/26/2019,427.6
2/27/2019,426.56
2/28/2019,426
3/1/2019,424.94
3/4/2019,425.87
3/5/2019,426.03
3/6/2019,426.68
3/7/2019,427.63
3/8/2019,428.06
3/11/2019,427.79
3/12/2019,428.62
3/13/2019,428.48
3/14/2019,427.93
3/15/2019,428.69
3/18/2019,428.56
3/19/2019,428.32
3/20/2019,430.05
3/21/2019,430.03
3/22/2019,432.22
3/25/2019,432.87
3/26/2019,432.77
3/27/2019,433.76
3/28/2019,433.87
3/29/2019,433.57
4/1/2019,431.72
4/2/2019,432.14
4/3/2019,431.19
4/4/2019,431.47
4/5/2019,431.59
4/8/2019,431.27
4/9/2019,431.71
4/10/2019,432.19
4/11/2019,431.46
4/12/2019,430.34
4/15/2019,430.74
4/16/2019,429.97
4/17/2019,430
4/18/2019,430.81
4/22/2019,430.34
4/23/2019,430.78
4/24/2019,431.85
4/25/2019,431.6
4/26/2019,432.29
4/29/2019,431.75
4/30/2019,432.42
5/1/2019,432.43
5/2/2019,431.65
5/3/2019,432.02
5/6/2019,432.69
5/7/2019,433.64
5/8/2019,433.09
5/9/2019,433.76
5/10/2019,433.57
5/13/2019,435.1
5/14/2019,434.74
5/15/2019,435.66
5/16/2019,435.13
5/17/2019,435.34
5/20/2019,434.97
5/21/2019,434.56
5/22/2019,435.41
5/23/2019,437.09
5/24/2019,437.04
5/28/2019,438.22
5/29/2019,438.38
5/30/2019,439.49
5/31/2019,441.58
6/3/2019,443.03
6/4/2019,441.78
6/5/2019,441.61
6/6/2019,441.56
6/7/2019,442.76
6/10/2019,441.47
6/11/2019,441.43
6/12/2019,441.98
6/13/2019,442.65
6/14/2019,442.85
6/17/2019,442.9
6/18/2019,443.42
6/19/2019,444.33
6/20/2019,444.74
6/21/2019,443.52
6/24/2019,444.65
6/25/2019,445.09
6/26/2019,443.92
6/27/2019,444.77
6/28/2019,444.87
7/1/2019,444.5
7/2/2019,445.44
7/3/2019,446.07
7/5/2019,444.04
7/8/2019,443.95
7/9/2019,443.74
7/10/2019,443.95
7/11/2019,442.38
7/12/2019,442.65
7/15/2019,443.38
7/16/2019,442.79
7/17/2019,444.24
7/18/2019,444.8
7/19/2019,444.24
7/22/2019,444.45
7/23/2019,443.89
7/24/2019,444.31
7/25/2019,443.63
7/26/2019,443.76
7/29/2019,443.99
7/30/2019,444.22
7/31/2019,444.86
8/1/2019,448.08
8/2/2019,448.91
8/5/2019,451.69
8/6/2019,452.42
8/7/2019,452.52
8/8/2019,452.54
8/9/2019,452.09
8/12/2019,454.55
8/13/2019,453.47
8/14/2019,456.05
8/15/2019,458.03
8/16/2019,457.23
8/19/2019,455.48
8/20/2019,456.89
8/21/2019,455.85
8/22/2019,454.99
8/23/2019,457.29
8/26/2019,456.84
8/27/2019,458.52
8/28/2019,458.72
8/29/2019,458.06
8/30/2019,458.2
9/3/2019,458.8
9/4/2019,459.35
9/5/2019,456.6
9/6/2019,457.21
9/9/2019,455.11
9/10/2019,452.65
9/11/2019,452.4
9/12/2019,451.52
9/13/2019,448.63
9/16/2019,450.2
9/17/2019,451.02
9/18/2019,451.28
9/19/2019,451.48
9/20/2019,453.21
9/23/2019,453.58
9/24/2019,455.29
9/25/2019,453.13
9/26/2019,453.91
9/27/2019,454.39
9/30/2019,454.81
10/1/2019,455.73
10/2/2019,456.6
10/3/2019,458.3
10/4/2019,458.96
10/7/2019,457.8
10/8/2019,458.43
10/9/2019,457.56
10/10/2019,455.48
10/11/2019,453.59
10/15/2019,452.96
10/16/2019,453.47
10/17/2019,453.21
10/18/2019,453.44
10/21/2019,452.38
10/22/2019,453.07
10/23/2019,453.16
10/24/2019,453.03
10/25/2019,452.28
10/28/2019,451.31
10/29/2019,451.44
10/30/2019,453.07
10/31/2019,455.11
11/1/2019,454.52
11/4/2019,453
11/5/2019,451.45
11/6/2019,452.33
11/7/2019,449.85
11/8/2019,449.39
11/12/2019,450.1
11/13/2019,450.98
11/14/2019,452.42
11/15/2019,452.11
11/18/2019,452.62
11/19/2019,453.3
11/20/2019,454.56
11/21/2019,453.75
11/22/2019,453.73
11/25/2019,454.07
11/26/2019,454.77
11/27/2019,454.07
11/29/2019,454.03
12/2/2019,452.79
12/3/2019,455.5
12/4/2019,454.21
12/5/2019,453.57
12/6/2019,452.69
12/9/2019,453
12/10/2019,452.72
12/11/2019,453.84
12/12/2019,451.61
12/13/2019,453.32
12/16/2019,452.12
12/17/2019,452.11
12/18/2019,451.26
12/19/2019,451.49
12/20/2019,451.54
12/23/2019,451.28
12/24/2019,451.93
12/26/2019,452.14
12/27/2019,452.64
12/30/2019,452.49
12/31/2019,451.62
1/2/2020,452.76
1/3/2020,454.69
1/6/2020,454.21
1/7/2020,453.73
1/8/2020,452.94
1/9/2020,453.17
1/10/2020,454.04
1/13/2020,453.7
1/14/2020,454.37
1/15/2020,455.17
1/16/2020,454.69
1/17/2020,454.03
1/21/2020,455.48
1/22/2020,455.77
1/23/2020,456.59
1/24/2020,457.65
1/27/2020,459.78
1/28/2020,458.74
1/29/2020,460.19
1/30/2020,460.33
1/31/2020,461.89
2/3/2020,461.66
2/4/2020,459.77
2/5/2020,458.41
2/6/2020,458.79
2/7/2020,460.32
2/10/2020,460.95
2/11/2020,460.18
2/12/2020,459.46
2/13/2020,459.81
2/14/2020,460.34
2/18/2020,461.29
2/19/2020,461.21
2/20/2020,462.26
2/21/2020,463.57
2/24/2020,466.13
2/25/2020,467.16
2/26/2020,466.74
2/27/2020,468.5
2/28/2020,472.45
3/2/2020,471.52
3/3/2020,475.23
3/4/2020,474.32
3/5/2020,477.44
3/6/2020,482.67
3/9/2020,486.31
3/10/2020,479.47
3/11/2020,478.05
3/12/2020,476.77
3/13/2020,473.71
3/16/2020,481.1
3/17/2020,473.05
3/18/2020,468.06
3/19/2020,468.7
3/20/2020,477.15
3/23/2020,482.44
3/24/2020,480.73
3/25/2020,480.57
3/26/2020,481.77
3/27/2020,485.1
3/30/2020,484.56
3/31/2020,484.34
4/1/2020,485.89
4/2/2020,486.4
4/3/2020,486.74
4/6/2020,485.67
4/7/2020,484.88
4/8/2020,484.04
4/9/2020,484.66
4/13/2020,483.77
4/14/2020,484.15
4/15/2020,487.36
4/16/2020,488.41
4/17/2020,486.86
4/20/2020,487.91
4/21/2020,489.28
4/22/2020,488
4/23/2020,488.56
4/24/2020,488.8
4/27/2020,486.65
4/28/2020,488.2
4/29/2020,487.82
4/30/2020,486.75
5/1/2020,487.37
5/4/2020,487.16
5/5/2020,486.55
5/6/2020,484.95
5/7/2020,487.28
5/8/2020,485.8
5/11/2020,484.77
5/12/2020,486
5/13/2020,486.8
5/14/2020,487.8
5/15/2020,487.48
5/18/2020,484.91
5/19/2020,485.64
5/20/2020,485.84
5/21/2020,486.15
5/22/2020,486.6
5/26/2020,485.5
5/27/2020,485.37
5/28/2020,485.03
5/29/2020,485.95
6/1/2020,485.41
6/2/2020,484.91
6/3/2020,483.09
6/4/2020,481.5
6/5/2020,480.22
6/8/2020,480.63
6/9/2020,482.11
6/10/2020,484.29
6/11/2020,486.04
6/12/2020,485
6/15/2020,485.05
6/16/2020,483.65
6/17/2020,484.05
6/18/2020,485.12
6/19/2020,485.18
6/22/2020,485.18
6/23/2020,484.63
6/24/2020,485.76
6/25/2020,485.95
6/26/2020,487.19
6/29/2020,487.17
6/30/2020,486.62
7/1/2020,486.2
7/2/2020,486.5
7/6/2020,486
7/7/2020,487.49
7/8/2020,487.02
7/9/2020,488.66
7/10/2020,487.93
7/13/2020,488.41
7/14/2020,488.49
7/15/2020,488.11
7/16/2020,488.64
7/17/2020,488.4
7/20/2020,488.69
7/21/2020,488.9
7/22/2020,489.14
7/23/2020,490.18
7/24/2020,490.16
7/27/2020,489.63
7/28/2020,490.58
7/29/2020,490.67
7/30/2020,491.48
7/31/2020,491.48
8/3/2020,491.1
8/4/2020,492.26
8/5/2020,491.11
8/6/2020,491.66
8/7/2020,490.81
8/10/2020,490.37
8/11/2020,488.88
8/12/2020,487.75
8/13/2020,486.56
8/14/2020,486.38
8/17/2020,486.8
8/18/2020,487.61
8/19/2020,486.96
8/20/2020,487.99
8/21/2020,488.5
8/24/2020,488.15
8/25/2020,487.35
8/26/2020,487.01
8/27/2020,485.25
8/28/2020,485.5
8/31/2020,486.18
9/1/2020,487.49
9/2/2020,488.38
9/3/2020,488.79
9/4/2020,486.38
9/8/2020,487.26
9/9/2020,486.97
9/10/2020,487.52
9/11/2020,487.84
9/14/2020,487.79
9/15/2020,487.57
9/16/2020,487.26
9/17/2020,487.54
9/18/2020,487.1
9/21/2020,487.74
9/22/2020,487.72
9/23/2020,487.86
9/24/2020,488.2
9/25/2020,488.29
9/28/2020,488.1
9/29/2020,488.28
9/30/2020,487.2
10/1/2020,487.42
10/2/2020,486.91
10/5/2020,484.59
10/6/2020,485.27
10/7/2020,484.3
10/8/2020,485.02
10/9/2020,484.78
10/13/2020,486.17
10/14/2020,486.38
10/15/2020,486.16
10/16/2020,485.8
10/19/2020,485.34
10/20/2020,484.38
10/21/2020,483.92
10/22/2020,482.66
10/23/2020,483.27
10/26/2020,484.4
10/27/2020,485.2
10/28/2020,485.31
10/29/2020,484.05
10/30/2020,482.91
11/2/2020,483.63
11/3/2020,482.94
11/4/2020,485.65
11/5/2020,485.83
11/6/2020,484.35
11/9/2020,481.73
11/10/2020,480.94
11/12/2020,483.39
11/13/2020,483.1
11/16/2020,482.89
11/17/2020,483.74
11/18/2020,483.91
11/19/2020,484.48
11/20/2020,485.4
11/23/2020,484.87
11/24/2020,483.96
11/25/2020,483.74
11/27/2020,484.78
11/30/2020,484.75
12/1/2020,482.88
12/2/2020,482.07
12/3/2020,483.1
12/4/2020,481.4
12/7/2020,482.58
12/8/2020,483.05
12/9/2020,482.6
12/10/2020,483.67
12/11/2020,484.25
12/14/2020,484.03
12/15/2020,483.65
12/16/2020,483.36
12/17/2020,483.01
12/18/2020,482.7
12/21/2020,483.12
12/22/2020,483.73
12/23/2020,482.98
12/24/2020,483.42
12/28/2020,483.48
12/29/2020,483.39
12/30/2020,483.62
12/31/2020,483.85
1/4/2021,483.9
1/5/2021,483.01
1/6/2021,480.61
1/7/2021,479.51
1/8/2021,478.88
1/11/2021,478.55
1/12/2021,478.49
1/13/2021,479.7
1/14/2021,478.81
1/15/2021,479.43
1/19/2021,479.87
1/20/2021,479.96
1/21/2021,479.35
1/22/2021,479.68
1/25/2021,481.05
1/26/2021,480.9
1/27/2021,481.25
1/28/2021,480.53
1/29/2021,479.98
2/1/2021,480.2
2/2/2021,479.41
2/3/2021,478.42
2/4/2021,478.21
2/5/2021,477.34
2/8/2021,477.67
2/9/2021,477.78
2/10/2021,478.6
2/11/2021,478.09
2/12/2021,476.72
2/16/2021,474.75
2/17/2021,475.28
2/18/2021,475.07
2/19/2021,473.61
2/22/2021,472.87
2/23/2021,472.81
2/24/2021,472.06
2/25/2021,468.51
2/26/2021,472.27
3/1/2021,471.27
3/2/2021,471.64
3/3/2021,470.1
3/4/2021,469.03
3/5/2021,468.92
3/8/2021,467.76
3/9/2021,469.24
3/10/2021,469.71
3/11/2021,469.27
3/12/2021,466.83
3/15/2021,467.41
3/16/2021,467.22
3/17/2021,466.78
3/18/2021,465.34
3/19/2021,465.63
3/22/2021,466.79
3/23/2021,468
3/24/2021,468.53
3/25/2021,467.97
3/26/2021,467.25
3/29/2021,466.33
3/30/2021,466.54
3/31/2021,466.01
4/1/2021,467.38
4/2/2021,466.43
4/5/2021,466.76
4/6/2021,467.96
4/7/2021,467.47
4/8/2021,468.44
4/9/2021,467.84
4/12/2021,467.67
4/13/2021,468.7
4/14/2021,468.34
4/15/2021,470.2
4/16/2021,469.33
4/19/2021,469.15
4/20/2021,469.91
4/21/2021,470.08
4/22/2021,470.41
4/23/2021,470.04
4/26/2021,469.84
4/27/2021,468.77
4/28/2021,469.09
4/29/2021,468.73
4/30/2021,469.05
5/3/2021,469.32
5/4/2021,469.91
5/5/2021,470.26
5/6/2021,470.4
5/7/2021,470.27
5/10/2021,469.38
5/11/2021,468.77
5/12/2021,467.33
5/13/2021,467.84
5/14/2021,468.65
5/17/2021,468.39
5/18/2021,468.32
5/19/2021,467.7
5/20/2021,468.83
5/21/2021,468.99
5/24/2021,469.45
5/25/2021,470.65
5/26/2021,470.39
5/27/2021,470.19
5/28/2021,470.01
6/1/2021,469.77
6/2/2021,470.05
6/3/2021,469.34
6/4/2021,471.03
6/7/2021,470.74
6/8/2021,471.57
6/9/2021,472.57
6/10/2021,473.43
6/11/2021,473.01
6/14/2021,472.02
6/15/2021,471.95
6/16/2021,470.63
6/17/2021,472.03
6/18/2021,473.66
6/21/2021,472.24
6/22/2021,472.75
6/23/2021,472.22
6/24/2021,472.29
6/25/2021,471.28
6/28/2021,472.46
6/29/2021,472.66
6/30/2021,473.14
7/1/2021,473.02
7/2/2021,473.85
7/6/2021,475.07
7/7/2021,476.63
7/8/2021,477.42
7/9/2021,475.67
7/12/2021,475.48
7/13/2021,474.33
7/14/2021,475.87
7/15/2021,477.08
7/16/2021,476.86
7/19/2021,479.68
7/20/2021,478.99
7/21/2021,477.28
7/22/2021,478.34
7/23/2021,477.66
7/26/2021,477.39
7/27/2021,478.66
7/28/2021,478.78
7/29/2021,477.96
7/30/2021,478.77
8/2/2021,480.08
8/3/2021,480.18
8/4/2021,480.19
8/5/2021,479.16
8/6/2021,477.07
8/9/2021,476.54
8/10/2021,475.88
8/11/2021,476.03
8/12/2021,475.77
8/13/2021,477.54
8/16/2021,478.13
8/17/2021,478
8/18/2021,478.15
8/19/2021,478.92
8/20/2021,478.77
8/23/2021,478.87
8/24/2021,477.96
8/25/2021,476.85
8/26/2021,477.09
8/27/2021,478.04
8/30/2021,478.65
8/31/2021,478.04
9/1/2021,478.1
9/2/2021,478.54
9/3/2021,477.59
9/7/2021,476.54
9/8/2021,477.28
9/9/2021,478.57
9/10/2021,477.5
9/13/2021,478.18
9/14/2021,479.47
9/15/2021,478.99
9/16/2021,478.17
9/17/2021,477.34
9/20/2021,478.99
9/21/2021,478.86
9/22/2021,479.16
9/23/2021,476.28
9/24/2021,475.13
9/27/2021,474.48
9/28/2021,472.9
9/29/2021,473.32
9/30/2021,473.48
10/1/2021,474.65
10/4/2021,474.33
10/5/2021,473.2
10/6/2021,473.56
10/7/2021,472.23
10/8/2021,471.35
10/12/2021,472.49
10/13/2021,473.25
10/14/2021,473.81
10/15/2021,472.54
10/18/2021,472.5
10/19/2021,471.27
10/20/2021,470.78
10/21/2021,470
10/22/2021,471
10/25/2021,471.23
10/26/2021,471.87
10/27/2021,473.75
10/28/2021,472.98
10/29/2021,473.13
11/1/2021,472.74
11/2/2021,473.62
11/3/2021,472.48
11/4/2021,474.16
11/5/2021,475.94
11/8/2021,475.02
11/9/2021,476.66
11/10/2021,473.53
11/12/2021,472.97
11/15/2021,471.53
11/16/2021,471.32
11/17/2021,472.39
11/18/2021,472.79
11/19/2021,473.71
11/22/2021,471.59
11/23/2021,470.08
11/24/2021,471.43
11/26/2021,475.59
11/29/2021,474.7
11/30/2021,476.35
12/1/2021,476.91
12/2/2021,476.34
12/3/2021,478.03
12/6/2021,476.25
12/7/2021,474.93
12/8/2021,473.35
12/9/2021,473.99
12/10/2021,473.95
12/13/2021,475.7
12/14/2021,475.18
12/15/2021,474.3
12/16/2021,474.98
12/17/2021,475.96
12/20/2021,475.54
12/21/2021,474.53
12/22/2021,474.98
12/23/2021,473.9
12/27/2021,474.08
12/28/2021,473.83
12/29/2021,472.45
12/30/2021,473.54
12/31/2021,473.6
1/3/2022,470.35
1/4/2022,470.07
1/5/2022,468.85
1/6/2022,468.41
1/7/2022,467.45
1/10/2022,467.42
1/11/2022,468.19
1/12/2022,467.94
1/13/2022,469.03
1/14/2022,466.76
1/18/2022,464.4
1/19/2022,465.35
1/20/2022,466.01
1/21/2022,467.69
1/24/2022,467.21
1/25/2022,466.78
1/26/2022,464.56
1/27/2022,466.11
1/28/2022,466.51
1/31/2022,466.2
2/1/2022,465.78
2/2/2022,466.41
2/3/2022,465.18
2/4/2022,462.5
2/7/2022,462.7
2/8/2022,461.55
2/9/2022,461.71
2/10/2022,458.13
2/11/2022,461.18
2/14/2022,459.01
2/15/2022,457.97
2/16/2022,458.95
2/17/2022,460.29
2/18/2022,461.43
2/22/2022,461.4
2/23/2022,459.62
2/24/2022,460.19
2/25/2022,460.06
2/28/2022,463.42
3/1/2022,466.21
3/2/2022,460.9
3/3/2022,462.22
3/4/2022,464.87
3/7/2022,463.6
3/8/2022,461.55
3/9/2022,459.94
3/10/2022,458.26
3/11/2022,458.26
3/14/2022,454.61
3/15/2022,454.47
3/16/2022,454.59
3/17/2022,453.73
3/18/2022,454.8
3/21/2022,450.84
3/22/2022,449.22
3/23/2022,451.69
3/24/2022,450.39
3/25/2022,447.44
3/28/2022,448.08
3/29/2022,449.32
3/30/2022,450.44
3/31/2022,450.7
4/1/2022,449.59
4/4/2022,449.37
4/5/2022,446.01
4/6/2022,445.27
4/7/2022,444.75
4/8/2022,443.1
4/11/2022,441.78
4/12/2022,442.97
4/13/2022,443.4
4/14/2022,440.61
4/18/2022,440.09
4/19/2022,438.25
4/20/2022,440.43
4/21/2022,438.88
4/22/2022,438.59
4/25/2022,440.22
4/26/2022,442.1
4/27/2022,440.63
4/28/2022,440.27
4/29/2022,438.46
5/2/2022,436.53
5/3/2022,436.92
5/4/2022,438.56
5/5/2022,435.59
5/6/2022,433.96
5/9/2022,436
5/10/2022,436.75
5/11/2022,438.44
5/12/2022,439.05
5/13/2022,437.46
5/16/2022,438.14
5/17/2022,435.94
5/18/2022,438.08
5/19/2022,438.91
5/20/2022,440.26
5/23/2022,438.45
5/24/2022,441.24
5/25/2022,441.87
5/26/2022,441.59
5/27/2022,441.71
5/31/2022,439.24
6/1/2022,437.94
6/2/2022,438.15
6/3/2022,437.69
6/6/2022,435.44
6/7/2022,436.53
6/8/2022,435.47
6/9/2022,435.35
6/10/2022,432.76
6/13/2022,427.78
6/14/2022,425.76
6/15/2022,429.23
6/16/2022,430.66
6/17/2022,430.73
6/21/2022,429.16
6/22/2022,432.77
6/23/2022,434.19
6/24/2022,432.87
6/27/2022,431.59
6/28/2022,431.94
6/29/2022,434.03
6/30/2022,435.75
7/1/2022,438.25
7/5/2022,439.45
7/6/2022,436.8
7/7/2022,435.32
7/8/2022,433.69
7/11/2022,435.8
7/12/2022,436.49
7/13/2022,437.21
7/14/2022,435.93
7/15/2022,436.83
7/18/2022,435.83
7/19/2022,434.68
7/20/2022,434.75
7/21/2022,437.75
7/22/2022,440.73
7/25/2022,439.53
7/26/2022,439.55
7/27/2022,439.84
7/28/2022,441.97
7/29/2022,441.87
8/1/2022,443.98
8/2/2022,440.17
8/3/2022,441.64
8/4/2022,442.54
8/5/2022,438.37
8/8/2022,440.11
8/9/2022,439.31
8/10/2022,439.21
8/11/2022,437
8/12/2022,438.05
8/15/2022,438.68
8/16/2022,438.6
8/17/2022,436.82
8/18/2022,437.37
8/19/2022,435.44
8/22/2022,434.42
8/23/2022,433.95
8/24/2022,432.86
8/25/2022,434.47
8/26/2022,434.66
8/29/2022,433.37
8/30/2022,433.48
8/31/2022,432.31
9/1/2022,430.13
9/2/2022,431.66
9/6/2022,428.62
9/7/2022,430.56
9/8/2022,429.34
9/9/2022,429.14
9/12/2022,428.51
9/13/2022,427.21
9/14/2022,427.09
9/15/2022,426.34
9/16/2022,426.19
9/19/2022,425.74
9/20/2022,424.45
9/21/2022,425.55
9/22/2022,421.98
9/23/2022,421.92
9/26/2022,418.56
9/27/2022,416.39
9/28/2022,421.58
9/29/2022,420.46
9/30/2022,419.32
10/3/2022,421.94
10/4/2022,422.19
10/5/2022,420.43
10/6/2022,419.19
10/7/2022,417.81
10/11/2022,416.94
10/12/2022,417.84
10/13/2022,416.01
10/14/2022,415.01
10/17/2022,415.14
10/18/2022,415.78
10/19/2022,413.2
10/20/2022,411.28
10/21/2022,411.23
10/24/2022,410.77
10/25/2022,413.66
10/26/2022,415.11
10/27/2022,416.87
10/28/2022,415.52
10/31/2022,414.34
11/1/2022,414.7
11/2/2022,414.18
11/3/2022,412.96
11/4/2022,412.25
11/7/2022,411.21
11/8/2022,412.73
11/9/2022,413.56